{
  "proxies": {
    "shieldOverActionController": {
      "copyOwnerAnims": false,
      "breakType": "COMBATANT",
      "action": [
            {
                "name": "guarding",
                "changeConnected": "PROXY_OWNER",
                "type": "SET_ATTRIB_BOOL",
                "value": false
            },
            {
              "entity": {
                "player": true
              },
              "action": [
                {
                    "withElse": false,
                    "type": "IF",
                    "condition": "entity.attrib.karmaScaleActive",
                    "thenStep":
                    [
                            {
                               "name": "release",
                               "type": "SET_ATTRIB_BOOL",
                               "value": true
                            },
                
                            {
                                "value": "MASSIVE",
                                "type": "SET_HIT_STABLE"
                            },
                            {
                                "align": "BOTTOM",
                                "radius": 200,
                                "yScale": 0,
                                "zHeight": 0,
                                "centralAngle": 1,
                                "duration": 0.1,
                                "expandRadius": 0,
                                "alwaysFull": true,
                                "clockwise": false,
                                "flipLeftFace": 0,
                                "rectangular": false,
                                "repeat": false,
                                "uniformHitDir": false,
                                "fixPos": false,
                                "checkCollision": false,
                                "type": "CIRCLE_ATTACK",
                                "attack":
                                {
                                    "type": "MASSIVE",
                                    "visualType": "LIGHT",
                                    "element": "WAVE",
                                    "damageFactor": 0.5,
                                    "fly": "LIGHT",
                                    "reverse": false,
                                    "stunSteps":
                                    [
                                        {
                                            "type": "BLOCK_XY"
                                        },
                                        {
                                            "type": "START_LOCK"
                                        }
                                    ],
                                    "guardable": "",
                                    "skillBonus": "MELEE_DMG",
                                    "limiter": ""
                                },
                                "offset":
                                {
                                    "x": 0,
                                    "y": 0,
                                    "z": 0
                                }
                            },
                            {
                                "type": "CLEAR_EFFECTS"
                            },
                            {
                                "duration": -1,
                                "align": "BOTTOM",
                                "rotateFace": 8,
                                "flipLeftFace": false,
                                "wait": false,
                                "waitSkip": 0,
                                "actionDetached": false,
                                "fixPos": false,
                                "type": "SHOW_EFFECT",
                                "effect":
                                {
                                    "sheet": "specials.wave",
                                    "name": "healGuardAura3Suck"
                                },
                                "offset":
                                {
                                    "x": 0,
                                    "y": 0,
                                    "z": 8
                                }
                            },
                            {
                                "strength": "NO_ESCAPE",
                                "pull": true,
                                "radius": 200,
                                "fadeRadius": 0,
                                "minRadius": 16,
                                "zHeight": 32,
                                "duration": -1,
                                "align": "BOTTOM",
                                "type": "PUSH_PULL_FORCE"
                            },
                            {
                                "strength": "DASH_ESCAPE",
                                "pull": true,
                                "radius": 400,
                                "fadeRadius": 0,
                                "minRadius": 16,
                                "zHeight": 32,
                                "duration": -1,
                                "align": "BOTTOM",
                                "type": "PUSH_PULL_FORCE"
                            },
                            {
                                "offsetX": 0,
                                "offsetY": 0,
                                "speed": "SLOWER",
                                "transition": "EASE_IN_OUT",
                                "wait": false,
                                "waitSkip": 0,
                                "zoom": 2,
                                "focusType": "SELF",
                                "type": "FOCUS_CAMERA"
                            },
                            {
                                "face": "SOUTH",
                                "rotate": false,
                                "rotateSpeed": 3,
                                "type": "SET_FACE"
                            },
                            {
                                "wait": false,
                                "viaWalkConfig": false,
                                "type": "SHOW_ANIMATION",
                                "anim": "specialPre"
                            },
                            {
                                "guardTrap": "INCREASE",
                                "time": 1,
                                "type": "WAIT"
                            },
                            {
                                "type": "STOP_REPEATING_FORCE"
                            },
                            {
                                "strength": "DASH_ESCAPE",
                                "pull": true,
                                "radius": 200,
                                "fadeRadius": 0,
                                "minRadius": 16,
                                "zHeight": 32,
                                "duration": -1,
                                "align": "BOTTOM",
                                "type": "PUSH_PULL_FORCE"
                            },
                            {
                                "followUp": "specialLoop",
                                "wait": false,
                                "viaWalkConfig": false,
                                "type": "SHOW_ANIMATION",
                                "anim": "special"
                            },
                            {
                                "zoom": 1,
                                "duration": 2,
                                "transition": "EASE_IN_OUT",
                                "type": "SET_CAMERA_ZOOM"
                            },
                            {
                                "zoomType": "LIGHT",
                                "fadeIn": 0.1,
                                "duration": -1,
                                "fadeOut": 0.1,
                                "name": "blur",
                                "type": "SET_ZOOM_BLUR"
                            },
                            {
                                "type": "CLEAR_EFFECTS"
                            },
                            {
                                "duration": -1,
                                "align": "BOTTOM",
                                "rotateFace": 8,
                                "flipLeftFace": false,
                                "wait": false,
                                "waitSkip": 0,
                                "actionDetached": false,
                                "group": "boom",
                                "fixPos": false,
                                "type": "SHOW_EFFECT",
                                "effect":
                                {
                                    "sheet": "specials.wave",
                                    "name": "waveBlockBoom"
                                },
                                "offset":
                                {
                                    "x": 0,
                                    "y": 0,
                                    "z": 8
                                }
                            },
                            {
                                "align": "BOTTOM",
                                "radius": 80,
                                "yScale": 0,
                                "zHeight": 0,
                                "centralAngle": 1,
                                "duration": 0.1,
                                "expandRadius": 0,
                                "alwaysFull": true,
                                "clockwise": false,
                                "flipLeftFace": 0,
                                "rectangular": false,
                                "repeat": true,
                                "uniformHitDir": false,
                                "fixPos": false,
                                "checkCollision": false,
                                "type": "CIRCLE_ATTACK",
                                "attack":
                                {
                                    "type": "MASSIVE",
                                    "visualType": "LIGHT",
                                    "element": "WAVE",
                                    "damageFactor": 1,
                                    "fly": "LIGHT",
                                    "reverse": false,
                                    "stunSteps":
                                    [
                                        {
                                            "type": "BLOCK_XY"
                                        },
                                        {
                                            "type": "START_LOCK"
                                        }
                                    ],
                                    "guardable": "",
                                    "skillBonus": "MELEE_DMG",
                                    "limiter": ""
                                },
                                "offset":
                                {
                                    "x": 0,
                                    "y": 0,
                                    "z": 0
                                }
                            },
                            {
                                "guardTrap": "INCREASE",
                                "time": 0.5,
                                "type": "WAIT"
                            },
                            {
                                "name": "explode",
                                "type": "LABEL"
                            },
                            {
                                "guardTrap": "INCREASE",
                                "time": 0.25,
                                "type": "WAIT"
                            },
                            {
                                "withElse": false,
                                "type": "IF",
                                "condition": "entity.attrib.collected > 0",
                                "thenStep":
                                [
                                    {
                                        "changeType": "sub",
                                        "attribName": "collected",
                                        "type": "SET_ATTRIB_NUMBER",
                                        "value": 0.5
                                    },
                                    {
                                        "name": "explode",
                                        "type": "GOTO_LABEL"
                                    }
                                ]
                            },
                            {
                                "type": "STOP_REPEATING_FORCE"
                            },
                            {
                                "offsetX": 0,
                                "offsetY": 0,
                                "speed": "FASTEST",
                                "transition": "EASE_OUT",
                                "wait": false,
                                "waitSkip": 0,
                                "zoom": 2,
                                "focusType": "SELF",
                                "type": "FOCUS_CAMERA"
                            },
                            {
                                "name": "blur",
                                "fadeOut": 0.3,
                                "type": "FADE_OUT_ZOOM_BLUR"
                            },
                            {
                                "type": "CLEAR_EFFECTS"
                            },
                            {
                                "align": "BOTTOM",
                                "radius": 80,
                                "yScale": 0,
                                "zHeight": 0,
                                "centralAngle": 1,
                                "duration": 0.1,
                                "expandRadius": 0,
                                "alwaysFull": true,
                                "clockwise": false,
                                "flipLeftFace": 0,
                                "rectangular": false,
                                "repeat": false,
                                "uniformHitDir": false,
                                "fixPos": false,
                                "checkCollision": false,
                                "type": "CIRCLE_ATTACK",
                                "attack":
                                {
                                    "type": "MASSIVE",
                                    "element": "WAVE",
                                    "damageFactor": 4,
                                    "fly": "MASSIVE++",
                                    "reverse": false,
                                    "stunSteps":
                                    [
                                        {
                                            "type": "END_LOCK"
                                        }
                                    ],
                                    "guardable": "",
                                    "skillBonus": "MELEE_DMG",
                                    "limiter": ""
                                },
                                "offset":
                                {
                                    "x": 0,
                                    "y": 0,
                                    "z": 0
                                }
                            },
                            {
                                "guardTrap": "INCREASE_AND_CLEAR",
                                "time": 0.4,
                                "type": "WAIT"
                            },
                            {
                                "speed": "NORMAL",
                                "transition": "EASE_IN_OUT",
                                "wait": false,
                                "waitSkip": 0,
                                "type": "RESET_CAMERA"
                            },
                            {
                                "name": "derp",
                                "type": "REMOVE_SHIELD"
                            },
                            {
                                "value": "MASSIVE",
                                "type": "SET_HIT_STABLE"
                            },
                            {
                                "value": 0.3,
                                "type": "SET_INVINCIBLE"
                            },
                            {
                                "zoomType": "LIGHT",
                                "fadeIn": 0,
                                "duration": 0.2,
                                "fadeOut": 0.2,
                                "type": "SET_ZOOM_BLUR"
                            },
                            {
                                "duration": 0,
                                "align": "BOTTOM",
                                "rotateFace": 0,
                                "flipLeftFace": false,
                                "wait": false,
                                "waitSkip": 0,
                                "actionDetached": false,
                                "fixPos": false,
                                "type": "SHOW_EFFECT",
                                "effect":
                                {
                                    "sheet": "specials.wave",
                                    "name": "healGuardEffect2"
                                },
                                "offset":
                                {
                                    "x": 0,
                                    "y": 0,
                                    "z": 8
                                }
                            },
                            {
                                "name": "karmaScaleActive",
                                "type": "SET_ATTRIB_BOOL",
                                "value": false
                            },
                            {
                                "time": 0.2,
                                "type": "WAIT"
                            },
                            {
                                "factor": 3,
                                "type": "ABSORB_BLOCKED_DAMAGE"
                            },
                            {
                                "time": 0.4,
                                "type": "WAIT"
                            }
                    ]
                }
              ],
              "repeating": false,
              "wait": true,
              "immediately": true,
              "keepState": false,
              "type": "DO_ACTION"
            },

        {
          "group": "storm",
          "type": "REMOVE_PROXIES"
        },
        {
          "kind": "RANDOM",
          "includeSelf": false,
          "type": "SET_PARTY_TEMP_TARGET",
          "selectKey": "LOWEST_HP"
        },
        {
           "withElse": false,
           "type": "IF",
           "condition": "entity.hasTmpTarget",
           "thenStep":
           [
             {
               "target": "TARGET",
               "group": "vanguardsresolve",
               "type": "REMOVE_PROXIES"
             },
             {
                 "target": "TARGET",
                 "name": "vanguardShield",
                 "type": "REMOVE_SHIELD"
             }
           ]
        },
        {
           "withElse": false,
           "type": "IF",
           "condition": "entity.ownerAttrib.timeSlowReady",
           "thenStep": [
                      {
                            "name": "timeSlowReady",
                            "changeConnected": "PROXY_OWNER",
                            "type": "SET_ATTRIB_BOOL",
                            "value": false
                        },
                        {
                            "name": "protectiveStormEnd",
                            "changeConnected": "PROXY_OWNER",
                            "type": "SET_ATTRIB_BOOL",
                            "value": true
                        },
                        {
                          "kind": "RANDOM",
                          "includeSelf": false,
                          "type": "SET_PARTY_TEMP_TARGET",
                          "selectKey": "LOWEST_HP"
                        },
                       {
                                "sticking": false,
                                "group": "aura",
                                "ignoreSelf": false,
                                "type": "REMOVE_PROXIES"
                            },
                            {
                                "align": "BOTTOM",
                                "type": "SHOOT_PROXY",
                                "proxy": "lightningStop",
                                "offset":
                                {
                                    "x": 0,
                                    "y": 0,
                                    "z": 0
                                }
                            },
                            {
                                "align": "BOTTOM",
                                "type": "SHOOT_PROXY",
                                "proxy": "lightningStopAlly",
                                "offset":
                                {
                                    "x": 0,
                                    "y": 0,
                                    "z": 0
                                }
                            }
            ]
        },
        {
          "time": 0.2,
          "type": "WAIT"
        }
      ],
      "invisible": false,
      "hp": 0,
      "stickToSource": "NONE",
      "stickFaceAlign": false,
      "group": "",
      "startAnim": "",
      "size": {
        "x": 16,
        "y": 16,
        "z": 16
      },
      "config": {
        "collType": "NONE"
      },
      "type": "GENERIC"
    }
  }
}