{
    "id": "lqm-joern-mod",
    "version": "0.5.74",
    "title": {
        "en_US": "Lubkuluk's Playable Classes \\i[class-quadro] \\c[1](WIP)"
    },
    "description": {
        "en_US": "Adds Playable Quadroguards alongside Summoners and Custom PvP content. \\c[1]Is in early access, expect some bugs.\\c[0]"
    },
    "repository": "https://github.com/lubkuluk/lubkuluks-joern-mod",
    "tags": ["player character", "party member", "pvp duel", "combat arts"],
    "authors": ["Lubkuluk", "HeartLychee"],
    "icons": {
        "24": "icon.png"
    },
    "main": "main.js",
    "preload": "preload.js",
    "postload": "postload.js",
    "prestart": "prestart.js",
    "poststart": "poststart.js",
    "dependencies": {
         "extendable-severed-heads": ">=1.1.0",
         "xenons-playable-classes": ">=2.0.0",
         "cc-alybox": ">=1.0.0",
         "post-game": ">=1.4.0",
         "lub-summoner-frame": ">=0.0.2"
    }
}