{
  "level": 6,
  "params": {
    "hp": 450,
    "attack": 35,
    "defense": 33,
    "focus": 28
  },
  "credit": 0,
  "exp": 0,
  "maxSp": 0,
  "enduranceScale": 3.5,
  "itemDrops": [],
  "healDropRate": 0,
  "targetDetect": {
    "detectDistance": 120,
    "loseDistance": 320,
    "notifyNeighbourRadius": 100
  },
  "boss": false,
  "bossOrder": 0,
  "hpBreaks": [],
  "size": {
    "x": 32,
    "y": 32,
    "z": 24
  },
  "padding": {
    "x": 0,
    "y": 0
  },
  "anims": "enemies.buffalo",
  "defaultState": "IDLE",
  "walkConfigs": {
    "normal": {
      "idle": "idle",
      "move": "move",
      "damage": "damage",
      "run": "run"
    },
    "stun": {
      "idle": "stun",
      "damage": "stunDamage"
    }
  },
  "material": "METAL",
  "aiGroup": "buffalo",
  "aiLearnType": "REGULAR",
  "_wm": null,
  "walkAnims": "normal",
  "weight": 300,
  "maxVel": 180,
  "shadow": 40,
  "ballFactor": 0.25,
  "jumpingEnabled": true,
  "hitStable": "MEDIUM",
  "annotate": {
    "active": "NONE",
    "passive": "NONE",
    "weapon": "MELEE",
    "extra": [
      "ATTACK_BACK",
      "BE_PASSIVE_IF_TARGETED"
    ],
    "element": "ANY"
  },
  "DOCTYPE": "ENEMY",
  "trackers": {
    "stunRegen": {
      "target": 4,
      "initRandom": 0,
      "resetRandom": 0,
      "noStateReset": false,
      "noAssist": false,
      "type": "TIME"
    }
  },
  "states": {
    "IDLE": {
      "choices": [
        {
          "req": [
            {
              "type": "ENTERED_STATE"
            }
          ],
          "action": "Init"
        },
        {
          "postSwitchState": "DEFAULT",
          "req": [
            {
              "group": "trueCombatGroup",
              "type": "HAS_PROXY"
            }
          ]
        },
        {
          "action": "TryToKeepUp",
          "req": [
            {
              "distance": 120,
              "entity": {
                "player": true
              },
              "negated": false,
              "type": "ENTITY_DISTANCE_OVER"
            }
          ]
        },
        {
          "action": "FollowMe",
          "req": [
            {
              "distance": 60,
              "entity": {
                "player": true
              },
              "negated": false,
              "type": "ENTITY_DISTANCE_OVER"
            },
            {
              "distance": 120,
              "entity": {
                "player": true
              },
              "negated": false,
              "type": "!ENTITY_DISTANCE_OVER"
            }
          ]
        },
        {
          "action": "Idle",
          "req": [
            {
              "distance": 60,
              "entity": {
                "player": true
              },
              "negated": false,
              "type": "!ENTITY_DISTANCE_OVER"
            }
          ]
        }
      ],
      "enabledReactions": [
        "MOUNT_REACT"
      ]
    },
    "DEFAULT": {
      "choices": [
        {
          "req": [
            {
              "type": "ENTERED_STATE"
            }
          ],
          "action": "Init"
        },
        {
          "postSwitchState": "IDLE",
          "req": [
            {
              "group": "falseCombatGroup",
              "type": "HAS_PROXY"
            }
          ]
        },
        {
          "req": [
            {
              "type": "!TARGET_REACHABLE",
              "distance": 150
            }
          ],
          "action": "AdjustFar"
        },
        {
          "action": "Dash",
          "frequency": "NORMAL"
        },
        {
          "action": "Stomp",
          "frequency": "OFTEN"
        },
        {
          "action": "BattleIdle"
        }
      ],
      "enabledReactions": [
        "MOUNT_REACT"
      ]
    },
    "STUN": {
      "walkAnims": "stun",
      "weight": 800,
      "damageFactor": 1.25,
      "hitStable": "NONE",
      "annotate": {
        "active": "NONE",
        "passive": "WEAK",
        "weapon": "MELEE",
        "element": "ANY",
        "extra": [
          "ATTACK_BACK"
        ]
      },
      "choices": [
        {
          "req": [
            {
              "negated": false,
              "type": "TRACKER_READY",
              "name": "stunRegen"
            }
          ],
          "action": "StunEnd",
          "preSwitchState": "DEFAULT",
          "ignoreStun": true
        },
        {
          "action": "StunWait"
        }
      ]
    },
    "PASSIVE_INVIS": {
      "weight": -1,
      "hitIgnore": true,
      "aggression": "PEACEFUL",
      "annotate": {
        "active": "NONE",
        "passive": "IMMUNE",
        "weapon": "ANY",
        "element": "ANY",
        "extra": []
      },
      "choices": [
        {
          "req": [
            {
              "negated": false,
              "type": "ENTERED_STATE"
            }
          ],
          "action": "Init"
        }
      ]
    }
  },
  "proxies": {
  	"capChecker": {
      "copyOwnerAnims": false,
      "breakType": "COMBATANT",
      "action": [
                {
          "target": "SELF",
          "align": "BOTTOM",
          "duration": -1,
          "type": "STICK_TO_TARGET",
          "offset": {
            "x": 0,
            "y": 0,
            "z": 0
          }
        },
         {
                "name": "loop",
                "type": "LABEL"
              },
        {
          "conditions":
                        [
                            {
                              "count": 3,
                              "negated": false,
                              "sameType": true,
                              "type": "ENEMY_COUNT"
                            }
                        ],
          "type": "WAIT_UNTIL_COMBAT_TRUE"
        },
        {
            "group": "noCapGroup",
            "type": "REMOVE_PROXIES"
          },
       {
                "align": "BOTTOM",
                "type": "SHOOT_PROXY",
                "proxy": "capIsReached",
                "offset": {
                  "x": 0,
                  "y": 0,
                  "z": 12
                }
              },
        {
          "conditions":
                        [
                            {
                              "count": 3,
                              "negated": false,
                              "sameType": true,
                              "type": "!ENEMY_COUNT"
                            }
                        ],
          "type": "WAIT_UNTIL_COMBAT_TRUE"
        },
        {
            "group": "yesCapGroup",
            "type": "REMOVE_PROXIES"
          },
       {
                "align": "BOTTOM",
                "type": "SHOOT_PROXY",
                "proxy": "capIsNotReached",
                "offset": {
                  "x": 0,
                  "y": 0,
                  "z": 12
                }
              },
         {
                "name": "loop",
                "type": "GOTO_LABEL"
              }
      ],
      "invisible": false,
      "hp": 0,
      "stickToSource": "OWNER",
      "stickFaceAlign": false,
      "group": "capGroup",
      "size": {
        "x": 12,
        "y": 12,
        "z": 24
      },
      "config": {
        "collType": "NONE"
      },
      "type": "GENERIC"
    },
    "capIsReached": {
      "copyOwnerAnims": false,
      "breakType": "COMBATANT",
      "action": [
                {
          "target": "SELF",
          "align": "BOTTOM",
          "duration": -1,
          "type": "STICK_TO_TARGET",
          "offset": {
            "x": 0,
            "y": 0,
            "z": 0
          }
        },
                {
                    "time": -1,
                    "type": "WAIT"
                }
      ],
      "invisible": false,
      "hp": 0,
      "stickToSource": "OWNER",
      "stickFaceAlign": false,
      "group": "yesCapGroup",
      "size": {
        "x": 12,
        "y": 12,
        "z": 24
      },
      "config": {
        "collType": "NONE"
      },
      "type": "GENERIC"
    },
    "capIsNotReached": {
      "copyOwnerAnims": false,
      "breakType": "COMBATANT",
      "action": [
                {
          "target": "SELF",
          "align": "BOTTOM",
          "duration": -1,
          "type": "STICK_TO_TARGET",
          "offset": {
            "x": 0,
            "y": 0,
            "z": 0
          }
        },
                {
                    "time": -1,
                    "type": "WAIT"
                }
      ],
      "invisible": false,
      "hp": 0,
      "stickToSource": "OWNER",
      "stickFaceAlign": false,
      "group": "noCapGroup",
      "size": {
        "x": 12,
        "y": 12,
        "z": 24
      },
      "config": {
        "collType": "NONE"
      },
      "type": "GENERIC"
    },
    "collabChecker": {
      "copyOwnerAnims": false,
      "breakType": "COMBATANT",
      "action": [
        {
            "poiFilter": {
              "group": "collabGroup",
              "type": "PROXY"
            },
            "distance": 2000,
            "type": "SET_POI_TEMP_TARGET"
          },
          {
            "withElse": false,
            "type": "IF",
            "condition": "!entity.hasTmpTarget",
            "thenStep": [
              {
                    "name": "instance1",
                    "type": "GOTO_LABEL"
                  }
            ]
          },
        {
                "name": "loop",
                "type": "LABEL"
              },
        {
            "name": "loopStart",
            "type": "LABEL"
          },
          {
            "poiFilter": {
              "group": "collabGroup",
              "type": "PROXY"
            },
            "distance": 2000,
            "type": "SET_POI_TEMP_TARGET"
          },
          {
            "time": 0.2,
            "type": "WAIT"
          },
          {
            "withElse": false,
            "type": "IF",
            "condition": "!entity.hasTmpTarget",
            "thenStep": [
              {
                "name": "loopStart",
                "type": "GOTO_LABEL"
              }
            ]
          },
        {
            "group": "falseCollabGroup",
            "type": "REMOVE_PROXIES"
          },
       {
                "align": "BOTTOM",
                "type": "SHOOT_PROXY",
                "proxy": "collabIsActive",
                "offset": {
                  "x": 0,
                  "y": 0,
                  "z": 12
                }
              },
        {
            "name": "loopStartSecond",
            "type": "LABEL"
          },
          {
            "poiFilter": {
              "group": "collabGroup",
              "type": "PROXY"
            },
            "distance": 2000,
            "type": "SET_POI_TEMP_TARGET"
          },
          {
            "time": 0.2,
            "type": "WAIT"
          },
          {
            "withElse": false,
            "type": "IF",
            "condition": "entity.hasTmpTarget",
            "thenStep": [
              {
                "name": "loopStartSecond",
                "type": "GOTO_LABEL"
              }
            ]
          },
        {
                    "name": "instance1",
                    "type": "LABEL"
        },
        {
            "group": "trueCollabGroup",
            "type": "REMOVE_PROXIES"
          },
        {
                "align": "BOTTOM",
                "type": "SHOOT_PROXY",
                "proxy": "collabIsNotActive",
                "offset": {
                  "x": 0,
                  "y": 0,
                  "z": 12
                }
              },
        {
                "name": "loop",
                "type": "GOTO_LABEL"
              }
      ],
      "invisible": false,
      "hp": 0,
      "stickToSource": "NONE",
      "stickFaceAlign": false,
      "group": "collabGroup",
      "size": {
        "x": 12,
        "y": 12,
        "z": 24
      },
      "config": {
        "collType": "NONE"
      },
      "type": "GENERIC"
    },
    "collabIsActive": {
      "copyOwnerAnims": false,
      "breakType": "COMBATANT",
      "action": [
                {
          "target": "SELF",
          "align": "BOTTOM",
          "duration": -1,
          "type": "STICK_TO_TARGET",
          "offset": {
            "x": 0,
            "y": 0,
            "z": 0
          }
        },
                {
                    "time": -1,
                    "type": "WAIT"
                }
      ],
      "invisible": false,
      "hp": 0,
      "stickToSource": "OWNER",
      "stickFaceAlign": false,
      "group": "trueCollabGroup",
      "size": {
        "x": 12,
        "y": 12,
        "z": 24
      },
      "config": {
        "collType": "NONE"
      },
      "type": "GENERIC"
    },
    "collabIsNotActive": {
      "copyOwnerAnims": false,
      "breakType": "COMBATANT",
      "action": [
                {
          "target": "SELF",
          "align": "BOTTOM",
          "duration": -1,
          "type": "STICK_TO_TARGET",
          "offset": {
            "x": 0,
            "y": 0,
            "z": 0
          }
        },
                {
                    "time": -1,
                    "type": "WAIT"
                }
      ],
      "invisible": false,
      "hp": 0,
      "stickToSource": "OWNER",
      "stickFaceAlign": false,
      "group": "falseCollabGroup",
      "size": {
        "x": 12,
        "y": 12,
        "z": 24
      },
      "config": {
        "collType": "NONE"
      },
      "type": "GENERIC"
    },
  	"combatChecker": {
      "copyOwnerAnims": false,
      "breakType": "NEVER",
      "action": [
        {
          "attribName": "present",
          "changeType": "add",
          "type": "SET_ATTRIB_NUMBER",
          "value": 1
        },
        {
                "withElse": false,
                "type": "IF",
                "condition": "!combat.active",
                "thenStep": [
                  {
                    "name": "instance1",
                    "type": "GOTO_LABEL"
                  }
                ]
              },
        {
                "name": "loop",
                "type": "LABEL"
              },
        {
          "type": "WAIT_UNTIL",
          "condition": "combat.active"
        },
        {
            "group": "falseCombatGroup",
            "type": "REMOVE_PROXIES"
          },
       {
                "align": "BOTTOM",
                "type": "SHOOT_PROXY",
                "proxy": "combatIsActive",
                "offset": {
                  "x": 0,
                  "y": 0,
                  "z": 12
                }
              },
        {
          "type": "WAIT_UNTIL",
          "condition": "!combat.active"
        },
        {
                    "name": "instance1",
                    "type": "LABEL"
        },
        {
            "group": "trueCombatGroup",
            "type": "REMOVE_PROXIES"
          },
        {
                "align": "BOTTOM",
                "type": "SHOOT_PROXY",
                "proxy": "combatIsNotActive",
                "offset": {
                  "x": 0,
                  "y": 0,
                  "z": 12
                }
              },
        {
                "name": "loop",
                "type": "GOTO_LABEL"
              }
      ],
      "invisible": false,
      "hp": 0,
      "stickToSource": "NONE",
      "stickFaceAlign": false,
      "group": "allyWarnerGroup",
      "size": {
        "x": 12,
        "y": 12,
        "z": 24
      },
      "config": {
        "collType": "NONE"
      },
      "type": "GENERIC"
    },
    "combatIsActive": {
      "copyOwnerAnims": false,
      "breakType": "COMBATANT",
      "action": [
                {
          "target": "SELF",
          "align": "BOTTOM",
          "duration": -1,
          "type": "STICK_TO_TARGET",
          "offset": {
            "x": 0,
            "y": 0,
            "z": 0
          }
        },
                {
                    "time": -1,
                    "type": "WAIT"
                }
      ],
      "invisible": false,
      "hp": 0,
      "stickToSource": "OWNER",
      "stickFaceAlign": false,
      "group": "trueCombatGroup",
      "size": {
        "x": 12,
        "y": 12,
        "z": 24
      },
      "config": {
        "collType": "NONE"
      },
      "type": "GENERIC"
    },
    "combatIsNotActive": {
      "copyOwnerAnims": false,
      "breakType": "COMBATANT",
      "action": [
                {
          "target": "SELF",
          "align": "BOTTOM",
          "duration": -1,
          "type": "STICK_TO_TARGET",
          "offset": {
            "x": 0,
            "y": 0,
            "z": 0
          }
        },
                {
                    "time": -1,
                    "type": "WAIT"
                }
      ],
      "invisible": false,
      "hp": 0,
      "stickToSource": "OWNER",
      "stickFaceAlign": false,
      "group": "falseCombatGroup",
      "size": {
        "x": 12,
        "y": 12,
        "z": 24
      },
      "config": {
        "collType": "NONE"
      },
      "type": "GENERIC"
    }
  },
  "actions": {
    "Init": [
      {
        "name": "front",
        "type": "REMOVE_SHIELD"
      },
      {
        "name": "front",
        "shield": {
          "type": "DIRECTIONAL",
          "settings": {
            "baseFactor": 0.05,
            "range": 0.5
          }
        },
        "actionDetached": true,
        "type": "ADD_SHIELD"
      },
      {
          "align": "BOTTOM",
          "type": "SHOOT_PROXY",
          "proxy": "capChecker",
          "offset": {
            "x": 0,
            "y": 0,
            "z": 0
          }
      },
      {
          "align": "BOTTOM",
          "type": "SHOOT_PROXY",
          "proxy": "collabChecker",
          "offset": {
            "x": 0,
            "y": 0,
            "z": 0
          }
      },
      {
          "align": "BOTTOM",
          "type": "SHOOT_PROXY",
          "proxy": "combatChecker",
          "offset": {
            "x": 0,
            "y": 0,
            "z": 0
          }
        }
    ],
    "FollowMe": [
      {
        "type": "SET_RELATIVE_SPEED",
        "value": 0.6

      },
      {
          "value": "VIRTUAL",
          "type": "SET_COLL_TYPE"
      },
      {
        "type": "SET_HIT_STABLE",
        "value": "MEDIUM"
      },
      {
        "distance": 60,
        "entity": {
          "player": true
        },
        "forceTime": false,
        "ignoreBelow": 80,
        "maxTime": 0.5,
        "planOnly": false,
        "precise": true,
        "type": "NAVIGATE_TO_ENTITY"
      }
    ],
    "TryToKeepUp": [
      {
        "type": "SET_RELATIVE_SPEED",
        "value": 1.2

      },
      {
          "value": "VIRTUAL",
          "type": "SET_COLL_TYPE"
      },
      {
        "type": "SET_HIT_STABLE",
        "value": "MEDIUM"
      },
      {
        "distance": 120,
        "entity": {
          "player": true
        },
        "forceTime": false,
        "ignoreBelow": 140,
        "maxTime": 0.5,
        "planOnly": false,
        "precise": true,
        "type": "NAVIGATE_TO_ENTITY"
      }
    ],
    "Idle": [
    	{
          "kind": "PLAYER",
          "type": "SET_TEMP_TARGET"
      },
      {
        "type": "FACE_TO_TARGET",
        "value": true
      },
      {
        "maxTime": 0.3,
        "minTime": 0.1,
        "type": "WAIT_RANDOM"
      }
    ],
    "BecomeMount": [
      {
          "value": "IGNORE",
          "type": "SET_COLL_TYPE"
      },
      {
           "value": -1,
          "type": "SET_WEIGHT"
      },
      {
          "duration": 0,
          "align": "CENTER",
          "rotateFace": 0,
          "flipLeftFace": false,
          "wait": false,
          "waitSkip": 0,
          "actionDetached": false,
          "fixPos": false,
          "type": "SHOW_EFFECT",
          "effect":
          {
              "sheet": "specials.neutral-LSM",
              "name": "disappearInstant"
          },
          "offset":
          {
              "x": 0,
              "y": 0,
              "z": 0
          }
      },
      {
        "hpBar": "HIDDEN",
        "analyzable": false,
        "type": "SET_ENEMY_STATUS_VISIBILITY"
      },
      {
          "minWait": 1,
          "type": "STOP_Z_ZENITH"
      },
      {
          "kind": "PLAYER",
          "type": "SET_TEMP_TARGET"
      },
      {
          "value": -1,
          "type": "SET_INVINCIBLE"
      },
      {
          "target": "TARGET",
          "distance": 0,
          "duration": 0.4,
          "ccw": false,
          "distAdjustSpeed": 2000,
          "waitUntil": "!tmp.mountBovine",
          "waitTargetAlign": false,
          "collision": false,
          "type": "STICKY_CIRCLE_AROUND"
      },
      {
          "duration": 0,
          "align": "CENTER",
          "rotateFace": 0,
          "flipLeftFace": false,
          "wait": false,
          "waitSkip": 0,
          "actionDetached": false,
          "fixPos": false,
          "type": "SHOW_EFFECT",
          "effect":
          {
              "sheet": "specials.neutral-LSM",
              "name": "appearInstant"
          },
          "offset":
          {
              "x": 0,
              "y": 0,
              "z": 0
          }
      },
      {
          "time": 0.5,
          "type": "WAIT"
      }
    ],
    "BattleIdle": [
      {
        "value": true,
        "type": "FACE_TO_TARGET"
      },
      {
        "minTime": 0.2,
        "maxTime": 0.4,
        "type": "WAIT_RANDOM"
      }
    ],
    "MoveToSpawnPoint": [
      {
        "type": "SET_RELATIVE_SPEED",
        "value": 0.5
      },
      {
        "maxTime": 3,
        "maxDistance": 16,
        "precise": false,
        "type": "NAVIGATE_TO_SPAWN_POINT"
      }
    ],
    "MoveRandom": [
      {
        "type": "SET_RELATIVE_SPEED",
        "value": 0.3
      },
      {
        "value": false,
        "type": "SET_JUMPING"
      },
      {
        "minTime": 0.3,
        "maxTime": 0.5,
        "dirChanges": 0,
        "stopBeforeEdge": true,
        "type": "MOVE_RANDOM"
      },
      {
        "minTime": 0.5,
        "maxTime": 0.6,
        "type": "WAIT_RANDOM"
      }
    ],
    "Adjust": [
      {
        "value": 0.5,
        "type": "SET_RELATIVE_SPEED"
      },
      {
        "maxTime": 1,
        "forceTime": false,
        "distance": 60,
        "stayBehind": false,
        "planOnly": false,
        "targetType": "ENEMY",
        "type": "NAVIGATE_TO_TARGET"
      }
    ],
    "AdjustFar": [
      {
        "type": "SET_RELATIVE_SPEED",
        "value": 0.5
      },
      {
        "maxTime": 1,
        "forceTime": false,
        "distance": 120,
        "planOnly": false,
        "targetType": "ENEMY",
        "precise": false,
        "type": "NAVIGATE_TO_TARGET"
      }
    ],
    "Stomp": [
      {
        "active": "PRE_ATTACK",
        "type": "CHANGE_ENEMY_ANNOTATION"
      },
      {
        "value": 1,
        "type": "FACE_TO_TARGET_SPEED"
      },
      {
        "value": true,
        "type": "FACE_TO_TARGET"
      },
      {
        "value": 0.6,
        "type": "SET_RELATIVE_SPEED"
      },
      {
        "value": "HEAVY",
        "type": "SET_HIT_STABLE"
      },
      {
        "duration": 0,
        "align": "BOTTOM",
        "rotateFace": 0,
        "flipLeftFace": false,
        "wait": false,
        "waitSkip": 0,
        "actionDetached": false,
        "fixPos": false,
        "type": "SHOW_EFFECT",
        "effect": {
          "sheet": "enemy",
          "name": "angry2"
        },
        "offset": {
          "x": 0,
          "y": 0,
          "z": 0
        }
      },
      {
        "maxTime": 1,
        "forceTime": true,
        "distance": 30,
        "planOnly": false,
        "targetType": "ENEMY",
        "precise": false,
        "stayBehind": false,
        "type": "NAVIGATE_TO_TARGET"
      },
      {
        "value": false,
        "type": "FACE_TO_TARGET"
      },
      {
        "active": "ATTACK",
        "type": "CHANGE_ENEMY_ANNOTATION"
      },
      {
        "wait": false,
        "viaWalkConfig": false,
        "type": "SHOW_ANIMATION",
        "anim": "stompStart"
      },
      {
        "volume": 1,
        "global": false,
        "loop": false,
        "type": "PLAY_SOUND",
        "sound": "media/sound/battle/enemies/buffalo/buffalo-attack.ogg"
      },
      {
        "time": 0.4,
        "type": "WAIT"
      },
      {
        "wait": false,
        "viaWalkConfig": false,
        "type": "SHOW_ANIMATION",
        "anim": "stompEnd"
      },
      {
        "time": 0.05,
        "type": "WAIT"
      },
      {
        "type": "CLEAR_EFFECTS"
      },
      {
        "volume": 0.9,
        "global": false,
        "loop": false,
        "type": "PLAY_SOUND",
        "sound": "media/sound/battle/thud-5.ogg"
      },
      {
        "rumbleType": "RANDOM",
        "name": "",
        "duration": 0.2,
        "power": "STRONGER",
        "speed": "FASTER",
        "fade": false,
        "type": "RUMBLE_SCREEN"
      },
      {
        "duration": 0,
        "align": "FACE",
        "rotateFace": 0,
        "flipLeftFace": false,
        "wait": false,
        "waitSkip": 0,
        "actionDetached": false,
        "fixPos": false,
        "type": "SHOW_EFFECT",
        "effect": {
          "sheet": "dust",
          "name": "backMedium"
        }
      },
      {
        "align": "FACE",
        "radius": 32,
        "yScale": 0.7,
        "zHeight": 24,
        "centralAngle": 0,
        "duration": 0,
        "expandRadius": 0,
        "alwaysFull": false,
        "clockwise": false,
        "flipLeftFace": 0,
        "rectangular": false,
        "repeat": false,
        "uniformHitDir": false,
        "fixPos": false,
        "checkCollision": false,
        "type": "CIRCLE_ATTACK",
        "attack": {
          "type": "HEAVY",
          "element": "NEUTRAL",
          "damageFactor": 1,
          "fly": "MASSIVE",
          "spFactor": 0,
          "guardable": ""
        },
        "offset": {
          "x": 0,
          "y": 0,
          "z": 0
        }
      },
      {
        "active": "POST_ATTACK",
        "type": "CHANGE_ENEMY_ANNOTATION"
      },
      {
        "time": 0.4,
        "type": "WAIT"
      },
      {
        "type": "CLEAR_ANIMATION"
      },
      {
        "type": "WAIT",
        "time": 2
      }
    ],
    "Dash": [
      {
        "active": "PRE_ATTACK",
        "type": "CHANGE_ENEMY_ANNOTATION"
      },
      {
        "value": 2,
        "type": "FACE_TO_TARGET_SPEED"
      },
      {
        "value": true,
        "type": "FACE_TO_TARGET"
      },
      {
        "value": "HEAVY",
        "type": "SET_HIT_STABLE"
      },
      {
        "duration": 0,
        "align": "BOTTOM",
        "rotateFace": 0,
        "flipLeftFace": false,
        "wait": false,
        "waitSkip": 0,
        "actionDetached": false,
        "fixPos": false,
        "type": "SHOW_EFFECT",
        "effect": {
          "sheet": "enemy",
          "name": "angry2"
        },
        "offset": {
          "x": 0,
          "y": 0,
          "z": 0
        }
      },
      {
        "wait": false,
        "viaWalkConfig": false,
        "type": "SHOW_ANIMATION",
        "anim": "charge"
      },
      {
        "volume": 1,
        "global": false,
        "loop": false,
        "type": "PLAY_SOUND",
        "sound": "media/sound/battle/enemies/buffalo/buffalo-gasp.ogg"
      },
      {
        "time": 1.2,
        "type": "WAIT"
      },
      {
        "volume": 1,
        "global": false,
        "loop": false,
        "type": "PLAY_SOUND",
        "sound": "media/sound/battle/enemies/buffalo/buffalo-attack.ogg"
      },
      {
        "value": 1,
        "type": "SET_RELATIVE_SPEED"
      },
      {
        "value": 300,
        "type": "SET_SPEED"
      },
      {
        "type": "CLEAR_ANIMATION"
      },
      {
        "type": "CLEAR_EFFECTS"
      },
      {
        "duration": 1.5,
        "align": "BOTTOM",
        "rotateFace": 0,
        "flipLeftFace": false,
        "wait": false,
        "waitSkip": 0,
        "actionDetached": false,
        "fixPos": false,
        "type": "SHOW_EFFECT",
        "effect": {
          "sheet": "dust",
          "name": "line"
        }
      },
      {
        "value": false,
        "type": "FACE_TO_TARGET"
      },
      {
        "value": "IGNORE",
        "type": "SET_COLL_TYPE"
      },
      {
        "type": "ENABLE_REACTION",
        "reaction": "WALL_HIT"
      },
      {
        "volume": 1,
        "global": false,
        "loop": true,
        "type": "PLAY_SOUND",
        "sound": "media/sound/battle/enemies/buffalo/buffalo-run.ogg"
      },
      {
        "active": "ATTACK",
        "type": "CHANGE_ENEMY_ANNOTATION"
      },
      {
        "time": 1.4,
        "missReactTime": 0.4,
        "cancelOnHit": true,
        "orthoDirFactor": 0,
        "ignoreLastHit": false,
        "collideSlip": false,
        "type": "TACKLE",
        "attack": {
          "type": "MASSIVE",
          "element": "NEUTRAL",
          "damageFactor": 1.5,
          "fly": "MASSIVE"
        }
      },
      {
        "active": "POST_ATTACK",
        "type": "CHANGE_ENEMY_ANNOTATION"
      },
      {
        "type": "DISABLE_REACTION",
        "reaction": "WALL_HIT"
      },
      {
        "time": 0.5,
        "type": "WAIT"
      },
      {
        "type": "STOP_SOUNDS"
      },
      {
        "volume": 1,
        "global": false,
        "loop": false,
        "type": "PLAY_SOUND",
        "sound": "media/sound/battle/enemies/buffalo/buffalo-miss.ogg"
      },
      {
        "time": 1.5,
        "type": "WAIT"
      }
    ],
    "StunWait": [
      {
        "time": 0.1,
        "type": "WAIT"
      }
    ],
    "StunStart": [
      {
        "duration": 0,
        "align": "BOTTOM",
        "rotateFace": 0,
        "flipLeftFace": false,
        "wait": false,
        "waitSkip": 0,
        "actionDetached": false,
        "type": "SHOW_EFFECT",
        "effect": {
          "sheet": "combat",
          "name": "flashShort"
        }
      },
      {
        "volume": 0.9,
        "global": false,
        "loop": false,
        "type": "PLAY_SOUND",
        "sound": "media/sound/battle/thud-4.ogg"
      },
      {
        "rumbleType": "RANDOM",
        "name": "",
        "duration": 0.4,
        "power": "STRONGER",
        "speed": "FASTER",
        "fade": false,
        "type": "RUMBLE_SCREEN"
      },
      {
        "flyLevel": "MASSIVE",
        "breaking": false,
        "stable": false,
        "wait": true,
        "type": "DO_DAMAGE_MOVEMENT"
      },
      {
        "wait": true,
        "viaWalkConfig": false,
        "type": "SHOW_ANIMATION",
        "anim": "stunStart"
      }
    ],
    "StunEnd": [
      {
        "volume": 1,
        "global": false,
        "loop": false,
        "type": "PLAY_SOUND",
        "sound": "media/sound/battle/enemies/buffalo/buffalo-gasp.ogg"
      },
      {
        "jumpHeight": "M",
        "wait": true,
        "ignoreSounds": true,
        "type": "JUMP"
      }
    ]
  },
  "reactions": {
    "WALL_HIT": {
      "postSwitchState": "STUN",
      "action": "StunStart",
      "angle": 0.125,
      "type": "MOVEMENT_BLOCK"
    },
    "MOUNT_REACT": {
      "action": "BecomeMount",
      "checkCollision": false,
      "conditions": [
          {
            "condition": "tmp.mountBovine",
            "negated": false,
            "type": "VAR_CONDITION"
          }
      ],
      "ignoreParty": false,
      "ignoreReplaceTargets": false,
      "maxDistance": 2000,
      "minDistance": 0,
      "preciseFace": false,
      "type": "TARGET_DISTANCE"
    }
  },
  "meta": {
    "species": {
      "en_US": "Buff Mammal",
      "de_DE": "Kräftiges Säugetier<<C<<Geprüft: Minsu",
      "zh_CN": "强壮哺乳动物<<A<<[CHANGED 2018/07/09]",
      "zh_TW": "強壯哺乳動物<<A<<[CHANGED 2018/07/09]",
      "ja_JP": "強化された哺乳類<<A<<[CHANGED 2018/07/09]",
      "ko_KR": "버프 포유류<<A<<[CHANGED 2018/07/09]",
      "langUid": 1
    },
    "category": "ANIMALS",
    "descriptions": [
      {
        "condition": "",
        "text": {
          "en_US": "This tanky buffalo creature looks like a mean meany but is actually a soft and fluffy fella. As long as you don't get on its wrong side. If you do you better get ready to feel the full wrath of its stomp and charge attacks. Its head is coated in a metal-like layer of skin that it uses to shield against attacks.\nYour only way out is to let it charge against a wall which will stun it for a short while, leaving it open for attacks from behind.",
          "de_DE": "Dieser bullige Büffel sieht wie ein richtiger Fiesling aus, ist aber in Wirklichkeit ein ganz sanftmütiges und flauschiges Kerlchen. Solange du ihn nicht verärgerst! Wenn du es doch tust, bereitest du dich besser auf Stampf- und Sturmattacken vor. Sein Kopf ist mit einer metallähnlichen Hautschicht überzogen, die ihn vor Angriffen schützt.\nLass ihn gegen eine Wand rennen, das lähmt ihn für kurze Zeit und ermöglicht es dir, ihn von hinten anzugreifen.<<C<<Geprüft: Minsu",
          "zh_CN": "这头大块头水牛看上去十分凶狠，但实际上温柔善良 - 只要你不跟它作对就没事。但你如果惹到它了，那你最好准备应对它的践踏攻击和冲锋。它的头部覆盖着金属般的皮肤可以抵御攻击。\n你唯一的机会是让它冲锋撞上墙壁，它会短暂的眩晕，这时你可以从后方对它进行攻击。<<A<<[CHANGED 2018/09/19]",
          "zh_TW": "這頭大塊頭水牛看上去十分兇狠，但實際上溫柔善良 - 只要你不跟它作對就沒事。但你如果惹到它了，那你最好準備應對它的踐踏攻擊和衝鋒。它的頭部覆蓋著金屬般的皮膚可以抵禦攻擊。\r\n你唯一的機會是讓它衝鋒撞上牆壁，它會短暫的眩暈，這時你可以從後方對它進行攻擊。<<A<<[CHANGED 2018/09/19]",
          "ja_JP": "このウシ系モンスターは見た目こそ恐ろしいが、実際にはおとなしく、ただのフワフワのモンスターだ...機嫌を損ねなければの話ではあるが。怒らせてしまったら、怒りにまかせた踏みつけや突進による攻撃に備えよう。頭部は金属のような皮質に覆われており、攻撃に対する盾のような役割を果たしている。\nうまく誘導して壁に突進させることにより、短い間だけ動けなくなるので、そのタイミングを狙って背後から攻撃しよう。<<A<<[CHANGED 2018/09/19]",
          "ko_KR": "탱크처럼 돌진하는 이 들소는 아주 비열해 보이지만, 사실은 부드럽고 폭신폭신한 친구입니다. 잘못된 쪽에 서 있지만 않는다면 말이죠. 혹시라도 잘못 서 있게 된다면, 발을 구르며 돌진하는 공격에 담긴 분노를 느낄 준비하세요. 이 들소의 머리는 금속 같은 피부층으로 덮여 있어 공격을 막는 방패로 사용합니다.\n이 녀석을 상대할 수 있는 유일한 방법은 벽에 돌진하게 나둬 잠시 기절하게 한 뒤, 뒤에서 공격할 시간을 버는 것뿐입니다.<<A<<[CHANGED 2018/09/19]",
          "langUid": 3
        }
      }
    ]
  }
}