{
  "level": 99,
  "params": {
    "hp": 1,
    "attack": 1,
    "defense": 1,
    "focus": 1,
    "elemFactor": [
      1.25,
      0.25,
      0.9,
      0.9
    ],
    "statusInflict": [
      0.75,
      0.75,
      0.75,
      0.75
    ],
    "statusEffect": [
      1.5,
      0.25,
      1,
      1
    ]
  },
  "credit": 50,
  "exp": 0,
  "maxSp": 8,
  "enduranceScale": 5,
  "healDropRate": 0,
  "boss": false,
  "bossOrder": 0,
  "padding": {
    "x": 2,
    "y": 2
  },
  "material": "ORGANIC",
  "aiGroup": "guard",
  "aiLearnType": "REGULAR",
  "itemDrops": [],
  "targetDetect": {
    "detectDistance": 120,
    "loseDistance": 3200,
    "notifyNeighbourRadius": 100
  },
  "hpBreaks": [],
  "size": {
    "x": 16,
    "y": 16,
    "z": 36
  },
  "anims": "allies.guard-cold",
  "defaultState": "IDLE",
  "walkConfigs": {
    "normal": {
      "idle": "idle",
      "move": "walk",
      "run": "run",
      "damage": "damage",
      "jump": "jump",
      "fall": "fall"
    },
    "weak": {
      "idle": "damage",
      "damage": "damage"
    }
  },
  "_wm": null,
  "walkAnims": "normal",
  "weight": -1,
  "groundConnect": "FIXED",
  "ballFactor": 0.8,
  "maxVel": 180,
  "jumpingEnabled": true,
  "shadow": 16,
  "hitStable": "MASSIVE",
  "stunEscapeTime": 1.5,
  "annotate": {
    "active": "NONE",
    "passive": "NONE",
    "weapon": "ANY",
    "element": "ANY",
    "extra": []
  },
  "DOCTYPE": "ENEMY",
  "trackers": {
  },
  "states": {
    "IDLE": {
      "enabledReactions": [
        "KILL_HIT"
      ],
      "choices": [
      	{
          "action": "Init",
          "req": [
            {
              "sticking": true,
              "type": "!HAS_PROXY"
            }
          ]
        },
        {
          "action": "shootCombatChecker",
          "req": [
            {
              "group": "allyWarnerGroup",
              "type": "!HAS_PROXY"
            }
          ]
        },
        {
          "postSwitchState": "DEFAULT",
          "req": [
            {
              "group": "trueCombatGroup",
              "type": "HAS_PROXY"
            }
          ]
        },
        {
          "action": "Idle"
        }
      ]
    },
    "DEFAULT": {
      "enabledReactions": [
        "KILL_HIT"
      ],
      "choices": [
        {
          "action": "Init",
          "req": [
            {
              "group": "allyWarnerGroup",
              "type": "!HAS_PROXY"
            }
          ]
        },
        {
          "preSwitchState": "IDLE",
          "action": "FollowMe",
          "req": [
            {
              "group": "falseCombatGroup",
              "type": "HAS_PROXY"
            }
          ]
        },
        {
          "action": "shootCombatChecker",
          "req": [
            {
              "group": "allyWarnerGroup",
              "type": "!HAS_PROXY"
            }
          ]
        },
        {
          "frequency": "SPAMM",
          "req": [
            {
              "min": 0,
              "max": 150,
              "negated": false,
              "type": "TARGET_DISTANCE"
            }
          ],
          "action": "Attack_Stab"
        },
        {
          "action": "BattleIdle"
        }
      ]
    },
    "WEAK": {
      "walkAnims": "weak",
      "damageFactor": 1.25,
      "stunEscapeTime": 2.5,
      "annotate": {
        "active": "NONE",
        "passive": "WEAK",
        "weapon": "ANY",
        "element": "ANY",
        "extra": []
      },
      "choices": [
        {
          "req": [
            {
              "negated": false,
              "type": "TRACKER_READY",
              "name": "weakRegen"
            }
          ],
          "preSwitchState": "DEFAULT"
        }
      ]
    },
    "PASSIVE_INVIS": {
      "weight": -1,
      "hitIgnore": true,
      "aggression": "PEACEFUL",
      "annotate": {
        "active": "NONE",
        "passive": "IMMUNE",
        "weapon": "ANY",
        "element": "ANY",
        "extra": []
      },
      "choices": []
    }
  },
  "proxies": {
  	"enemyStatsAttack": {
      "copyOwnerAnims": false,
      "breakType": "COMBATANT",
      "action": [
        {
            "attribName": "playerAttackValue",
            "changeType": "set",
            "type": "SET_ATTRIB_NUMBER",
            "value":
            {
                "varName": "player.param.attack"
            }
        },
        {
            "attribName": "playerAttackValue",
            "changeType": "mul",
            "type": "SET_ATTRIB_NUMBER",
            "value": 0.8
        },
        {
          "target": "PROXY_OWNER",
          "name": "ownerStatsAttack",
          "param": "attack",
          "changeType": "set",
          "value": {
                         "varName": "entity.attrib.playerAttackValue"
                       },
          "type": "MOD_ACTION_BUFF_PARAM"
        },
        {
                    "time": -1,
                    "type": "WAIT"
                }
      ],
      "invisible": false,
      "hp": 0,
      "stickToSource": "OWNER",
      "stickFaceAlign": false,
      "group": "statsGroup",
      "size": {
        "x": 12,
        "y": 12,
        "z": 24
      },
      "config": {
        "collType": "NONE"
      },
      "type": "GENERIC"
    },
    "enemyStatsDefense": {
      "copyOwnerAnims": false,
      "breakType": "COMBATANT",
      "action": [
        {
            "attribName": "playerDefenseValue",
            "changeType": "set",
            "type": "SET_ATTRIB_NUMBER",
            "value":
            {
                "varName": "player.param.defense"
            }
        },
        {
            "attribName": "playerDefenseValue",
            "changeType": "mul",
            "type": "SET_ATTRIB_NUMBER",
            "value": 0.75
        },
        {
          "target": "PROXY_OWNER",
          "name": "ownerStatsDefense",
          "param": "defense",
          "changeType": "set",
          "value": {
                         "varName": "entity.attrib.playerDefenseValue"
                       },
          "type": "MOD_ACTION_BUFF_PARAM"
        },
        {
                    "time": -1,
                    "type": "WAIT"
                }
      ],
      "invisible": false,
      "hp": 0,
      "stickToSource": "OWNER",
      "stickFaceAlign": false,
      "group": "statsGroup",
      "size": {
        "x": 12,
        "y": 12,
        "z": 24
      },
      "config": {
        "collType": "NONE"
      },
      "type": "GENERIC"
    },
    "enemyStatsFocus": {
      "copyOwnerAnims": false,
      "breakType": "COMBATANT",
      "action": [
        {
            "attribName": "playerFocusValue",
            "changeType": "set",
            "type": "SET_ATTRIB_NUMBER",
            "value":
            {
                "varName": "player.param.focus"
            }
        },
        {
            "attribName": "playerFocusValue",
            "changeType": "mul",
            "type": "SET_ATTRIB_NUMBER",
            "value": 0.2
        },
        {
          "target": "PROXY_OWNER",
          "name": "ownerStatsFocus",
          "param": "focus",
          "changeType": "set",
          "value": {
                         "varName": "entity.attrib.playerFocusValue"
                       },
          "type": "MOD_ACTION_BUFF_PARAM"
        },
        {
                    "time": -1,
                    "type": "WAIT"
                }
      ],
      "invisible": false,
      "hp": 0,
      "stickToSource": "OWNER",
      "stickFaceAlign": false,
      "group": "statsGroup",
      "size": {
        "x": 12,
        "y": 12,
        "z": 24
      },
      "config": {
        "collType": "NONE"
      },
      "type": "GENERIC"
    },
    "enemyStatsHp": {
      "copyOwnerAnims": false,
      "breakType": "COMBATANT",
      "action": [
        {
            "attribName": "playerHpValue",
            "changeType": "set",
            "type": "SET_ATTRIB_NUMBER",
            "value":
            {
                "varName": "player.param.hp"
            }
        },
        {
            "attribName": "playerHpValue",
            "changeType": "mul",
            "type": "SET_ATTRIB_NUMBER",
            "value": 0.65
        },
        {
          "target": "PROXY_OWNER",
          "name": "ownerStatsHp",
          "param": "hp",
          "changeType": "set",
          "value": {
                         "varName": "entity.attrib.playerHpValue"
                       },
          "type": "MOD_ACTION_BUFF_PARAM"
        },
        {
                    "time": -1,
                    "type": "WAIT"
                }
      ],
      "invisible": false,
      "hp": 0,
      "stickToSource": "OWNER",
      "stickFaceAlign": false,
      "group": "statsGroup",
      "size": {
        "x": 12,
        "y": 12,
        "z": 24
      },
      "config": {
        "collType": "NONE"
      },
      "type": "GENERIC"
    },
    "enemyStatsShooter": {
      "copyOwnerAnims": false,
      "breakType": "NEVER",
      "action": [
        {
          "align": "BOTTOM",
          "type": "SHOOT_PROXY",
          "proxy": "enemyStatsAttack",
          "offset": {
            "x": 0,
            "y": 0,
            "z": 12
          }
        },
        {
          "align": "BOTTOM",
          "type": "SHOOT_PROXY",
          "proxy": "enemyStatsDefense",
          "offset": {
            "x": 0,
            "y": 0,
            "z": 12
          }
        },
        {
          "align": "BOTTOM",
          "type": "SHOOT_PROXY",
          "proxy": "enemyStatsFocus",
          "offset": {
            "x": 0,
            "y": 0,
            "z": 12
          }
        },
        {
          "align": "BOTTOM",
          "type": "SHOOT_PROXY",
          "proxy": "enemyStatsHp",
          "offset": {
            "x": 0,
            "y": 0,
            "z": 12
          }
        },
        {
                    "time": 0.2,
                    "type": "WAIT"
                }
      ],
      "invisible": false,
      "hp": 0,
      "stickToSource": "OWNER",
      "stickFaceAlign": false,
      "group": "",
      "size": {
        "x": 12,
        "y": 12,
        "z": 24
      },
      "config": {
        "collType": "NONE"
      },
      "type": "GENERIC"
    },
    "placeholderStickingProxy": {
      "action": [
        {
          "name": "thisDoesNothing",
          "type": "LABEL"
        },
        {
          "time": 0.3,
          "type": "WAIT"
        },
        {
          "name": "thisDoesNothing",
          "type": "GOTO_LABEL"
        }
      ],
      "breakType": "COMBATANT",
      "config": {
        "collType": "NONE"
      },
      "copyOwnerAnims": false,
      "group": "staticsFurGroup",
      "hp": 0,
      "invisible": false,
      "label": "",
      "size": {
        "x": 24,
        "y": 24,
        "z": 32
      },
      "startAnim": "",
      "stickFaceAlign": false,
      "stickToSource": "OWNER",
      "type": "GENERIC"
    },
    "elementCheck": {
      "copyOwnerAnims": false,
      "breakType": "NEVER",
      "action": [
        {
          "target": "PROXY_OWNER",
          "name": "ownerStatsHp",
          "type": "ADD_ACTION_BUFF",
          "stats": [
            "HACK"
          ]
        },
        {
          "target": "PROXY_OWNER",
          "name": "ownerStatsFocus",
          "type": "ADD_ACTION_BUFF",
          "stats": [
            "HACK"
          ]
        },
        {
          "target": "PROXY_OWNER",
          "name": "ownerStatsDefense",
          "type": "ADD_ACTION_BUFF",
          "stats": [
            "HACK"
          ]
        },
        {
          "target": "PROXY_OWNER",
          "name": "ownerStatsAttack",
          "type": "ADD_ACTION_BUFF",
          "stats": [
            "HACK"
          ]
        },
        {
          "name": "repeat",
          "type": "LABEL"
        },
        {
          "group": "statsGroup",
          "type": "REMOVE_PROXIES"
        },
        {
          "align": "BOTTOM",
          "type": "SHOOT_PROXY",
          "proxy": "enemyStatsShooter",
          "offset": {
            "x": 0,
            "y": 0,
            "z": 12
          }
        },
        {
            "attribName": "playerLastElement",
            "changeType": "set",
            "type": "SET_ATTRIB_NUMBER",
            "value":
            {
                "varName": "player.element"
            }
        },
        {
          "type": "WAIT_UNTIL",
          "condition": "player.element != entity.attrib.playerLastElement"
        },
        {
          "time": 0.2,
          "type": "WAIT"
        },
        {
          "name": "repeat",
          "type": "GOTO_LABEL"
        }
      ],
      "invisible": false,
      "hp": 0,
      "stickToSource": "OWNER",
      "stickFaceAlign": false,
      "group": "",
      "size": {
        "x": 12,
        "y": 12,
        "z": 24
      },
      "config": {
        "collType": "NONE"
      },
      "type": "GENERIC"
    },
    "combatChecker": {
      "copyOwnerAnims": false,
      "breakType": "COMBATANT",
      "action": [
        {
          "attribName": "present",
          "changeType": "add",
          "type": "SET_ATTRIB_NUMBER",
          "value": 1
        },
        {
                "withElse": false,
                "type": "IF",
                "condition": "!combat.active",
                "thenStep": [
                  {
                    "name": "instance1",
                    "type": "GOTO_LABEL"
                  }
                ]
              },
        {
                "name": "loop",
                "type": "LABEL"
              },
        {
          "type": "WAIT_UNTIL",
          "condition": "combat.active"
        },
        {
            "group": "falseCombatGroup",
            "type": "REMOVE_PROXIES"
          },
       {
                "align": "BOTTOM",
                "type": "SHOOT_PROXY",
                "proxy": "combatIsActive",
                "offset": {
                  "x": 0,
                  "y": 0,
                  "z": 12
                }
              },
        {
          "type": "WAIT_UNTIL",
          "condition": "!combat.active"
        },
        {
                    "name": "instance1",
                    "type": "LABEL"
        },
        {
            "group": "trueCombatGroup",
            "type": "REMOVE_PROXIES"
          },
        {
                "align": "BOTTOM",
                "type": "SHOOT_PROXY",
                "proxy": "combatIsNotActive",
                "offset": {
                  "x": 0,
                  "y": 0,
                  "z": 12
                }
              },
        {
                "name": "loop",
                "type": "GOTO_LABEL"
              }
      ],
      "invisible": false,
      "hp": 0,
      "stickToSource": "NONE",
      "stickFaceAlign": false,
      "group": "allyWarnerGroup",
      "size": {
        "x": 12,
        "y": 12,
        "z": 24
      },
      "config": {
        "collType": "NONE"
      },
      "type": "GENERIC"
    },
    "combatIsActive": {
      "copyOwnerAnims": false,
      "breakType": "COMBATANT",
      "action": [
                {
          "target": "SELF",
          "align": "BOTTOM",
          "duration": -1,
          "type": "STICK_TO_TARGET",
          "offset": {
            "x": 0,
            "y": 0,
            "z": 0
          }
        },
                {
                    "time": -1,
                    "type": "WAIT"
                }
      ],
      "invisible": false,
      "hp": 0,
      "stickToSource": "OWNER",
      "stickFaceAlign": false,
      "group": "trueCombatGroup",
      "size": {
        "x": 12,
        "y": 12,
        "z": 24
      },
      "config": {
        "collType": "NONE"
      },
      "type": "GENERIC"
    },
    "combatIsNotActive": {
      "copyOwnerAnims": false,
      "breakType": "COMBATANT",
      "action": [
                {
          "target": "SELF",
          "align": "BOTTOM",
          "duration": -1,
          "type": "STICK_TO_TARGET",
          "offset": {
            "x": 0,
            "y": 0,
            "z": 0
          }
        },
                {
                    "time": -1,
                    "type": "WAIT"
                }
      ],
      "invisible": false,
      "hp": 0,
      "stickToSource": "OWNER",
      "stickFaceAlign": false,
      "group": "falseCombatGroup",
      "size": {
        "x": 12,
        "y": 12,
        "z": 24
      },
      "config": {
        "collType": "NONE"
      },
      "type": "GENERIC"
    },
    "stabHitbox": {
      "copyOwnerAnims": false,
      "breakType": "COMBATANT",
      "action": [
        {
          "type": "DETACH_TIME_PARENT"
        },
        {
          "value": 3500,
          "type": "SET_SPEED"
        },
        {
          "time": 0.0325,
          "collideCancel": 1,
          "type": "MOVE_FORWARD"
        },
        {
          "kind": "PROXY_OWNER",
          "type": "SET_TEMP_TARGET"
        },
        {
          "type": "CLEAR_EFFECTS"
        },
        {
          "value": 0.0001,
          "type": "SET_BOUNCINESS"
        },
        {
          "value": false,
          "immediately": true,
          "type": "FACE_TO_TARGET"
        },
        {
          "align": "BOTTOM",
          "radius": 18,
          "yScale": 0,
          "zHeight": 36,
          "centralAngle": 1,
          "duration": 1,
          "expandRadius": 0,
          "alwaysFull": true,
          "clockwise": false,
          "flipLeftFace": 0,
          "rectangular": false,
          "repeat": false,
          "uniformHitDir": false,
          "fixPos": false,
          "checkCollision": false,
          "type": "CIRCLE_ATTACK",
          "attack": {
            "type": "MASSIVE",
            "element": "COLD",
            "damageFactor": 4.5,
            "status": 1.2,
            "reverse": true,
            "fly": "MEDIUM",
            "spFactor": 0,
            "guardable": "",
            "skillBonus": "MELEE_DMG",
            "hints": [
              "NO_PUZZLE"
            ]
          },
          "offset": {
            "x": 0,
            "y": 0,
            "z": 0
          }
        },
        {
          "value": 6000,
          "type": "SET_SPEED"
        },
        {
          "min": 0,
          "max": 12,
          "maxTime": 1,
          "forceTime": false,
          "rotateSpeed": 0,
          "stopBeforeEdge": false,
          "type": "MOVE_TO_DISTANCE"
        },
        {
          "type": "STOP_XY"
        },
        {
          "time": 0.1,
          "type": "WAIT"
        }
      ],
      "invisible": false,
      "hp": 0,
      "stickToSource": "NONE",
      "stickFaceAlign": false,
      "group": "",
      "size": {
        "x": 0,
        "y": 0,
        "z": 0
      },
      "config": {
        "collType": "IGNORE",
        "airFriction": 1,
        "maxVel": 3500,
        "zGravityFactor": 0,
        "bounciness": 0.0001
      },
      "type": "GENERIC"
    }
  },
  "actions": {
    "Init": [
      {
        "value": 0.2,
        "type": "SET_INVINCIBLE"
      },
  		{
        "group": "staticsFurGroup",
        "target": "SELF",
        "ignoreSelf": false,
        "sticking": true,
        "type": "REMOVE_PROXIES"
      },
      {
        "align": "BOTTOM",
        "offset": {
          "x": 0,
          "y": 0,
          "z": 0
        },
        "proxy": "placeholderStickingProxy",
        "type": "SHOOT_PROXY"
      },
      {
          "align": "BOTTOM",
          "type": "SHOOT_PROXY",
          "proxy": "elementCheck",
          "offset": {
            "x": 0,
            "y": 0,
            "z": 0
          }
      },
      {
          "align": "BOTTOM",
          "type": "SHOOT_PROXY",
          "proxy": "modifierCheckShooter",
          "offset": {
            "x": 0,
            "y": 0,
            "z": 0
          }
      }
    ],
    "Boom": [
      {
        "changeType": "sub",
        "type": "CHANGE_VAR_NUMBER",
        "varName": "tmp.coldSoldierAlive",
        "value": 1
      }
    ],
    "shootCombatChecker": [
  		{
          "align": "BOTTOM",
          "type": "SHOOT_PROXY",
          "proxy": "combatChecker",
          "offset": {
            "x": 0,
            "y": 0,
            "z": 0
          }
        }
    ],
    "Idle": [
      {
        "value": true,
        "type": "FACE_TO_TARGET"
      },
      {
        "minTime": 0.1,
        "maxTime": 0.3,
        "type": "WAIT_RANDOM"
      }
    ],
    "BattleIdle": [
      {
        "value": true,
        "type": "FACE_TO_TARGET"
      },
      {
        "minTime": 0.2,
        "maxTime": 0.4,
        "type": "WAIT_RANDOM"
      }
    ],
    "MoveToSpawnPoint": [
      {
        "value": 0.5,
        "type": "SET_RELATIVE_SPEED"
      },
      {
        "maxTime": 3,
        "maxDistance": 16,
        "precise": false,
        "type": "NAVIGATE_TO_SPAWN_POINT"
      }
    ],
    "MoveRandom": [
      {
        "value": 0.3,
        "type": "SET_RELATIVE_SPEED"
      },
      {
        "value": false,
        "type": "SET_JUMPING"
      },
      {
        "minTime": 0.3,
        "maxTime": 0.5,
        "dirChanges": 0,
        "stopBeforeEdge": true,
        "type": "MOVE_RANDOM"
      },
      {
        "minTime": 0.5,
        "maxTime": 0.6,
        "type": "WAIT_RANDOM"
      }
    ],
    "Adjust": [
      {
        "changeType": "set",
        "type": "CHANGE_VAR_BOOL",
        "varName": "tmp.battle-guardActive",
        "value": true
      },
      {
        "value": 1,
        "type": "SET_RELATIVE_SPEED"
      },
      {
        "maxTime": 1,
        "forceTime": false,
        "distance": 150,
        "planOnly": false,
        "targetType": "ENEMY",
        "precise": false,
        "stayBehind": false,
        "type": "NAVIGATE_TO_TARGET"
      }
    ],
    "GetClose": [
      {
        "changeType": "set",
        "type": "CHANGE_VAR_BOOL",
        "varName": "tmp.battle-guardActive",
        "value": true
      },
      {
        "value": 0.7,
        "type": "SET_RELATIVE_SPEED"
      },
      {
        "value": "MEDIUM",
        "type": "SET_HIT_STABLE"
      },
      {
        "maxTime": 0.5,
        "forceTime": false,
        "distance": 80,
        "planOnly": false,
        "targetType": "ENEMY",
        "precise": false,
        "stayBehind": false,
        "type": "NAVIGATE_TO_TARGET"
      }
    ],
    "Attack_Stab": [
    	{
          "type": "ENABLE_REACTION",
          "reaction": "CALM_DOWN"
        },
    	{
          "name": "reCheck",
          "type": "LABEL"
        },
        {
            "withElse": false,
            "type": "COMBAT_IF",
            "conditions": [
            	{
                  "min": 0,
                  "max": 150,
                  "type": "!TARGET_DISTANCE"
                }
            ],
            "thenStep": [
            	{
                   "type": "SET_ENEMY_STATE",
                   "state": "IDLE"
                 },
            	{
                    "type": "CLEAR_TEMP_TARGET"
                },
                {
                    "type": "CLEAR_TARGET"
                },
            	{
                  "searchType": "CLOSE_RANGE",
                  "ignoreCurrentTarget": false,
                  "prevHitBehavior": "NONE",
                  "type": "SET_CLOSE_TEMP_TARGET"
                },
                {
                  "time": 0.2,
                  "type": "WAIT"
                },
                {
                  "name": "reCheck",
                  "type": "GOTO_LABEL"
                }
            ]
        },
        {
          "value": true,
          "immediately": true,
          "type": "FACE_TO_TARGET"
        },
        {
          "value": "MEDIUM",
          "type": "SET_HIT_STABLE"
        },
        {
          "duration": -1,
          "align": "BOTTOM",
          "rotateFace": 0,
          "flipLeftFace": false,
          "wait": false,
          "waitSkip": 0,
          "actionDetached": false,
          "fixPos": false,
          "type": "SHOW_EFFECT",
          "effect": {
            "sheet": "charge",
            "name": "light"
          },
          "offset": {
            "x": 0,
            "y": 0,
            "z": 0
          }
        },
        {
          "wait": false,
          "viaWalkConfig": false,
          "type": "SHOW_ANIMATION",
          "anim": "preAttack"
        },
        {
          "time": 0.25,
          "type": "WAIT"
        },
        {
          "volume": 0.8,
          "global": false,
          "loop": false,
          "type": "PLAY_SOUND",
          "sound": "media/sound/battle/dash-2.ogg"
        },
        {
          "type": "CLEAR_EFFECTS"
        },
        {
          "value": "HEAVY",
          "type": "SET_HIT_STABLE"
        },
        {
          "value": false,
          "type": "FACE_TO_TARGET"
        },
        {
          "wait": false,
          "viaWalkConfig": false,
          "type": "SHOW_ANIMATION",
          "anim": "attack"
        },
        {
          "duration": -1,
          "align": "BOTTOM",
          "rotateFace": 0,
          "flipLeftFace": false,
          "wait": false,
          "waitSkip": 0,
          "actionDetached": false,
          "fixPos": false,
          "type": "SHOW_EFFECT",
          "effect": {
            "sheet": "dust",
            "name": "line"
          }
        },
        {
          "duration": 0,
          "align": "FACE",
          "flipLeftFace": true,
          "wait": false,
          "rotateFace": -1,
          "waitSkip": 0,
          "actionDetached": true,
          "fixPos": true,
          "type": "SHOW_EFFECT",
          "effect": {
            "sheet": "specials.cold-LSM",
            "name": "coldSoldierStab"
          },
          "offset": {
            "x": 0,
            "y": 0,
            "z": 12
          }
        },
        {
            "align": "BOTTOM",
            "centralAngle": 0,
            "startAngle": 0,
            "angleVary": 0,
            "startDist": 64,
            "startDistCollide": "NONE",
            "random": false,
            "count": 1,
            "duration": 0,
            "clockwise": false,
            "flipLeftFace": 0,
            "circularArea": false,
            "uniformDir": 0,
            "delay": 0,
            "repeat": false,
            "type": "SHOOT_PROXY_RANGE",
            "proxy": "stabHitbox",
            "offset": {
              "z": 0
            }
        },
        {
          "type": "CLEAR_EFFECTS"
        },
        {
          "wait": false,
          "viaWalkConfig": false,
          "type": "SHOW_ANIMATION",
          "anim": "postAttack"
        },
        {
          "time": 0.3,
          "type": "WAIT"
        },
        {
        "type": "COMBAT_IF",
        "conditions":
          [
              {
                  "negated": false,
                  "type": "!TARGET_ALIVE"
              }
          ],
          "withElse": false,
          "thenStep": [
             {
               "type": "SET_ENEMY_STATE",
               "state": "IDLE"
             },
             {
               "actionName": "Idle",
               "type": "DO_ENEMY_ACTION"
             }
          ]
      }
    ],
    "Attack_Stab_Triple": [
      {
        "changeType": "set",
        "type": "CHANGE_VAR_BOOL",
        "varName": "tmp.battle-guardActive",
        "value": true
      },
      {
        "active": "PRE_ATTACK",
        "type": "CHANGE_ENEMY_ANNOTATION"
      },
      {
        "value": true,
        "immediately": true,
        "type": "FACE_TO_TARGET"
      },
      {
        "value": 1,
        "type": "SET_RELATIVE_SPEED"
      },
      {
        "value": "HEAVY",
        "type": "SET_HIT_STABLE"
      },
      {
        "type": "DISABLE_REACTION",
        "reaction": "DODGE_COUNTER_MELEE"
      },
      {
        "type": "DISABLE_REACTION",
        "reaction": "DODGE_DISTANCE"
      },
      {
        "text": {
          "en_US": "\"En garde!\"",
          "de_DE": "\"En garde!\"<<C<<Geprüft: Minsu",
          "fr_FR": "fr_FR",
          "zh_CN": "“看招！”",
          "langUid": 11,
          "ja_JP": "「構えろ！」",
          "ko_KR": "\"준비!\"",
          "zh_TW": "“看招！”"
        },
        "mode": "NO_LINE",
        "color": "RED",
        "actionDetached": false,
        "hideOutsideOfScreen": false,
        "time": 1.5,
        "type": "SHOW_AR_MSG"
      },
      {
        "duration": -1,
        "align": "BOTTOM",
        "rotateFace": 0,
        "flipLeftFace": false,
        "wait": false,
        "waitSkip": 0,
        "actionDetached": false,
        "fixPos": false,
        "type": "SHOW_EFFECT",
        "effect": {
          "sheet": "charge",
          "name": "light"
        },
        "offset": {
          "x": 0,
          "y": 0,
          "z": 0
        }
      },
      {
        "wait": false,
        "viaWalkConfig": false,
        "type": "SHOW_ANIMATION",
        "anim": "preAttack"
      },
      {
        "time": 0.4,
        "type": "WAIT"
      },
      {
        "type": "CLEAR_EFFECTS"
      },
      {
        "type": "CLEAR_ANIMATION"
      },
      {
        "maxTime": 1,
        "forceTime": false,
        "distance": 44,
        "planOnly": false,
        "targetType": "ENEMY",
        "precise": false,
        "stayBehind": false,
        "type": "NAVIGATE_TO_TARGET"
      },
      {
        "duration": -1,
        "align": "BOTTOM",
        "rotateFace": 0,
        "flipLeftFace": false,
        "wait": false,
        "waitSkip": 0,
        "actionDetached": false,
        "fixPos": false,
        "type": "SHOW_EFFECT",
        "effect": {
          "sheet": "charge",
          "name": "light"
        },
        "offset": {
          "x": 0,
          "y": 0,
          "z": 0
        }
      },
      {
        "value": 1.5,
        "type": "FACE_TO_TARGET_SPEED"
      },
      {
        "minTime": 0,
        "maxTime": 0.05,
        "type": "WAIT_RANDOM"
      },
      {
        "wait": false,
        "viaWalkConfig": false,
        "type": "SHOW_ANIMATION",
        "anim": "preAttack"
      },
      {
        "time": 0.25,
        "type": "WAIT"
      },
      {
        "type": "CLEAR_EFFECTS"
      },
      {
        "type": "ENABLE_REACTION",
        "reaction": "GUARD_COUNTER"
      },
      {
        "active": "ATTACK",
        "type": "CHANGE_ENEMY_ANNOTATION"
      },
      {
        "value": "HEAVY",
        "type": "SET_HIT_STABLE"
      },
      {
        "wait": false,
        "viaWalkConfig": false,
        "type": "SHOW_ANIMATION",
        "anim": "attack"
      },
      {
        "volume": 0.8,
        "global": false,
        "loop": false,
        "type": "PLAY_SOUND",
        "sound": "media/sound/battle/dash-2.ogg"
      },
      {
        "duration": -1,
        "align": "BOTTOM",
        "rotateFace": 0,
        "flipLeftFace": false,
        "wait": false,
        "waitSkip": 0,
        "actionDetached": false,
        "fixPos": false,
        "type": "SHOW_EFFECT",
        "effect": {
          "sheet": "dust",
          "name": "line"
        }
      },
      {
        "align": "FACE",
        "radius": 16,
        "yScale": 0,
        "zHeight": 24,
        "centralAngle": 1,
        "duration": 0.1,
        "expandRadius": 0,
        "alwaysFull": true,
        "clockwise": false,
        "flipLeftFace": 6,
        "rectangular": false,
        "repeat": false,
        "uniformHitDir": true,
        "fixPos": false,
        "checkCollision": false,
        "type": "CIRCLE_ATTACK",
        "attack": {
          "type": "HEAVY",
          "element": "NEUTRAL",
          "damageFactor": 0.8,
          "fly": "HEAVY",
          "reverse": false,
          "guardable": "",
          "skillBonus": ""
        },
        "offset": {
          "x": 0,
          "y": 0,
          "z": 0
        }
      },
      {
        "value": 250,
        "type": "SET_SPEED"
      },
      {
        "time": 0.1,
        "stopBeforeEdge": true,
        "type": "MOVE_FORWARD"
      },
      {
        "value": true,
        "type": "FACE_TO_TARGET"
      },
      {
        "wait": false,
        "viaWalkConfig": false,
        "type": "SHOW_ANIMATION",
        "anim": "postAttack"
      },
      {
        "type": "CLEAR_EFFECTS"
      },
      {
        "minTime": 0.1,
        "maxTime": 0.15,
        "type": "WAIT_RANDOM"
      },
      {
        "wait": false,
        "viaWalkConfig": false,
        "type": "SHOW_ANIMATION",
        "anim": "preAttack"
      },
      {
        "time": 0.15,
        "type": "WAIT"
      },
      {
        "value": false,
        "type": "FACE_TO_TARGET"
      },
      {
        "active": "ATTACK",
        "type": "CHANGE_ENEMY_ANNOTATION"
      },
      {
        "wait": false,
        "viaWalkConfig": false,
        "type": "SHOW_ANIMATION",
        "anim": "attack"
      },
      {
        "volume": 0.8,
        "global": false,
        "loop": false,
        "type": "PLAY_SOUND",
        "sound": "media/sound/battle/dash-2.ogg"
      },
      {
        "duration": -1,
        "align": "BOTTOM",
        "rotateFace": 0,
        "flipLeftFace": false,
        "wait": false,
        "waitSkip": 0,
        "actionDetached": false,
        "fixPos": false,
        "type": "SHOW_EFFECT",
        "effect": {
          "sheet": "dust",
          "name": "line"
        }
      },
      {
        "align": "FACE",
        "radius": 16,
        "yScale": 0,
        "zHeight": 24,
        "centralAngle": 1,
        "duration": 0.1,
        "expandRadius": 0,
        "alwaysFull": true,
        "clockwise": false,
        "flipLeftFace": 6,
        "rectangular": false,
        "repeat": false,
        "uniformHitDir": true,
        "fixPos": false,
        "checkCollision": false,
        "type": "CIRCLE_ATTACK",
        "attack": {
          "type": "HEAVY",
          "element": "NEUTRAL",
          "damageFactor": 0.9,
          "fly": "HEAVY",
          "reverse": false,
          "guardable": "",
          "skillBonus": ""
        },
        "offset": {
          "x": 0,
          "y": 0,
          "z": 0
        }
      },
      {
        "value": 350,
        "type": "SET_SPEED"
      },
      {
        "time": 0.1,
        "stopBeforeEdge": true,
        "type": "MOVE_FORWARD"
      },
      {
        "type": "CLEAR_EFFECTS"
      },
      {
        "type": "ENABLE_REACTION",
        "reaction": "BLINDSIDE"
      },
      {
        "active": "PRE_ATTACK",
        "passive": "VULNERABLE",
        "type": "CHANGE_ENEMY_ANNOTATION"
      },
      {
        "duration": -1,
        "align": "BOTTOM",
        "rotateFace": 0,
        "flipLeftFace": false,
        "wait": false,
        "waitSkip": 0,
        "actionDetached": false,
        "fixPos": false,
        "type": "SHOW_EFFECT",
        "effect": {
          "sheet": "charge",
          "name": "light"
        },
        "offset": {
          "x": 0,
          "y": 0,
          "z": 0
        }
      },
      {
        "wait": false,
        "viaWalkConfig": false,
        "type": "SHOW_ANIMATION",
        "anim": "postAttack"
      },
      {
        "time": 0.1,
        "type": "WAIT"
      },
      {
        "value": true,
        "type": "FACE_TO_TARGET"
      },
      {
        "minTime": 0,
        "maxTime": 0.05,
        "type": "WAIT_RANDOM"
      },
      {
        "wait": false,
        "viaWalkConfig": false,
        "type": "SHOW_ANIMATION",
        "anim": "preAttack"
      },
      {
        "time": 1.1,
        "type": "WAIT"
      },
      {
        "value": false,
        "type": "FACE_TO_TARGET"
      },
      {
        "volume": 0.8,
        "global": false,
        "loop": false,
        "type": "PLAY_SOUND",
        "sound": "media/sound/battle/dash-2.ogg"
      },
      {
        "type": "DISABLE_REACTION",
        "reaction": "BLINDSIDE"
      },
      {
        "type": "ENABLE_REACTION",
        "reaction": "GUARD_COUNTER"
      },
      {
        "active": "ATTACK",
        "type": "CHANGE_ENEMY_ANNOTATION"
      },
      {
        "wait": false,
        "viaWalkConfig": false,
        "type": "SHOW_ANIMATION",
        "anim": "attack"
      },
      {
        "duration": -1,
        "align": "BOTTOM",
        "rotateFace": 0,
        "flipLeftFace": false,
        "wait": false,
        "waitSkip": 0,
        "actionDetached": false,
        "fixPos": false,
        "type": "SHOW_EFFECT",
        "effect": {
          "sheet": "dust",
          "name": "line"
        }
      },
      {
        "value": 450,
        "type": "SET_SPEED"
      },
      {
        "time": 0.4,
        "cancelOnHit": false,
        "collideCancel": 7,
        "orthoDirFactor": 0,
        "ignoreLastHit": false,
        "collideSlip": false,
        "type": "TACKLE",
        "attack": {
          "type": "HEAVY",
          "element": "NEUTRAL",
          "damageFactor": 1,
          "fly": "HEAVY",
          "reverse": false,
          "guardable": "",
          "skillBonus": ""
        }
      },
      {
        "type": "CLEAR_EFFECTS"
      },
      {
        "active": "POST_ATTACK",
        "type": "CHANGE_ENEMY_ANNOTATION"
      },
      {
        "wait": false,
        "viaWalkConfig": false,
        "type": "SHOW_ANIMATION",
        "anim": "postAttack"
      },
      {
        "time": 0.3,
        "type": "WAIT"
      },
      {
        "type": "CLEAR_ANIMATION"
      },
      {
        "time": 0.5,
        "type": "WAIT"
      }
    ],
    "Attack_Dash": [
      {
        "changeType": "set",
        "type": "CHANGE_VAR_BOOL",
        "varName": "tmp.battle-guardActive",
        "value": true
      },
      {
        "active": "PRE_ATTACK",
        "type": "CHANGE_ENEMY_ANNOTATION"
      },
      {
        "value": true,
        "type": "FACE_TO_TARGET"
      },
      {
        "value": "MEDIUM",
        "type": "SET_HIT_STABLE"
      },
      {
        "value": 0.7,
        "type": "SET_RELATIVE_SPEED"
      },
      {
        "maxTime": 1,
        "forceTime": false,
        "distance": 96,
        "planOnly": false,
        "targetType": "ENEMY",
        "precise": false,
        "stayBehind": false,
        "type": "NAVIGATE_TO_TARGET"
      },
      {
        "duration": -1,
        "align": "BOTTOM",
        "rotateFace": 0,
        "flipLeftFace": false,
        "wait": false,
        "waitSkip": 0,
        "actionDetached": false,
        "fixPos": false,
        "type": "SHOW_EFFECT",
        "effect": {
          "sheet": "charge",
          "name": "light"
        },
        "offset": {
          "x": 0,
          "y": 0,
          "z": 0
        }
      },
      {
        "value": 1.5,
        "type": "SET_RELATIVE_SPEED"
      },
      {
        "value": true,
        "immediately": true,
        "type": "FACE_TO_TARGET"
      },
      {
        "maxTime": 0.05,
        "forceTime": false,
        "distance": 160,
        "throwing": false,
        "planOnly": false,
        "targetType": "ENEMY",
        "type": "NAVIGATE_ESCAPE_TARGET"
      },
      {
        "jumpHeight": "M",
        "wait": false,
        "ignoreSounds": false,
        "type": "JUMP"
      },
      {
        "maxTime": 0.35,
        "forceTime": false,
        "distance": 160,
        "throwing": false,
        "planOnly": false,
        "targetType": "ENEMY",
        "type": "NAVIGATE_ESCAPE_TARGET"
      },
      {
        "type": "WAIT_UNTIL_ON_GROUND"
      },
      {
        "value": 1,
        "type": "SET_RELATIVE_SPEED"
      },
      {
        "value": "HEAVY",
        "type": "SET_HIT_STABLE"
      },
      {
        "type": "DISABLE_REACTION",
        "reaction": "DODGE_COUNTER_MELEE"
      },
      {
        "type": "DISABLE_REACTION",
        "reaction": "DODGE_DISTANCE"
      },
      {
        "minTime": 0,
        "maxTime": 0.05,
        "type": "WAIT_RANDOM"
      },
      {
        "wait": false,
        "viaWalkConfig": false,
        "type": "SHOW_ANIMATION",
        "anim": "preAttack"
      },
      {
        "time": 0.2,
        "type": "WAIT"
      },
      {
        "value": false,
        "type": "FACE_TO_TARGET"
      },
      {
        "volume": 0.8,
        "global": false,
        "loop": false,
        "type": "PLAY_SOUND",
        "sound": "media/sound/battle/dash-2.ogg"
      },
      {
        "type": "CLEAR_EFFECTS"
      },
      {
        "type": "ENABLE_REACTION",
        "reaction": "GUARD_COUNTER"
      },
      {
        "active": "ATTACK",
        "type": "CHANGE_ENEMY_ANNOTATION"
      },
      {
        "wait": false,
        "viaWalkConfig": false,
        "type": "SHOW_ANIMATION",
        "anim": "attack"
      },
      {
        "duration": -1,
        "align": "BOTTOM",
        "rotateFace": 0,
        "flipLeftFace": false,
        "wait": false,
        "waitSkip": 0,
        "actionDetached": false,
        "fixPos": false,
        "type": "SHOW_EFFECT",
        "effect": {
          "sheet": "dust",
          "name": "line"
        }
      },
      {
        "value": 450,
        "type": "SET_SPEED"
      },
      {
        "time": 0.4,
        "cancelOnHit": false,
        "collideCancel": 7,
        "orthoDirFactor": 0,
        "ignoreLastHit": false,
        "collideSlip": false,
        "type": "TACKLE",
        "attack": {
          "type": "HEAVY",
          "element": "NEUTRAL",
          "fly": "HEAVY",
          "reverse": false,
          "guardable": "",
          "skillBonus": ""
        }
      },
      {
        "type": "CLEAR_EFFECTS"
      },
      {
        "active": "POST_ATTACK",
        "type": "CHANGE_ENEMY_ANNOTATION"
      },
      {
        "wait": false,
        "viaWalkConfig": false,
        "type": "SHOW_ANIMATION",
        "anim": "postAttack"
      },
      {
        "time": 0.6,
        "type": "WAIT"
      }
    ],
    "DodgeCounter_DashAttack": [
      {
        "changeType": "set",
        "type": "CHANGE_VAR_BOOL",
        "varName": "tmp.battle-guardActive",
        "value": true
      },
      {
        "type": "DISABLE_REACTION",
        "reaction": "DODGE_COUNTER_MELEE"
      },
      {
        "type": "DISABLE_REACTION",
        "reaction": "DODGE_DISTANCE"
      },
      {
        "active": "PRE_ATTACK",
        "type": "CHANGE_ENEMY_ANNOTATION"
      },
      {
        "value": "MASSIVE",
        "type": "SET_HIT_STABLE"
      },
      {
        "duration": -1,
        "align": "BOTTOM",
        "rotateFace": 0,
        "flipLeftFace": false,
        "wait": false,
        "waitSkip": 0,
        "actionDetached": false,
        "fixPos": false,
        "type": "SHOW_EFFECT",
        "effect": {
          "sheet": "charge",
          "name": "light"
        },
        "offset": {
          "x": 0,
          "y": 0,
          "z": 0
        }
      },
      {
        "value": true,
        "type": "FACE_TO_TARGET"
      },
      {
        "value": 0.15,
        "type": "SET_INVINCIBLE"
      },
      {
        "value": 1.5,
        "type": "SET_RELATIVE_SPEED"
      },
      {
        "group": "weak",
        "type": "CLEAR_EFFECTS"
      },
      {
        "value": true,
        "immediately": true,
        "type": "FACE_TO_TARGET"
      },
      {
        "maxTime": 0.05,
        "distance": 160,
        "planOnly": false,
        "dodgeType": "PASSIVE",
        "type": "NAVIGATE_DODGE"
      },
      {
        "jumpHeight": "M",
        "wait": false,
        "ignoreSounds": false,
        "type": "JUMP"
      },
      {
        "maxTime": 0.35,
        "distance": 160,
        "planOnly": false,
        "dodgeType": "PASSIVE",
        "type": "NAVIGATE_DODGE"
      },
      {
        "type": "WAIT_UNTIL_ON_GROUND"
      },
      {
        "value": 1,
        "type": "SET_RELATIVE_SPEED"
      },
      {
        "minTime": 0,
        "maxTime": 0.05,
        "type": "WAIT_RANDOM"
      },
      {
        "value": "HEAVY",
        "type": "SET_HIT_STABLE"
      },
      {
        "wait": false,
        "viaWalkConfig": false,
        "type": "SHOW_ANIMATION",
        "anim": "preAttack"
      },
      {
        "time": 0.2,
        "type": "WAIT"
      },
      {
        "value": false,
        "type": "FACE_TO_TARGET"
      },
      {
        "volume": 0.8,
        "global": false,
        "loop": false,
        "type": "PLAY_SOUND",
        "sound": "media/sound/battle/dash-2.ogg"
      },
      {
        "type": "CLEAR_EFFECTS"
      },
      {
        "type": "ENABLE_REACTION",
        "reaction": "GUARD_COUNTER"
      },
      {
        "active": "ATTACK",
        "type": "CHANGE_ENEMY_ANNOTATION"
      },
      {
        "wait": false,
        "viaWalkConfig": false,
        "type": "SHOW_ANIMATION",
        "anim": "attack"
      },
      {
        "duration": -1,
        "align": "BOTTOM",
        "rotateFace": 0,
        "flipLeftFace": false,
        "wait": false,
        "waitSkip": 0,
        "actionDetached": false,
        "fixPos": false,
        "type": "SHOW_EFFECT",
        "effect": {
          "sheet": "dust",
          "name": "line"
        }
      },
      {
        "value": 450,
        "type": "SET_SPEED"
      },
      {
        "time": 0.4,
        "cancelOnHit": false,
        "collideCancel": 7,
        "orthoDirFactor": 0,
        "ignoreLastHit": false,
        "type": "TACKLE",
        "attack": {
          "type": "HEAVY",
          "element": "NEUTRAL",
          "fly": "HEAVY",
          "reverse": false,
          "guardable": "",
          "skillBonus": ""
        }
      },
      {
        "type": "CLEAR_EFFECTS"
      },
      {
        "active": "POST_ATTACK",
        "type": "CHANGE_ENEMY_ANNOTATION"
      },
      {
        "wait": false,
        "viaWalkConfig": false,
        "type": "SHOW_ANIMATION",
        "anim": "postAttack"
      },
      {
        "time": 0.6,
        "type": "WAIT"
      }
    ],
    "Blindside": [
      {
        "changeType": "set",
        "type": "CHANGE_VAR_BOOL",
        "varName": "tmp.battle-guardActive",
        "value": true
      },
      {
        "active": "PRE_ATTACK",
        "type": "CHANGE_ENEMY_ANNOTATION"
      },
      {
        "type": "DISABLE_REACTION",
        "reaction": "DODGE_COUNTER_MELEE"
      },
      {
        "type": "DISABLE_REACTION",
        "reaction": "DODGE_DISTANCE"
      },
      {
        "text": {
          "en_US": "\"Too easy!\"",
          "de_DE": "\"Zu einfach!\"<<C<<Geprüft: Minsu",
          "fr_FR": "fr_FR",
          "zh_CN": "“轻松！”",
          "langUid": 16,
          "ja_JP": "「そんなもんか？」",
          "ko_KR": "\"너무 쉽군!\"",
          "zh_TW": "“輕鬆！”"
        },
        "mode": "NO_LINE",
        "color": "RED",
        "actionDetached": false,
        "hideOutsideOfScreen": false,
        "time": 1.5,
        "type": "SHOW_AR_MSG"
      },
      {
        "value": "MASSIVE",
        "type": "SET_HIT_STABLE"
      },
      {
        "value": 1,
        "type": "SET_RELATIVE_SPEED"
      },
      {
        "value": false,
        "type": "FACE_TO_TARGET"
      },
      {
        "value": 0.15,
        "type": "SET_INVINCIBLE"
      },
      {
        "maxTime": 0.05,
        "distance": 64,
        "planOnly": false,
        "dodgeType": "AGGRESSIVE",
        "type": "NAVIGATE_DODGE"
      },
      {
        "value": 1.5,
        "type": "SET_RELATIVE_SPEED"
      },
      {
        "jumpHeight": "S",
        "wait": false,
        "ignoreSounds": false,
        "type": "JUMP"
      },
      {
        "maxTime": 0.2,
        "distance": 64,
        "planOnly": false,
        "dodgeType": "AGGRESSIVE",
        "type": "NAVIGATE_DODGE"
      },
      {
        "type": "WAIT_UNTIL_ON_GROUND"
      },
      {
        "value": 1,
        "type": "SET_RELATIVE_SPEED"
      },
      {
        "time": 0.01,
        "type": "WAIT"
      },
      {
        "value": true,
        "immediately": true,
        "type": "FACE_TO_TARGET"
      },
      {
        "value": "HEAVY",
        "type": "SET_HIT_STABLE"
      },
      {
        "maxTime": 0.1,
        "forceTime": true,
        "distance": 44,
        "planOnly": false,
        "targetType": "ENEMY",
        "precise": false,
        "stayBehind": false,
        "type": "NAVIGATE_TO_TARGET"
      },
      {
        "duration": -1,
        "align": "BOTTOM",
        "rotateFace": 0,
        "flipLeftFace": false,
        "wait": false,
        "waitSkip": 0,
        "actionDetached": false,
        "fixPos": false,
        "type": "SHOW_EFFECT",
        "effect": {
          "sheet": "charge",
          "name": "light"
        },
        "offset": {
          "x": 0,
          "y": 0,
          "z": 0
        }
      },
      {
        "value": true,
        "type": "FACE_TO_TARGET"
      },
      {
        "value": 0.5,
        "type": "FACE_TO_TARGET_SPEED"
      },
      {
        "minTime": 0,
        "maxTime": 0.05,
        "type": "WAIT_RANDOM"
      },
      {
        "wait": false,
        "viaWalkConfig": false,
        "type": "SHOW_ANIMATION",
        "anim": "preAttack"
      },
      {
        "time": 0.25,
        "type": "WAIT"
      },
      {
        "volume": 0.8,
        "global": false,
        "loop": false,
        "type": "PLAY_SOUND",
        "sound": "media/sound/battle/dash-2.ogg"
      },
      {
        "type": "CLEAR_EFFECTS"
      },
      {
        "type": "ENABLE_REACTION",
        "reaction": "GUARD_COUNTER"
      },
      {
        "active": "ATTACK",
        "type": "CHANGE_ENEMY_ANNOTATION"
      },
      {
        "value": false,
        "type": "FACE_TO_TARGET"
      },
      {
        "wait": false,
        "viaWalkConfig": false,
        "type": "SHOW_ANIMATION",
        "anim": "attack"
      },
      {
        "duration": -1,
        "align": "BOTTOM",
        "rotateFace": 0,
        "flipLeftFace": false,
        "wait": false,
        "waitSkip": 0,
        "actionDetached": false,
        "fixPos": false,
        "type": "SHOW_EFFECT",
        "effect": {
          "sheet": "dust",
          "name": "line"
        }
      },
      {
        "value": 450,
        "type": "SET_SPEED"
      },
      {
        "time": 0.4,
        "cancelOnHit": false,
        "withBranches": true,
        "orthoDirFactor": 0,
        "ignoreLastHit": false,
        "collideSlip": false,
        "type": "TACKLE",
        "attack": {
          "type": "HEAVY",
          "element": "NEUTRAL",
          "fly": "HEAVY",
          "reverse": false,
          "guardable": "",
          "skillBonus": ""
        },
        "hit": [
          {
            "withElse": false,
            "type": "IF",
            "condition": "test",
            "thenStep": [
              {
                "text": {
                  "en_US": "HIT",
                  "de_DE": "TREFFER<<C<<Geprüft: Minsu",
                  "fr_FR": "fr_FR",
                  "zh_CN": "命中",
                  "langUid": 9,
                  "ja_JP": "ヒット",
                  "ko_KR": "공격",
                  "zh_TW": "命中"
                },
                "mode": "NO_LINE",
                "color": "GREEN",
                "actionDetached": true,
                "hideOutsideOfScreen": false,
                "time": 1,
                "type": "SHOW_AR_MSG"
              }
            ]
          },
          {
            "type": "CLEAR_EFFECTS"
          },
          {
            "active": "POST_ATTACK",
            "type": "CHANGE_ENEMY_ANNOTATION"
          },
          {
            "wait": false,
            "viaWalkConfig": false,
            "type": "SHOW_ANIMATION",
            "anim": "postAttack"
          },
          {
            "time": 0.3,
            "type": "WAIT"
          },
          {
            "type": "CLEAR_ANIMATION"
          },
          {
            "time": 0.5,
            "type": "WAIT"
          }
        ],
        "missed": [
          {
            "withElse": false,
            "type": "IF",
            "condition": "test",
            "thenStep": [
              {
                "text": {
                  "en_US": "MISS",
                  "de_DE": "VERFEHLT<<C<<Geprüft: Minsu",
                  "fr_FR": "fr_FR",
                  "zh_CN": "未命中",
                  "langUid": 17,
                  "ja_JP": "ミス",
                  "ko_KR": "회피",
                  "zh_TW": "未命中"
                },
                "mode": "NO_LINE",
                "color": "GREEN",
                "actionDetached": true,
                "hideOutsideOfScreen": false,
                "time": 1,
                "type": "SHOW_AR_MSG"
              }
            ]
          },
          {
            "type": "ENABLE_REACTION",
            "reaction": "WEAK"
          },
          {
            "type": "CLEAR_EFFECTS"
          },
          {
            "active": "POST_ATTACK",
            "passive": "VULNERABLE",
            "type": "CHANGE_ENEMY_ANNOTATION"
          },
          {
            "wait": false,
            "viaWalkConfig": false,
            "type": "SHOW_ANIMATION",
            "anim": "postAttack"
          },
          {
            "duration": -1,
            "align": "BOTTOM",
            "rotateFace": 0,
            "flipLeftFace": false,
            "wait": false,
            "waitSkip": 0,
            "actionDetached": false,
            "fixPos": false,
            "type": "SHOW_EFFECT",
            "effect": {
              "sheet": "charge",
              "name": "light"
            },
            "offset": {
              "x": 0,
              "y": 0,
              "z": 0
            }
          },
          {
            "time": 0.4,
            "type": "WAIT"
          },
          {
            "type": "CLEAR_ANIMATION"
          },
          {
            "time": 1.1,
            "type": "WAIT"
          }
        ]
      }
    ],
    "BlockCounter": [
      {
        "type": "DISABLE_REACTION",
        "reaction": "DODGE_COUNTER_MELEE"
      },
      {
        "type": "DISABLE_REACTION",
        "reaction": "DODGE_DISTANCE"
      },
      {
        "value": "MASSIVE",
        "type": "SET_HIT_STABLE"
      },
      {
        "wait": false,
        "viaWalkConfig": false,
        "type": "SHOW_ANIMATION",
        "anim": "damage"
      },
      {
        "duration": 0,
        "align": "BOTTOM",
        "rotateFace": 0,
        "flipLeftFace": false,
        "wait": false,
        "waitSkip": 0,
        "actionDetached": false,
        "fixPos": false,
        "type": "SHOW_EFFECT",
        "effect": {
          "sheet": "combat",
          "name": "flashShort"
        }
      },
      {
        "flyLevel": "MASSIVE",
        "breaking": false,
        "stable": false,
        "wait": true,
        "type": "DO_DAMAGE_MOVEMENT"
      },
      {
        "time": 1,
        "type": "WAIT"
      }
    ],
    "DodgeDistance": [
      {
        "type": "DISABLE_REACTION",
        "reaction": "DODGE_COUNTER_MELEE"
      },
      {
        "type": "DISABLE_REACTION",
        "reaction": "DODGE_DISTANCE"
      },
      {
        "changeType": "set",
        "type": "CHANGE_VAR_BOOL",
        "varName": "tmp.battle-guardActive",
        "value": true
      },
      {
        "value": 400,
        "type": "SET_SPEED"
      },
      {
        "value": 0.15,
        "type": "SET_INVINCIBLE"
      },
      {
        "jumpHeight": "S",
        "wait": false,
        "ignoreSounds": false,
        "type": "JUMP"
      },
      {
        "maxTime": 1,
        "distance": 32,
        "planOnly": false,
        "dodgeType": "AGGRESSIVE",
        "type": "NAVIGATE_DODGE"
      }
    ],
    "HealSandwich": [
      {
        "type": "DISABLE_REACTION",
        "reaction": "DODGE_COUNTER_MELEE"
      },
      {
        "type": "DISABLE_REACTION",
        "reaction": "DODGE_DISTANCE"
      },
      {
        "value": "MASSIVE",
        "type": "SET_HIT_STABLE"
      },
      {
        "withElse": true,
        "type": "IF",
        "condition": "map.guardLair",
        "thenStep": [
          {
            "withElse": false,
            "type": "IF",
            "condition": "tmp.battle-guardActive",
            "thenStep": [
              {
                "withElse": false,
                "type": "IF",
                "condition": "test",
                "thenStep": [
                  {
                    "text": {
                      "en_US": "RETREAT",
                      "de_DE": "RÜCKZUG<<C<<Geprüft: Minsu",
                      "fr_FR": "fr_FR",
                      "zh_CN": "撤退",
                      "langUid": 23,
                      "ja_JP": "リトリート",
                      "ko_KR": "후퇴",
                      "zh_TW": "撤退"
                    },
                    "time": 1,
                    "mode": "NO_LINE",
                    "color": "GREEN",
                    "actionDetached": true,
                    "type": "SHOW_AR_MSG"
                  }
                ]
              },
              {
                "entity": {
                  "global": true,
                  "name": "billstonTarget"
                },
                "maxTime": 5,
                "forceTime": false,
                "distance": 16,
                "ignoreBelow": 0,
                "planOnly": false,
                "precise": false,
                "type": "NAVIGATE_TO_ENTITY"
              },
              {
                "changeType": "set",
                "type": "CHANGE_VAR_BOOL",
                "varName": "tmp.billstonBarrierUp",
                "value": false
              },
              {
                "entity": {
                  "global": true,
                  "name": "barrierBillston"
                },
                "maxTime": 0,
                "forceTime": false,
                "distance": 24,
                "ignoreBelow": 0,
                "planOnly": false,
                "precise": false,
                "type": "NAVIGATE_TO_ENTITY"
              },
              {
                "value": true,
                "type": "SET_SLIP_THROUGH"
              },
              {
                "entity": {
                  "global": true,
                  "name": "blockPostBarrier"
                },
                "rotate": true,
                "rotateSpeed": 3,
                "type": "SET_FACE_TO_ENTITY"
              },
              {
                "time": 0.15,
                "stopBeforeEdge": false,
                "type": "MOVE_FORWARD"
              },
              {
                "value": false,
                "type": "SET_SLIP_THROUGH"
              }
            ]
          },
          {
            "changeType": "set",
            "type": "CHANGE_VAR_BOOL",
            "varName": "tmp.billstonBarrierUp",
            "value": true
          },
          {
            "entity": {
              "global": true,
              "name": "billstonPlace"
            },
            "maxTime": 0,
            "forceTime": false,
            "distance": 0,
            "ignoreBelow": 0,
            "planOnly": false,
            "precise": false,
            "type": "NAVIGATE_TO_ENTITY"
          },
          {
            "face": "SOUTH_EAST",
            "rotate": true,
            "rotateSpeed": 3,
            "type": "SET_FACE"
          }
        ],
        "elseStep": [
          {
            "maxTime": 1.5,
            "distance": 160,
            "throwing": false,
            "planOnly": false,
            "targetType": "ENEMY",
            "type": "NAVIGATE_ESCAPE_TARGET"
          }
        ]
      },
      {
        "changeType": "set",
        "type": "CHANGE_VAR_BOOL",
        "varName": "tmp.battle-guardActive",
        "value": false
      },
      {
        "type": "ENABLE_REACTION",
        "reaction": "SANDWICH_BREAK"
      },
      {
        "attribName": "sandwichUse",
        "changeType": "add",
        "proxyOwner": false,
        "type": "SET_ATTRIB_NUMBER",
        "value": 1
      },
      {
        "volume": 1,
        "global": false,
        "loop": false,
        "speed": 0.33,
        "type": "PLAY_SOUND",
        "sound": "media/sound/move/eat.ogg"
      },
      {
        "withElse": true,
        "type": "IF",
        "condition": "test",
        "thenStep": [
          {
            "text": {
              "en_US": "[Eating] #\\v[entity.attrib.sandwichUse]",
              "de_DE": "[Isst] #\\v[entity.attrib.sandwichUse]<<C<<Geprüft: Minsu",
              "fr_FR": "fr_FR",
              "zh_CN": "[正在食用] #\\v[entity.attrib.sandwichUse]",
              "langUid": 13,
              "ja_JP": "[食事中] #\\v[entity.attrib.sandwichUse]",
              "ko_KR": "[먹는 중] #\\v[entity.attrib.sandwichUse]",
              "zh_TW": "[正在食用] #\\v[entity.attrib.sandwichUse]"
            },
            "time": 2,
            "mode": "LINE_FILL",
            "color": "RED",
            "actionDetached": false,
            "type": "SHOW_AR_MSG"
          }
        ],
        "elseStep": [
          {
            "text": {
              "en_US": "[Eating]",
              "de_DE": "[Isst]<<C<<Geprüft: Minsu",
              "fr_FR": "fr_FR",
              "zh_CN": "[进食中]",
              "langUid": 27,
              "ja_JP": "[食事中] ",
              "ko_KR": "[먹는 중]",
              "zh_TW": "[進食中]"
            },
            "time": 2,
            "mode": "LINE_FILL",
            "color": "RED",
            "actionDetached": false,
            "type": "SHOW_AR_MSG"
          }
        ]
      },
      {
        "time": 2,
        "type": "WAIT"
      },
      {
        "value": 0.3,
        "type": "REGEN_HP"
      },
      {
        "type": "DISABLE_REACTION",
        "reaction": "SANDWICH_BREAK"
      },
      {
        "withElse": true,
        "type": "IF",
        "condition": "map.guardLair",
        "thenStep": [
          {
            "time": 1.5,
            "type": "WAIT"
          }
        ],
        "elseStep": [
          {
            "time": 0.5,
            "type": "WAIT"
          }
        ]
      }
    ],
    "HealCancel": [
      {
        "type": "DISABLE_REACTION",
        "reaction": "DODGE_COUNTER_MELEE"
      },
      {
        "type": "DISABLE_REACTION",
        "reaction": "DODGE_DISTANCE"
      },
      {
        "text": {
          "en_US": "\"My sandwich! You'll pay!\"",
          "de_DE": "\"Mein Sandwich! Das wirst du mir büßen!\"<<C<<Geprüft: Minsu",
          "fr_FR": "fr_FR",
          "zh_CN": "“我的三明治！我会让你付出代价的！”",
          "langUid": 18,
          "ja_JP": "「よくも、俺の大事なサンドイッチを...！」",
          "ko_KR": "\"내 샌드위치! 후회할 거야!\"",
          "zh_TW": "“我的三明治！我會讓你付出代價的！”"
        },
        "time": 2,
        "mode": "NO_LINE",
        "color": "RED",
        "actionDetached": true,
        "type": "SHOW_AR_MSG"
      },
      {
        "dropType": "HP",
        "healValue": 0.15,
        "align": "BOTTOM",
        "type": "THROW_ENERGY_DROPS"
      },
      {
        "time": 0.8,
        "type": "WAIT"
      }
    ],
    "HealIdle": [
      {
        "type": "DISABLE_REACTION",
        "reaction": "DODGE_COUNTER_MELEE"
      },
      {
        "type": "DISABLE_REACTION",
        "reaction": "DODGE_DISTANCE"
      },
      {
        "name": "healShield",
        "actionDetached": false,
        "type": "ADD_SHIELD",
        "shield": {
          "type": "DIRECTIONAL",
          "settings": {
            "baseFactor": 0.5,
            "strength": "REGULAR",
            "hitResist": "MASSIVE",
            "range": 1,
            "back": false
          }
        }
      },
      {
        "entity": {
          "global": true,
          "name": "billstonPlace"
        },
        "maxTime": 0,
        "forceTime": false,
        "distance": 0,
        "ignoreBelow": 0,
        "planOnly": false,
        "precise": false,
        "type": "NAVIGATE_TO_ENTITY"
      },
      {
        "value": true,
        "immediately": true,
        "type": "FACE_TO_TARGET"
      },
      {
        "time": 1,
        "type": "WAIT"
      },
      {
        "value": 0.05,
        "type": "REGEN_HP"
      }
    ],
    "summonTurrets": [
      {
        "type": "DISABLE_REACTION",
        "reaction": "DODGE_COUNTER_MELEE"
      },
      {
        "type": "DISABLE_REACTION",
        "reaction": "DODGE_DISTANCE"
      },
      {
        "value": "MASSIVE",
        "type": "SET_HIT_STABLE"
      },
      {
        "withElse": false,
        "type": "IF",
        "condition": "tmp.battle-guardActive",
        "thenStep": [
          {
            "withElse": false,
            "type": "IF",
            "condition": "test",
            "thenStep": [
              {
                "text": {
                  "en_US": "RETREAT",
                  "de_DE": "RÜCKZUG<<C<<Geprüft: Minsu",
                  "fr_FR": "fr_FR",
                  "zh_CN": "撤退",
                  "langUid": 25,
                  "ja_JP": "リトリート",
                  "ko_KR": "후퇴",
                  "zh_TW": "撤退"
                },
                "time": 1,
                "mode": "NO_LINE",
                "color": "GREEN",
                "actionDetached": true,
                "type": "SHOW_AR_MSG"
              }
            ]
          },
          {
            "entity": {
              "global": true,
              "name": "billstonTarget"
            },
            "maxTime": 5,
            "forceTime": false,
            "distance": 16,
            "ignoreBelow": 0,
            "planOnly": false,
            "precise": false,
            "type": "NAVIGATE_TO_ENTITY"
          },
          {
            "changeType": "set",
            "type": "CHANGE_VAR_BOOL",
            "varName": "tmp.billstonBarrierUp",
            "value": false
          },
          {
            "entity": {
              "global": true,
              "name": "barrierBillston"
            },
            "maxTime": 0,
            "forceTime": false,
            "distance": 24,
            "ignoreBelow": 0,
            "planOnly": false,
            "precise": false,
            "type": "NAVIGATE_TO_ENTITY"
          },
          {
            "value": true,
            "type": "SET_SLIP_THROUGH"
          },
          {
            "entity": {
              "global": true,
              "name": "blockPostBarrier"
            },
            "rotate": true,
            "rotateSpeed": 3,
            "type": "SET_FACE_TO_ENTITY"
          },
          {
            "time": 0.15,
            "stopBeforeEdge": false,
            "type": "MOVE_FORWARD"
          },
          {
            "value": false,
            "type": "SET_SLIP_THROUGH"
          }
        ]
      },
      {
        "changeType": "set",
        "type": "CHANGE_VAR_BOOL",
        "varName": "tmp.battle-guardActive",
        "value": false
      },
      {
        "withElse": false,
        "type": "IF",
        "condition": "test",
        "thenStep": [
          {
            "text": {
              "en_US": "TURRETS",
              "de_DE": "GESCHÜTZE<<C<<Geprüft: Minsu",
              "fr_FR": "fr_FR",
              "zh_CN": "炮台",
              "langUid": 24,
              "ja_JP": "タレット",
              "ko_KR": "포탑",
              "zh_TW": "砲臺"
            },
            "time": 1,
            "mode": "NO_LINE",
            "color": "GREEN",
            "actionDetached": true,
            "type": "SHOW_AR_MSG"
          }
        ]
      },
      {
        "changeType": "set",
        "type": "CHANGE_VAR_BOOL",
        "varName": "tmp.billstonBarrierUp",
        "value": true
      },
      {
        "entity": {
          "global": true,
          "name": "billstonPlace"
        },
        "maxTime": 0,
        "forceTime": false,
        "distance": 8,
        "ignoreBelow": 0,
        "planOnly": false,
        "precise": false,
        "type": "NAVIGATE_TO_ENTITY"
      },
      {
        "entity": {
          "global": true,
          "name": "terminal"
        },
        "maxTime": 0,
        "forceTime": false,
        "distance": 16,
        "ignoreBelow": 0,
        "planOnly": false,
        "precise": false,
        "type": "NAVIGATE_TO_ENTITY"
      },
      {
        "entity": {
          "global": true,
          "name": "terminal"
        },
        "rotate": true,
        "rotateSpeed": 3,
        "type": "SET_FACE_TO_ENTITY"
      },
      {
        "text": {
          "en_US": "[Getting Reinforcements]",
          "de_DE": "[Hole Verstärkung]<<C<<Geprüft: Minsu",
          "fr_FR": "fr_FR",
          "zh_CN": "[呼叫增援]",
          "langUid": 19,
          "ja_JP": "[援軍要請中]",
          "ko_KR": "[강화 중]",
          "zh_TW": "[呼叫增援]"
        },
        "time": 1.5,
        "mode": "LINE_FILL",
        "color": "RED",
        "actionDetached": false,
        "type": "SHOW_AR_MSG"
      },
      {
        "time": 1.5,
        "type": "WAIT"
      },
      {
        "changeType": "set",
        "type": "CHANGE_VAR_BOOL",
        "varName": "tmp.turretsSummon",
        "value": true
      },
      {
        "entity": {
          "player": true
        },
        "rotate": true,
        "rotateSpeed": 3,
        "type": "SET_FACE_TO_ENTITY"
      },
      {
        "time": 1.5,
        "type": "WAIT"
      }
    ]
  },
  "reactions": {
  	"CALM_DOWN": {
      "action": "Idle",
      "preSwitchState": "IDLE",
      "checkCollision": false,
      "conditions": [
          {
            "group": "falseCombatGroup",
            "type": "HAS_PROXY"
          }
      ],
      "ignoreParty": false,
      "ignoreReplaceTargets": false,
      "maxDistance": 2000,
      "minDistance": 0,
      "preciseFace": false,
      "type": "TARGET_DISTANCE"
    },
    "GUARD_COUNTER": {
      "action": "BlockCounter",
      "conditions": [],
      "type": "GUARD_COUNTER"
    },
    "DODGE_COUNTER_MELEE": {
      "action": "DodgeCounter_DashAttack",
      "viewAngle": 0.3,
      "restartPrevAction": false,
      "probability": 1,
      "count": 1,
      "blockTime": 2,
      "conditions": [
        {
          "distance": 80,
          "throwing": false,
          "negated": false,
          "type": "TARGET_REACHABLE"
        }
      ],
      "type": "DODGE"
    },
    "DODGE_DISTANCE": {
      "action": "DodgeDistance",
      "viewAngle": 0.2,
      "restartPrevAction": false,
      "probability": 1,
      "count": 2,
      "blockTime": 3,
      "conditions": [
        {
          "distance": 80,
          "throwing": false,
          "type": "!TARGET_REACHABLE"
        }
      ],
      "type": "DODGE"
    },
    "BLINDSIDE": {
      "action": "Blindside",
      "viewAngle": 1,
      "restartPrevAction": false,
      "probability": 1,
      "count": 0,
      "blockTime": 0,
      "conditions": [],
      "minDistance": 0,
      "maxDistance": 160,
      "targetFace": 0.05,
      "checkCollision": false,
      "type": "DODGE",
      "eventType": null
    },
    "WEAK": {
      "hitType": "REGULAR",
      "preSwitchState": "WEAK",
      "blockFurtherHits": false,
      "attackType": "MASSIVE",
      "flyLevel": "MASSIVE+",
      "stunChange": "FORCE_STUN",
      "alignFace": false,
      "dramaticEffect": "BREAK",
      "conditions": [
        {
          "type": "!BALL_SMALL"
        }
      ],
      "ignoreFailed": false,
      "viewAngle": 0.5,
      "restartPrevAction": false,
      "probability": 1,
      "count": 0,
      "blockTime": 1,
      "minDistance": 0,
      "maxDistance": 160,
      "targetFace": 0.05,
      "checkCollision": false,
      "type": "HIT_REACTION",
      "eventType": null
    },
    "SANDWICH_BREAK": {
      "hitType": "REGULAR",
      "action": "HealCancel",
      "blockFurtherHits": true,
      "attackType": "HEAVY",
      "flyLevel": "HEAVY",
      "stunChange": "FORCE_STABLE",
      "alignFace": true,
      "dramaticEffect": "BREAK_LIGHT",
      "conditions": [
        {
          "negated": false,
          "type": "BALL_CHARGE"
        }
      ],
      "ignoreFailed": false,
      "type": "HIT_REACTION"
    },
    "KILL_HIT": {
      "hitType": "KILL_HIT",
      "preAction": "Boom",
      "blockFurtherHits": false,
      "attackType": "MASSIVE",
      "flyLevel": "MASSIVE+",
      "stunChange": "FORCE_STUN",
      "alignFace": false,
      "dramaticEffect": 0,
      "conditions": [],
      "ignoreFailed": false,
      "type": "HIT_REACTION"
    }
  },
  "meta": {
    "species": {
      "en_US": "Human Guard",
      "de_DE": "Menschliche Wache<<C<<Geprüft: Minsu",
      "zh_CN": "人类守卫",
      "zh_TW": "人類守衛",
      "ja_JP": "人間の衛兵",
      "ko_KR": "인간 경비원",
      "langUid": 4
    },
    "category": "PLAYERS",
    "descriptions": [
      {
        "text": {
          "en_US": "An armed human, currently or formerly employed by one of the many city guards on Shadoon.\n\nWield a powerful type of weapon that is used by most guards, the Laserlance. Also usually carries a standard ration of Sandwiches to recover from tiresome battles.",
          "de_DE": "Ein bewaffneter Mensch, aktuell oder ehemals angestellt bei einer der vielen Stadtwachen auf Shadoon.\n\nSchwingt einen mächtigen Typ Waffe, den die meisten Wachen einsetzen - die Laserlanze. Trägt für gewöhnlich auch eine Standardration Sandwiches bei sich, um sich von anstrengenden Kämpfen zu erholen.<<C<<Geprüft: Minsu",
          "zh_CN": "一名全副武装的人类，现在或从前曾是沙德隆上众多城市守卫中的一员。 挥舞着大多数守卫曾使用的一种强力型武器——镭射长枪。同时还携带着一种三明治标配口粮，用以从疲惫的战斗中恢复过来。",
          "zh_TW": "一名全副武裝的人類，現在或從前曾是沙德隆上眾多城市守衛中的一員。 揮舞著大多數守衛曾使用的一種強力型武器——鐳射長槍。同時還攜帶著一種三明治標配口糧，用以從疲憊的戰鬥中恢復過來。",
          "ja_JP": "武装した人間。シャドーンに沢山いる現役、もしくは退役した衛兵。\n\nレーザーランスという、多くの衛兵が用いる強力な武器を手にしている。また、戦いで疲れた時のためにサンドイッチを携行している。",
          "ko_KR": "샤둔의 다양한 도시의 현직 또는 전직 경비원인 무장한 인간입니다.\n \n대부분 경비원이 사용하는 강력한 무기인 레이저창을 사용합니다. 또한, 힘든 전투를 치른 뒤 회복할 수 있게 보통 샌드위치를 가지고 다닙니다.",
          "langUid": 29
        },
        "condition": ""
      }
    ]
  }
}