{
  "level": 99,
  "params": {
    "hp": 1,
    "attack": 1,
    "defense": 1,
    "focus": 1,
    "elemFactor": [
      1,
      1,
      0.5,
      0.5
    ],
    "statusInflict": [
      1,
      1,
      1.5,
      1.5
    ],
    "statusEffect": [
      1,
      1,
      1.5,
      1.5
    ]
  },
  "credit": 0,
  "exp": 0,
  "maxSp": 0,
  "enduranceScale": 2.5,
  "healDropRate": 0,
  "boss": false,
  "bossOrder": 0,
  "padding": {
    "x": 8,
    "y": 8
  },
  "material": "ORGANIC",
  "aiGroup": "colibri",
  "aiLearnType": "IMMEDIATELY",
  "itemDrops": [],
  "targetDetect": {
    "detectDistance": 120,
    "loseDistance": 320,
    "notifyNeighbourRadius": 100
  },
  "hpBreaks": [],
  "size": {
    "x": 16,
    "y": 16,
    "z": 32
  },
  "anims": "enemies.colibri",
  "defaultState": "IDLE",
  "walkConfigs": {
    "normal": {
      "idle": "idle",
      "damage": "damage"
    },
    "weak": {
      "idle": "dizzy",
      "damage": "damage"
    },
    "camp": {
      "idle": "camp"
    }
  },
  "_wm": null,
  "walkAnims": "normal",
  "airFriction": 1,
  "weight": 50,
  "maxVel": 300,
  "jumpingEnabled": true,
  "shadow": 20,
  "floatVariance": 2,
  "floatMaxSpeed": 500,
  "floatAccel": 10,
  "flyHeight": 4,
  "hitStable": "LIGHT",
  "annotate": {
    "active": "NONE",
    "passive": "NONE",
    "weapon": "RANGED",
    "element": "ANY",
    "extra": []
  },
  "DOCTYPE": "ENEMY",
  "trackers": {
    "MOVE": {
      "target": 3,
      "initRandom": 1,
      "resetRandom": 0.3,
      "noStateReset": false,
      "noAssist": false,
      "type": "TIME"
    },
    "weakRegen": {
      "target": 5,
      "initRandom": 0,
      "resetRandom": 0,
      "noStateReset": false,
      "noAssist": false,
      "type": "TIME"
    }
  },
  "states": {
    "IDLE": {
      "flyHeight": 4,
      "choices": [
      	{
          "action": "Init",
          "req": [
            {
              "sticking": true,
              "type": "!HAS_PROXY"
            }
          ]
        },
        {
          "action": "shootCombatChecker",
          "req": [
            {
              "group": "allyWarnerGroup",
              "type": "!HAS_PROXY"
            }
          ]
        },
        {
          "postSwitchState": "DEFAULT",
          "req": [
            {
              "group": "trueCombatGroup",
              "type": "HAS_PROXY"
            }
          ]
        },
        {
          "action": "FollowMe",
          "req": [
            {
              "distance": 110,
              "entity": {
                "player": true
              },
              "negated": false,
              "type": "ENTITY_DISTANCE_OVER"
            }
          ]
        },
        {
          "action": "Idle",
          "req": [
            {
              "distance": 110,
              "entity": {
                "player": true
              },
              "negated": false,
              "type": "!ENTITY_DISTANCE_OVER"
            }
          ]
        }
      ],
      "enabledReactions": [
        "KILL_HIT"
      ]
    },
    "DEFAULT": {
      "flyHeight": 4,
      "enabledReactions": [
        "ESCAPE",
        "EVADE",
        "KILL_HIT"
      ],
      "choices": [
        {
          "action": "Init",
          "req": [
            {
              "group": "allyWarnerGroup",
              "type": "!HAS_PROXY"
            }
          ]
        },
        {
          "preSwitchState": "IDLE",
          "action": "FollowMe",
          "req": [
            {
              "group": "falseCombatGroup",
              "type": "HAS_PROXY"
            }
          ]
        },
        {
          "action": "shootCombatChecker",
          "req": [
            {
              "group": "allyWarnerGroup",
              "type": "!HAS_PROXY"
            }
          ]
        },
        {
          "req": [
            {
              "min": 0.3,
              "negated": false,
              "type": "COMBO_TIME"
            }
          ],
          "action": "Evade",
          "ignoreStun": true
        },
        {
          "req": [
            {
              "distance": 200,
              "throwing": true,
              "type": "!TARGET_REACHABLE"
            }
          ],
          "action": "Adjust"
        },
        {
          "action": "360NoScope",
          "frequency": "SOMETIMES"
        },
        {
          "action": "OneShot",
          "frequency": "NORMAL"
        },
        {
          "action": "BattleIdle"
        }
      ]
    },
    "WEAK": {
      "walkAnims": "weak",
      "flyHeight": 0,
      "damageFactor": 1.25,
      "faceToTarget": false,
      "annotate": {
        "active": "NONE",
        "passive": "WEAK",
        "weapon": "MELEE",
        "element": "ANY",
        "extra": []
      },
      "choices": [
        {
          "req": [
            {
              "name": "hidden",
              "negated": false,
              "type": "ATTRIB_IS_TRUE"
            }
          ],
          "action": "UnHide"
        },
        {
          "req": [
            {
              "negated": false,
              "type": "TRACKER_READY",
              "name": "weakRegen"
            }
          ],
          "action": "Recover",
          "postSwitchState": "DEFAULT",
          "ignoreStun": true
        }
      ]
    },
    "CAMP": {
      "walkAnims": "camp",
      "groundConnect": "FIXED",
      "weight": -1,
      "shadow": 40,
      "flyHeight": 0,
      "faceToTarget": false,
      "annotate": {
        "active": "NONE",
        "passive": "WEAK",
        "weapon": "MELEE",
        "element": "ANY",
        "extra": []
      },
      "hpBar": "HIDDEN",
      "choices": [
        {
          "action": "CampingShoot",
          "frequency": "OFTEN"
        },
        {
          "action": "CampIdle"
        }
      ]
    },
    "PASSIVE_INVIS": {
      "weight": -1,
      "hitIgnore": true,
      "aggression": "PEACEFUL",
      "annotate": {
        "active": "NONE",
        "passive": "IMMUNE",
        "weapon": "ANY",
        "element": "ANY",
        "extra": []
      },
      "choices": []
    }
  },
  "proxies": {
  	"enemyStatsAttack": {
      "copyOwnerAnims": false,
      "breakType": "COMBATANT",
      "action": [
        {
            "attribName": "playerAttackValue",
            "changeType": "set",
            "type": "SET_ATTRIB_NUMBER",
            "value":
            {
                "varName": "player.param.attack"
            }
        },
        {
            "attribName": "playerAttackValue",
            "changeType": "mul",
            "type": "SET_ATTRIB_NUMBER",
            "value": 0.9
        },
        {
          "target": "PROXY_OWNER",
          "name": "ownerStatsAttack",
          "param": "attack",
          "changeType": "set",
          "value": {
                         "varName": "entity.attrib.playerAttackValue"
                       },
          "type": "MOD_ACTION_BUFF_PARAM"
        },
        {
                    "time": -1,
                    "type": "WAIT"
                }
      ],
      "invisible": false,
      "hp": 0,
      "stickToSource": "OWNER",
      "stickFaceAlign": false,
      "group": "statsGroup",
      "size": {
        "x": 12,
        "y": 12,
        "z": 24
      },
      "config": {
        "collType": "NONE"
      },
      "type": "GENERIC"
    },
    "enemyStatsDefense": {
      "copyOwnerAnims": false,
      "breakType": "COMBATANT",
      "action": [
        {
            "attribName": "playerDefenseValue",
            "changeType": "set",
            "type": "SET_ATTRIB_NUMBER",
            "value":
            {
                "varName": "player.param.defense"
            }
        },
        {
            "attribName": "playerDefenseValue",
            "changeType": "mul",
            "type": "SET_ATTRIB_NUMBER",
            "value": 0.25
        },
        {
          "target": "PROXY_OWNER",
          "name": "ownerStatsDefense",
          "param": "defense",
          "changeType": "set",
          "value": {
                         "varName": "entity.attrib.playerDefenseValue"
                       },
          "type": "MOD_ACTION_BUFF_PARAM"
        },
        {
                    "time": -1,
                    "type": "WAIT"
                }
      ],
      "invisible": false,
      "hp": 0,
      "stickToSource": "OWNER",
      "stickFaceAlign": false,
      "group": "statsGroup",
      "size": {
        "x": 12,
        "y": 12,
        "z": 24
      },
      "config": {
        "collType": "NONE"
      },
      "type": "GENERIC"
    },
    "enemyStatsFocus": {
      "copyOwnerAnims": false,
      "breakType": "COMBATANT",
      "action": [
        {
            "attribName": "playerFocusValue",
            "changeType": "set",
            "type": "SET_ATTRIB_NUMBER",
            "value":
            {
                "varName": "player.param.focus"
            }
        },
        {
            "attribName": "playerFocusValue",
            "changeType": "mul",
            "type": "SET_ATTRIB_NUMBER",
            "value": 2
        },
        {
          "target": "PROXY_OWNER",
          "name": "ownerStatsFocus",
          "param": "focus",
          "changeType": "set",
          "value": {
                         "varName": "entity.attrib.playerFocusValue"
                       },
          "type": "MOD_ACTION_BUFF_PARAM"
        },
        {
                    "time": -1,
                    "type": "WAIT"
                }
      ],
      "invisible": false,
      "hp": 0,
      "stickToSource": "OWNER",
      "stickFaceAlign": false,
      "group": "statsGroup",
      "size": {
        "x": 12,
        "y": 12,
        "z": 24
      },
      "config": {
        "collType": "NONE"
      },
      "type": "GENERIC"
    },
    "enemyStatsHp": {
      "copyOwnerAnims": false,
      "breakType": "COMBATANT",
      "action": [
        {
            "attribName": "playerHpValue",
            "changeType": "set",
            "type": "SET_ATTRIB_NUMBER",
            "value":
            {
                "varName": "player.param.hp"
            }
        },
        {
            "attribName": "playerHpValue",
            "changeType": "mul",
            "type": "SET_ATTRIB_NUMBER",
            "value": 0.3
        },
        {
          "target": "PROXY_OWNER",
          "name": "ownerStatsHp",
          "param": "hp",
          "changeType": "set",
          "value": {
                         "varName": "entity.attrib.playerHpValue"
                       },
          "type": "MOD_ACTION_BUFF_PARAM"
        },
        {
                    "time": -1,
                    "type": "WAIT"
                }
      ],
      "invisible": false,
      "hp": 0,
      "stickToSource": "OWNER",
      "stickFaceAlign": false,
      "group": "statsGroup",
      "size": {
        "x": 12,
        "y": 12,
        "z": 24
      },
      "config": {
        "collType": "NONE"
      },
      "type": "GENERIC"
    },
    "enemyStatsShooter": {
      "copyOwnerAnims": false,
      "breakType": "NEVER",
      "action": [
        {
          "align": "BOTTOM",
          "type": "SHOOT_PROXY",
          "proxy": "enemyStatsAttack",
          "offset": {
            "x": 0,
            "y": 0,
            "z": 12
          }
        },
        {
          "align": "BOTTOM",
          "type": "SHOOT_PROXY",
          "proxy": "enemyStatsDefense",
          "offset": {
            "x": 0,
            "y": 0,
            "z": 12
          }
        },
        {
          "align": "BOTTOM",
          "type": "SHOOT_PROXY",
          "proxy": "enemyStatsFocus",
          "offset": {
            "x": 0,
            "y": 0,
            "z": 12
          }
        },
        {
          "align": "BOTTOM",
          "type": "SHOOT_PROXY",
          "proxy": "enemyStatsHp",
          "offset": {
            "x": 0,
            "y": 0,
            "z": 12
          }
        },
        {
                    "time": 0.2,
                    "type": "WAIT"
                }
      ],
      "invisible": false,
      "hp": 0,
      "stickToSource": "OWNER",
      "stickFaceAlign": false,
      "group": "",
      "size": {
        "x": 12,
        "y": 12,
        "z": 24
      },
      "config": {
        "collType": "NONE"
      },
      "type": "GENERIC"
    },
    "placeholderStickingProxy": {
      "action": [
        {
          "name": "thisDoesNothing",
          "type": "LABEL"
        },
        {
          "time": 0.3,
          "type": "WAIT"
        },
        {
          "name": "thisDoesNothing",
          "type": "GOTO_LABEL"
        }
      ],
      "breakType": "COMBATANT",
      "config": {
        "collType": "NONE"
      },
      "copyOwnerAnims": false,
      "group": "staticsFurGroup",
      "hp": 0,
      "invisible": false,
      "label": "",
      "size": {
        "x": 24,
        "y": 24,
        "z": 32
      },
      "startAnim": "",
      "stickFaceAlign": false,
      "stickToSource": "OWNER",
      "type": "GENERIC"
    },
    "elementCheck": {
      "copyOwnerAnims": false,
      "breakType": "NEVER",
      "action": [
        {
          "target": "PROXY_OWNER",
          "name": "ownerStatsHp",
          "type": "ADD_ACTION_BUFF",
          "stats": [
            "HACK"
          ]
        },
        {
          "target": "PROXY_OWNER",
          "name": "ownerStatsFocus",
          "type": "ADD_ACTION_BUFF",
          "stats": [
            "HACK"
          ]
        },
        {
          "target": "PROXY_OWNER",
          "name": "ownerStatsDefense",
          "type": "ADD_ACTION_BUFF",
          "stats": [
            "HACK"
          ]
        },
        {
          "target": "PROXY_OWNER",
          "name": "ownerStatsAttack",
          "type": "ADD_ACTION_BUFF",
          "stats": [
            "HACK"
          ]
        },
        {
          "name": "repeat",
          "type": "LABEL"
        },
        {
          "group": "statsGroup",
          "type": "REMOVE_PROXIES"
        },
        {
          "align": "BOTTOM",
          "type": "SHOOT_PROXY",
          "proxy": "enemyStatsShooter",
          "offset": {
            "x": 0,
            "y": 0,
            "z": 12
          }
        },
        {
            "attribName": "playerLastElement",
            "changeType": "set",
            "type": "SET_ATTRIB_NUMBER",
            "value":
            {
                "varName": "player.element"
            }
        },
        {
          "type": "WAIT_UNTIL",
          "condition": "player.element != entity.attrib.playerLastElement"
        },
        {
          "time": 0.2,
          "type": "WAIT"
        },
        {
          "name": "repeat",
          "type": "GOTO_LABEL"
        }
      ],
      "invisible": false,
      "hp": 0,
      "stickToSource": "OWNER",
      "stickFaceAlign": false,
      "group": "",
      "size": {
        "x": 12,
        "y": 12,
        "z": 24
      },
      "config": {
        "collType": "NONE"
      },
      "type": "GENERIC"
    },
    "modifierCheckShooter": {
      "copyOwnerAnims": false,
      "breakType": "NEVER",
      "action": [
        {
          "name": "repeat",
          "type": "LABEL"
        },
        {
          "group": "shooterModifierGroup",
          "type": "REMOVE_PROXIES"
        },
        {
            "attribName": "myShooterValue",
            "changeType": "set",
            "type": "SET_ATTRIB_NUMBER",
            "value": 0
        },
        {
          "align": "BOTTOM",
          "type": "SHOOT_PROXY",
          "proxy": "enemyShooterModifierShooter",
          "offset": {
            "x": 0,
            "y": 0,
            "z": 12
          }
        },
        {
            "attribName": "playerLastShooterValue",
            "changeType": "set",
            "type": "SET_ATTRIB_NUMBER",
            "value":
            {
                "varName": "player.modifierRounded.RANGED_DMG"
            }
        },
        {
          "type": "WAIT_UNTIL",
          "condition": "player.modifierRounded.RANGED_DMG != entity.attrib.playerLastShooterValue"
        },
        {
          "time": 0.2,
          "type": "WAIT"
        },
        {
          "name": "repeat",
          "type": "GOTO_LABEL"
        }
      ],
      "invisible": false,
      "hp": 0,
      "stickToSource": "OWNER",
      "stickFaceAlign": false,
      "group": "",
      "size": {
        "x": 12,
        "y": 12,
        "z": 24
      },
      "config": {
        "collType": "NONE"
      },
      "type": "GENERIC"
    },
    "enemyShooterModifierShooter": {
      "copyOwnerAnims": false,
      "breakType": "COMBATANT",
      "action": [
        {
          "name": "repeat",
          "type": "LABEL"
        },
        {
          "withElse": false,
          "type": "IF",
          "condition": "entity.srcAttrib.playerLastShooterValue > entity.srcAttrib.myShooterValue",
          "thenStep": [
            {
              "align": "BOTTOM",
              "type": "SHOOT_PROXY",
              "proxy": "enemyStatShooterModifier",
              "offset": {
                "x": 0,
                "y": 0,
                "z": 12
              }
            },
            {
                "attribName": "myShooterValue",
                "changeType": "add",
                "changeConnected": "PROXY_SOURCE",
                "type": "SET_ATTRIB_NUMBER",
                "value": 0.1
            }
          ]
        },
        {
          "time": 0.2,
          "type": "WAIT"
        },
        {
          "name": "repeat",
          "type": "GOTO_LABEL"
        }
      ],
      "invisible": false,
      "hp": 0,
      "stickToSource": "OWNER",
      "stickFaceAlign": false,
      "group": "shooterModifierGroup",
      "size": {
        "x": 12,
        "y": 12,
        "z": 24
      },
      "config": {
        "collType": "NONE"
      },
      "type": "GENERIC"
    },
    "enemyStatShooterModifier": {
      "copyOwnerAnims": false,
      "breakType": "ACTION",
      "action": [
        {
          "target": "PROXY_OWNER",
          "type": "ADD_ACTION_BUFF",
          "stats": [
            "RANGED_DMG-001"
          ]
        },
        {
                    "time": -1,
                    "type": "WAIT"
                }
      ],
      "invisible": false,
      "hp": 0,
      "stickToSource": "OWNER",
      "stickFaceAlign": false,
      "group": "shooterModifierGroup",
      "size": {
        "x": 12,
        "y": 12,
        "z": 24
      },
      "config": {
        "collType": "NONE"
      },
      "type": "GENERIC"
    },
    "modifierCheckBouncer": {
      "copyOwnerAnims": false,
      "breakType": "NEVER",
      "action": [
        {
          "name": "repeat",
          "type": "LABEL"
        },
        {
          "group": "bouncerModifierGroup",
          "type": "REMOVE_PROXIES"
        },
        {
            "attribName": "myBouncerValue",
            "changeType": "set",
            "type": "SET_ATTRIB_NUMBER",
            "value": 0
        },
        {
          "align": "BOTTOM",
          "type": "SHOOT_PROXY",
          "proxy": "enemyBouncerModifierShooter",
          "offset": {
            "x": 0,
            "y": 0,
            "z": 12
          }
        },
        {
            "attribName": "playerLastBouncerValue",
            "changeType": "set",
            "type": "SET_ATTRIB_NUMBER",
            "value":
            {
                "varName": "player.modifierRounded.BREAK_DMG"
            }
        },
        {
          "type": "WAIT_UNTIL",
          "condition": "player.modifierRounded.BREAK_DMG != entity.attrib.playerLastBouncerValue"
        },
        {
          "time": 0.2,
          "type": "WAIT"
        },
        {
          "name": "repeat",
          "type": "GOTO_LABEL"
        }
      ],
      "invisible": false,
      "hp": 0,
      "stickToSource": "OWNER",
      "stickFaceAlign": false,
      "group": "",
      "size": {
        "x": 12,
        "y": 12,
        "z": 24
      },
      "config": {
        "collType": "NONE"
      },
      "type": "GENERIC"
    },
    "enemyBouncerModifierShooter": {
      "copyOwnerAnims": false,
      "breakType": "COMBATANT",
      "action": [
        {
          "name": "repeat",
          "type": "LABEL"
        },
        {
          "withElse": false,
          "type": "IF",
          "condition": "entity.srcAttrib.playerLastBouncerValue > entity.srcAttrib.myBouncerValue",
          "thenStep": [
            {
              "align": "BOTTOM",
              "type": "SHOOT_PROXY",
              "proxy": "enemyStatBouncerModifier",
              "offset": {
                "x": 0,
                "y": 0,
                "z": 12
              }
            },
            {
                "attribName": "myBouncerValue",
                "changeType": "add",
                "changeConnected": "PROXY_SOURCE",
                "type": "SET_ATTRIB_NUMBER",
                "value": 0.1
            }
          ]
        },
        {
          "time": 0.2,
          "type": "WAIT"
        },
        {
          "name": "repeat",
          "type": "GOTO_LABEL"
        }
      ],
      "invisible": false,
      "hp": 0,
      "stickToSource": "OWNER",
      "stickFaceAlign": false,
      "group": "bouncerModifierGroup",
      "size": {
        "x": 12,
        "y": 12,
        "z": 24
      },
      "config": {
        "collType": "NONE"
      },
      "type": "GENERIC"
    },
    "enemyStatBouncerModifier": {
      "copyOwnerAnims": false,
      "breakType": "ACTION",
      "action": [
        {
          "target": "PROXY_OWNER",
          "type": "ADD_ACTION_BUFF",
          "stats": [
            "BREAK_DMG-001"
          ]
        },
        {
                    "time": -1,
                    "type": "WAIT"
                }
      ],
      "invisible": false,
      "hp": 0,
      "stickToSource": "OWNER",
      "stickFaceAlign": false,
      "group": "shooterModifierGroup",
      "size": {
        "x": 12,
        "y": 12,
        "z": 24
      },
      "config": {
        "collType": "NONE"
      },
      "type": "GENERIC"
    },
    "combatChecker": {
      "copyOwnerAnims": false,
      "breakType": "COMBATANT",
      "action": [
        {
          "attribName": "present",
          "changeType": "add",
          "type": "SET_ATTRIB_NUMBER",
          "value": 1
        },
        {
                "withElse": false,
                "type": "IF",
                "condition": "!combat.active",
                "thenStep": [
                  {
                    "name": "instance1",
                    "type": "GOTO_LABEL"
                  }
                ]
              },
        {
                "name": "loop",
                "type": "LABEL"
              },
        {
          "type": "WAIT_UNTIL",
          "condition": "combat.active"
        },
        {
            "group": "falseCombatGroup",
            "type": "REMOVE_PROXIES"
          },
       {
                "align": "BOTTOM",
                "type": "SHOOT_PROXY",
                "proxy": "combatIsActive",
                "offset": {
                  "x": 0,
                  "y": 0,
                  "z": 12
                }
              },
        {
          "type": "WAIT_UNTIL",
          "condition": "!combat.active"
        },
        {
                    "name": "instance1",
                    "type": "LABEL"
        },
        {
            "group": "trueCombatGroup",
            "type": "REMOVE_PROXIES"
          },
        {
                "align": "BOTTOM",
                "type": "SHOOT_PROXY",
                "proxy": "combatIsNotActive",
                "offset": {
                  "x": 0,
                  "y": 0,
                  "z": 12
                }
              },
        {
                "name": "loop",
                "type": "GOTO_LABEL"
              }
      ],
      "invisible": false,
      "hp": 0,
      "stickToSource": "NONE",
      "stickFaceAlign": false,
      "group": "allyWarnerGroup",
      "size": {
        "x": 12,
        "y": 12,
        "z": 24
      },
      "config": {
        "collType": "NONE"
      },
      "type": "GENERIC"
    },
    "combatIsActive": {
      "copyOwnerAnims": false,
      "breakType": "COMBATANT",
      "action": [
                {
          "target": "SELF",
          "align": "BOTTOM",
          "duration": -1,
          "type": "STICK_TO_TARGET",
          "offset": {
            "x": 0,
            "y": 0,
            "z": 0
          }
        },
                {
                    "time": -1,
                    "type": "WAIT"
                }
      ],
      "invisible": false,
      "hp": 0,
      "stickToSource": "OWNER",
      "stickFaceAlign": false,
      "group": "trueCombatGroup",
      "size": {
        "x": 12,
        "y": 12,
        "z": 24
      },
      "config": {
        "collType": "NONE"
      },
      "type": "GENERIC"
    },
    "combatIsNotActive": {
      "copyOwnerAnims": false,
      "breakType": "COMBATANT",
      "action": [
                {
          "target": "SELF",
          "align": "BOTTOM",
          "duration": -1,
          "type": "STICK_TO_TARGET",
          "offset": {
            "x": 0,
            "y": 0,
            "z": 0
          }
        },
                {
                    "time": -1,
                    "type": "WAIT"
                }
      ],
      "invisible": false,
      "hp": 0,
      "stickToSource": "OWNER",
      "stickFaceAlign": false,
      "group": "falseCombatGroup",
      "size": {
        "x": 12,
        "y": 12,
        "z": 24
      },
      "config": {
        "collType": "NONE"
      },
      "type": "GENERIC"
    },
    "waveBulletMini": {
      "copyOwnerAnims": false,
      "breakType": "NEVER",
      "action": [
        {
          "value": 10,
          "type": "SET_ACCEL_SPEED"
        },
        {
          "value": 4000,
          "type": "SET_SPEED"
        },
        {
          "time": 0.4,
          "missReactTime": 0,
          "cancelOnHit": false,
          "withBranches": true,
          "collideCancel": 1,
          "orthoDirFactor": 0,
          "ignoreLastHit": false,
          "collideSlip": false,
          "type": "TACKLE",
          "attack": {
            "type": "HEAVY",
            "element": "WAVE",
            "fly": "MASSIVE",
            "reverse": false,
            "damageFactor": 3,
            "status": 6,
            "guardable": "",
            "skillBonus": "RANGED_DMG",
            "limiter": "",
            "hints":["CHARGED"]
          },
          "hit": [],
          "missed": []
        },
        {
          "type": "STOP_XY"
        },
        {
          "value": "NONE",
          "type": "SET_COLL_TYPE"
        },
        {
          "type": "WAIT",
          "time": 0.3
        }
      ],
      "invisible": false,
      "hp": 0,
      "stickToSource": "NONE",
      "stickFaceAlign": false,
      "group": "",
      "startAnim": "",
      "label": "",
      "size": {
        "x": 12,
        "y": 12,
        "z": 32
      },
      "config": {
        "collType": "TRIGGER",
        "airFriction": 1,
        "zGravityFactor": 0,
        "bounciness": 0.0001
      },
      "type": "GENERIC"
      },
    "waveBullet": {
      "copyOwnerAnims": false,
      "breakType": "NEVER",
      "action": [
        {
          "value": 10,
          "type": "SET_ACCEL_SPEED"
        },
        {
          "value": 4000,
          "type": "SET_SPEED"
        },
        {
          "time": 0.4,
          "missReactTime": 0,
          "cancelOnHit": false,
          "withBranches": true,
          "collideCancel": 1,
          "rotateSpeed": 0.1,
          "orthoDirFactor": 0,
          "ignoreLastHit": false,
          "collideSlip": false,
          "type": "TACKLE",
          "attack": {
            "type": "MASSIVE",
            "element": "WAVE",
            "damageFactor": 6,
            "fly": "MASSIVE++",
            "reverse": false,
            "status": 5,
            "guardable": "NEVER",
            "skillBonus": "RANGED_DMG",
            "limiter": "",
            "hints":["CHARGED"]
          },
          "hit": [],
          "missed": []
        },
        {
          "type": "STOP_XY"
        },
        {
          "value": "NONE",
          "type": "SET_COLL_TYPE"
        },
        {
          "type": "WAIT",
          "time": 0.3
        }
      ],
      "invisible": false,
      "hp": 0,
      "stickToSource": "NONE",
      "stickFaceAlign": false,
      "group": "",
      "startAnim": "",
      "label": "",
      "size": {
        "x": 12,
        "y": 12,
        "z": 32
      },
      "config": {
        "collType": "TRIGGER",
        "airFriction": 1,
        "zGravityFactor": 0,
        "bounciness": 0.0001
      },
      "type": "GENERIC"
      }
  },
  "actions": {
  	"Init": [
      {
        "value": 0.2,
        "type": "SET_INVINCIBLE"
      },
  		{
        "group": "staticsFurGroup",
        "target": "SELF",
        "ignoreSelf": false,
        "sticking": true,
        "type": "REMOVE_PROXIES"
      },
      {
        "align": "BOTTOM",
        "offset": {
          "x": 0,
          "y": 0,
          "z": 0
        },
        "proxy": "placeholderStickingProxy",
        "type": "SHOOT_PROXY"
      },
      {
          "align": "BOTTOM",
          "type": "SHOOT_PROXY",
          "proxy": "elementCheck",
          "offset": {
            "x": 0,
            "y": 0,
            "z": 0
          }
      },
      {
          "align": "BOTTOM",
          "type": "SHOOT_PROXY",
          "proxy": "modifierCheckShooter",
          "offset": {
            "x": 0,
            "y": 0,
            "z": 0
          }
      }
    ],
    "shootCombatChecker": [
  		{
          "align": "BOTTOM",
          "type": "SHOOT_PROXY",
          "proxy": "combatChecker",
          "offset": {
            "x": 0,
            "y": 0,
            "z": 0
          }
        }
    ],
    "Idle": [
      {
          "kind": "PLAYER",
          "type": "SET_TEMP_TARGET"
      },
      {
        "type": "FACE_TO_TARGET",
        "value": true
      },
      {
        "maxTime": 0.3,
        "minTime": 0.1,
        "type": "WAIT_RANDOM"
      }
    ],
    "FollowMe": [
      {
        "type": "SET_RELATIVE_SPEED",
        "value": 0.7

      },
      {
        "type": "SET_HIT_STABLE",
        "value": "MEDIUM"
      },
      {
        "distance": 110,
        "entity": {
          "player": true
        },
        "forceTime": false,
        "ignoreBelow": 110,
        "maxTime": 0.5,
        "planOnly": false,
        "precise": true,
        "type": "NAVIGATE_TO_ENTITY"
      }
    ],
    "BattleIdle": [
      {
        "value": true,
        "type": "FACE_TO_TARGET"
      },
      {
        "minTime": 0.1,
        "maxTime": 0.3,
        "type": "WAIT_RANDOM"
      }
    ],
    "Adjust": [
      {
        "passive": "IMMUNE",
        "type": "CHANGE_ENEMY_ANNOTATION"
      },
      {
        "value": "HEAVY",
        "type": "SET_HIT_STABLE"
      },
      {
        "value": 2,
        "type": "SET_RELATIVE_SPEED"
      },
      {
        "value": 0.2,
        "type": "SET_INVINCIBLE"
      },
      {
        "duration": 0.2,
        "align": "BOTTOM",
        "rotateFace": 0,
        "flipLeftFace": false,
        "wait": false,
        "waitSkip": 0,
        "actionDetached": false,
        "fixPos": false,
        "type": "SHOW_EFFECT",
        "effect": {
          "sheet": "enemies.colibri",
          "name": "shockDash"
        },
        "offset": {
          "x": 0,
          "y": 0,
          "z": 0
        }
      },
      {
        "maxTime": 0.4,
        "forceTime": false,
        "distance": 160,
        "throwing": true,
        "planOnly": false,
        "targetType": "ENEMY",
        "type": "NAVIGATE_ESCAPE_TARGET"
      }
    ],
    "AdjustEscape": [
      {
        "value": 0.5,
        "type": "SET_INVINCIBLE"
      },
      {
        "wait": false,
        "viaWalkConfig": false,
        "type": "SHOW_ANIMATION",
        "anim": "idleFast"
      },
      {
        "value": 1,
        "type": "SET_RELATIVE_SPEED"
      },
      {
        "maxTime": 1,
        "forceTime": false,
        "distance": 120,
        "throwing": false,
        "planOnly": false,
        "targetType": "ENEMY",
        "type": "NAVIGATE_ESCAPE_TARGET"
      }
    ],
    "Boom": [
      {
        "changeType": "sub",
        "type": "CHANGE_VAR_NUMBER",
        "varName": "tmp.sniperBirdAlive",
        "value": 1
      }
    ],
    "OneShot": [
      {
        "type": "REASSIGN_TARGET"
      },
      {
        "type": "DISABLE_REACTION",
        "reaction": "ESCAPE"
      },
      {
        "type": "DISABLE_REACTION",
        "reaction": "EVADE"
      },
      {
        "active": "PRE_ATTACK",
        "type": "CHANGE_ENEMY_ANNOTATION"
      },
      {
        "value": true,
        "type": "FACE_TO_TARGET"
      },
      {
        "value": 2,
        "type": "SET_RELATIVE_SPEED"
      },
      {
        "value": 0.2,
        "type": "SET_INVINCIBLE"
      },
      {
        "value": "HEAVY",
        "type": "SET_HIT_STABLE"
      },
      {
        "duration": 0.2,
        "align": "BOTTOM",
        "rotateFace": 0,
        "flipLeftFace": false,
        "wait": false,
        "waitSkip": 0,
        "actionDetached": false,
        "fixPos": false,
        "type": "SHOW_EFFECT",
        "effect": {
          "sheet": "enemies.colibri",
          "name": "shockDash"
        },
        "offset": {
          "x": 0,
          "y": 0,
          "z": 0
        }
      },
      {
        "maxTime": 0.4,
        "forceTime": false,
        "distance": 160,
        "throwing": true,
        "planOnly": false,
        "targetType": "ENEMY",
        "type": "NAVIGATE_ESCAPE_TARGET"
      },
      {
        "wait": false,
        "viaWalkConfig": false,
        "type": "SHOW_ANIMATION",
        "anim": "moveBack"
      },
      {
        "duration": -1,
        "align": "BOTTOM",
        "rotateFace": 0,
        "flipLeftFace": false,
        "wait": false,
        "waitSkip": 0,
        "actionDetached": false,
        "fixPos": false,
        "type": "SHOW_EFFECT",
        "effect": {
          "sheet": "charge",
          "name": "light"
        },
        "offset": {
          "x": 0,
          "y": 0,
          "z": 0
        }
      },
      {
        "duration": -1,
        "align": "FACE",
        "rotateFace": 0,
        "flipLeftFace": false,
        "wait": false,
        "waitSkip": 0,
        "actionDetached": false,
        "fixPos": false,
        "type": "SHOW_EFFECT",
        "effect": {
          "sheet": "enemies.colibri",
          "name": "waveCharge"
        },
        "offset": {
          "x": 0,
          "y": 0,
          "z": 0
        }
      },
      {
        "time": 0.6,
        "type": "WAIT"
      },
      {
        "type": "CLEAR_EFFECTS"
      },
      {
        "duration": 0,
        "align": "FACE",
        "rotateFace": 0,
        "flipLeftFace": false,
        "wait": false,
        "waitSkip": 0,
        "actionDetached": false,
        "fixPos": false,
        "type": "SHOW_EFFECT",
        "effect": {
          "sheet": "enemies.colibri",
          "name": "wavePreShot"
        },
        "offset": {
          "x": 0,
          "y": 0,
          "z": 0
        }
      },
      {
        "time": 0.5,
        "type": "WAIT"
      },
      {
        "type": "REASSIGN_TARGET"
      },
      {
        "value": false,
        "type": "FACE_TO_TARGET"
      },
      {
        "time": 0.0833,
        "type": "WAIT"
      },
      {
        "type": "CLEAR_EFFECTS"
      },
      {
        "value": true,
        "type": "SET_FACE_FIX"
      },
      {
        "active": "ATTACK",
        "type": "CHANGE_ENEMY_ANNOTATION"
      },
      {
        "duration": 0,
        "align": "FACE",
        "rotateFace": -1,
        "flipLeftFace": false,
        "wait": false,
        "waitSkip": 0,
        "actionDetached": false,
        "fixPos": true,
        "type": "SHOW_EFFECT",
        "effect": {
          "sheet": "enemies.colibri",
          "name": "waveShot"
        },
        "offset": {
          "x": 0,
          "y": 0,
          "z": -6
        }
      },
      {
        "align": "BOTTOM",
        "aimAtTarget": false,
        "type": "SHOOT_PROXY",
        "proxy": "waveBulletMini",
        "offset": {
          "x": 0,
          "y": 0,
          "z": 0
        }
      },
      {
        "name": "trailEnd",
        "target": "SELF",
        "align": "FACE",
        "faceDistance": 1000,
        "selfFaceDistance": 0,
        "type": "SET_ATTRIB_POS"
      },
      {
        "duration": 0.5,
        "align": "FACE",
        "rotateFace": 0,
        "flipLeftFace": false,
        "wait": false,
        "waitSkip": 0,
        "actionDetached": false,
        "target2": "ATTRIB_POINT",
        "target2Key": "trailEnd",
        "fixPos": true,
        "type": "SHOW_EFFECT",
        "effect": {
          "sheet": "enemies.colibri",
          "name": "waveBulletTrail"
        },
        "offset": {
          "x": 0,
          "y": 0,
          "z": -6
        }
      },
      {
        "followUp": "idle",
        "wait": false,
        "viaWalkConfig": false,
        "type": "SHOW_ANIMATION",
        "anim": "recoil"
      },
      {
        "type": "DISABLE_REACTION",
        "reaction": "EVADE"
      },
      {
        "type": "DISABLE_REACTION",
        "reaction": "ESCAPE"
      },
      {
        "type": "ENABLE_REACTION",
        "reaction": "EVADE_EXHAUST"
      },
      {
        "value": "MASSIVE",
        "type": "SET_HIT_STABLE"
      },
      {
        "duration": 3,
        "align": "BOTTOM",
        "rotateFace": 0,
        "flipLeftFace": false,
        "wait": false,
        "waitSkip": 0,
        "actionDetached": false,
        "fixPos": false,
        "type": "SHOW_EFFECT",
        "effect": {
          "sheet": "charge",
          "name": "light"
        },
        "offset": {
          "x": 0,
          "y": 0,
          "z": 0
        }
      },
      {
        "active": "POST_ATTACK",
        "passive": "VULNERABLE",
        "weapon": "ANY",
        "type": "CHANGE_ENEMY_ANNOTATION"
      },
      {
        "value": 1,
        "type": "SET_RELATIVE_SPEED"
      },
      {
        "time": 0.1,
        "stopBeforeEdge": false,
        "type": "MOVE_BACKWARD"
      },
      {
        "value": false,
        "type": "SET_FACE_FIX"
      },
      {
        "value": true,
        "type": "FACE_TO_TARGET"
      },
      {
        "stateReset": false,
        "type": "DO_ENEMY_ACTION_INLINE",
        "actionName": "BreakableWait"
      }
    ],
    "360NoScope": [
      {
        "type": "REASSIGN_TARGET"
      },
      {
        "type": "DISABLE_REACTION",
        "reaction": "ESCAPE"
      },
      {
        "type": "DISABLE_REACTION",
        "reaction": "EVADE"
      },
      {
        "active": "PRE_ATTACK",
        "type": "CHANGE_ENEMY_ANNOTATION"
      },
      {
        "value": true,
        "type": "FACE_TO_TARGET"
      },
      {
        "value": 0.4,
        "type": "SET_RELATIVE_SPEED"
      },
      {
        "value": 0.2,
        "type": "SET_INVINCIBLE"
      },
      {
        "value": "HEAVY",
        "type": "SET_HIT_STABLE"
      },
      {
        "wait": false,
        "viaWalkConfig": false,
        "type": "SHOW_ANIMATION",
        "anim": "preShoot"
      },
      {
        "duration": -1,
        "align": "CENTER",
        "rotateFace": 0,
        "flipLeftFace": false,
        "wait": false,
        "waitSkip": 0,
        "actionDetached": false,
        "group": "charge",
        "fixPos": false,
        "type": "SHOW_EFFECT",
        "effect": {
          "sheet": "enemies.colibri",
          "name": "waveCharge"
        },
        "offset": {
          "x": 0,
          "y": 0,
          "z": 0
        }
      },
      {
        "volume": 1,
        "global": false,
        "loop": false,
        "type": "PLAY_SOUND",
        "sound": "media/sound/battle/enemies/parrot/parrot-gun-windup.ogg"
      },
      {
        "maxTime": 0.4,
        "forceTime": true,
        "distance": 160,
        "throwing": true,
        "planOnly": false,
        "targetType": "ENEMY",
        "type": "NAVIGATE_ESCAPE_TARGET"
      },
      {
        "type": "WAIT",
        "time": 0.5
      },
      {
        "value": true,
        "type": "SET_HIT_IGNORE"
      },
      {
        "name": "teleport",
        "searchType": "BEHIND",
        "distance": 160,
        "centralAngle": 0.7,
        "throwing": false,
        "type": "SET_ATTRIB_CLOSE_TARGET_POS"
      },
      {
        "duration": 0,
        "align": "BOTTOM",
        "rotateFace": 0,
        "flipLeftFace": false,
        "wait": false,
        "waitSkip": 0,
        "actionDetached": false,
        "target2": "ATTRIB_POINT",
        "target2Key": "teleport",
        "fixPos": true,
        "type": "SHOW_EFFECT",
        "effect": {
          "sheet": "puzzle.wave-teleport",
          "name": "trail"
        },
        "offset": {
          "x": 0,
          "y": 0,
          "z": 0
        }
      },
      {
        "duration": 0,
        "align": "BOTTOM",
        "rotateFace": 0,
        "flipLeftFace": false,
        "wait": false,
        "waitSkip": 0,
        "actionDetached": false,
        "fixPos": false,
        "type": "SHOW_EFFECT",
        "effect": {
          "sheet": "puzzle.wave-teleport",
          "name": "hide"
        },
        "offset": {
          "x": 0,
          "y": 0,
          "z": 0
        }
      },
      {
        "type": "SET_ATTRIB_BOOL",
        "name": "hidden",
        "value": true
      },
      {
        "time": 0.1,
        "type": "WAIT"
      },
      {
        "attrib": "teleport",
        "type": "TELEPORT_TO_ATTRIB_POS"
      },
      {
        "duration": 0,
        "align": "BOTTOM",
        "rotateFace": 0,
        "flipLeftFace": false,
        "wait": false,
        "waitSkip": 0,
        "actionDetached": false,
        "fixPos": false,
        "type": "SHOW_EFFECT",
        "effect": {
          "sheet": "puzzle.wave-teleport",
          "name": "show"
        },
        "offset": {
          "x": 0,
          "y": 0,
          "z": 0
        }
      },
      {
        "value": false,
        "type": "SET_HIT_IGNORE"
      },
      {
        "type": "SET_ATTRIB_BOOL",
        "name": "hidden",
        "value": false
      },
      {
        "value": true,
        "immediately": false,
        "type": "FACE_TO_TARGET"
      },
      {
        "time": 0.3,
        "type": "WAIT"
      },
      {
        "duration": 0,
        "align": "CENTER",
        "rotateFace": -1,
        "flipLeftFace": false,
        "wait": false,
        "waitSkip": 0,
        "actionDetached": false,
        "fixPos": true,
        "type": "SHOW_EFFECT",
        "effect": {
          "sheet": "enemies.colibri",
          "name": "wavePreShot"
        },
        "offset": {
          "x": 0,
          "y": 0,
          "z": -6
        }
      },
      {
        "time": 0.6,
        "type": "WAIT"
      },
      {
        "type": "REASSIGN_TARGET"
      },
      {
        "value": false,
        "type": "FACE_TO_TARGET"
      },
      {
        "time": 0.0833,
        "type": "WAIT"
      },
      {
        "value": true,
        "type": "SET_FACE_FIX"
      },
      {
        "group": "charge",
        "type": "CLEAR_EFFECTS"
      },
      {
        "active": "ATTACK",
        "type": "CHANGE_ENEMY_ANNOTATION"
      },
      {
        "duration": 0,
        "align": "CENTER",
        "rotateFace": -1,
        "flipLeftFace": false,
        "wait": false,
        "waitSkip": 0,
        "actionDetached": false,
        "fixPos": true,
        "type": "SHOW_EFFECT",
        "effect": {
          "sheet": "enemies.colibri",
          "name": "waveShot"
        },
        "offset": {
          "x": 0,
          "y": 0,
          "z": -6
        }
      },
      {
        "align": "BOTTOM",
        "aimAtTarget": false,
        "type": "SHOOT_PROXY",
        "proxy": "waveBullet",
        "offset": {
          "x": 0,
          "y": 0,
          "z": 0
        }
      },
      {
        "name": "trailEnd",
        "target": "SELF",
        "align": "FACE",
        "faceDistance": 1000,
        "selfFaceDistance": 0,
        "type": "SET_ATTRIB_POS"
      },
      {
        "duration": 0.5,
        "align": "CENTER",
        "rotateFace": 0,
        "flipLeftFace": false,
        "wait": false,
        "waitSkip": 0,
        "actionDetached": false,
        "target2": "ATTRIB_POINT",
        "target2Key": "trailEnd",
        "fixPos": true,
        "type": "SHOW_EFFECT",
        "effect": {
          "sheet": "enemies.colibri",
          "name": "waveBulletTrail"
        },
        "offset": {
          "x": 0,
          "y": 0,
          "z": -6
        }
      },
      {
        "followUp": "idle",
        "wait": false,
        "viaWalkConfig": false,
        "type": "SHOW_ANIMATION",
        "anim": "recoil"
      },
      {
        "type": "DISABLE_REACTION",
        "reaction": "EVADE"
      },
      {
        "type": "DISABLE_REACTION",
        "reaction": "ESCAPE"
      },
      {
        "type": "ENABLE_REACTION",
        "reaction": "EVADE_EXHAUST"
      },
      {
        "value": "MASSIVE",
        "type": "SET_HIT_STABLE"
      },
      {
        "duration": 3,
        "align": "BOTTOM",
        "rotateFace": 0,
        "flipLeftFace": false,
        "wait": false,
        "waitSkip": 0,
        "actionDetached": false,
        "fixPos": false,
        "type": "SHOW_EFFECT",
        "effect": {
          "sheet": "charge",
          "name": "light"
        },
        "offset": {
          "x": 0,
          "y": 0,
          "z": 0
        }
      },
      {
        "active": "POST_ATTACK",
        "passive": "VULNERABLE",
        "weapon": "ANY",
        "type": "CHANGE_ENEMY_ANNOTATION"
      },
      {
        "value": 1,
        "type": "SET_RELATIVE_SPEED"
      },
      {
        "time": 0.1,
        "stopBeforeEdge": false,
        "type": "MOVE_BACKWARD"
      },
      {
        "value": false,
        "type": "SET_FACE_FIX"
      },
      {
        "value": true,
        "type": "FACE_TO_TARGET"
      },
      {
        "stateReset": false,
        "type": "DO_ENEMY_ACTION_INLINE",
        "actionName": "BreakableWait"
      }
    ],
    "MoveToSpawnPoint": [
      {
        "value": 2,
        "type": "SET_RELATIVE_SPEED"
      },
      {
        "maxTime": 0.1,
        "maxDistance": 16,
        "precise": true,
        "type": "NAVIGATE_TO_SPAWN_POINT"
      },
      {
        "minTime": 2,
        "maxTime": 3,
        "type": "WAIT_RANDOM"
      }
    ],
    "MoveRandom": [
      {
        "value": 2,
        "type": "SET_RELATIVE_SPEED"
      },
      {
        "value": false,
        "type": "SET_JUMPING"
      },
      {
        "minTime": 0.1,
        "maxTime": 0.1,
        "dirChanges": 0,
        "stopBeforeEdge": false,
        "type": "MOVE_RANDOM"
      },
      {
        "minTime": 2,
        "maxTime": 3,
        "type": "WAIT_RANDOM"
      }
    ],
    "Escape": [
      {
        "passive": "IMMUNE",
        "type": "CHANGE_ENEMY_ANNOTATION"
      },
      {
        "value": "HEAVY",
        "type": "SET_HIT_STABLE"
      },
      {
        "value": 2,
        "type": "SET_RELATIVE_SPEED"
      },
      {
        "value": 0.2,
        "type": "SET_INVINCIBLE"
      },
      {
        "duration": 0.2,
        "align": "BOTTOM",
        "rotateFace": 0,
        "flipLeftFace": false,
        "wait": false,
        "waitSkip": 0,
        "actionDetached": false,
        "fixPos": false,
        "type": "SHOW_EFFECT",
        "effect": {
          "sheet": "enemies.colibri",
          "name": "shockDash"
        },
        "offset": {
          "x": 0,
          "y": 0,
          "z": 0
        }
      },
      {
        "maxTime": 0.4,
        "forceTime": false,
        "moveDist": 100,
        "targetDistGoal": 120,
        "throwing": false,
        "avoidSideway": false,
        "planOnly": false,
        "direction": null,
        "type": "NAVIGATE_RANGE_TARGET"
      },
      {
        "type": "STOP_XY"
      },
      {
        "type": "WAIT",
        "time": 0.1
      }
    ],
    "Evade": [
      {
        "value": 2,
        "type": "SET_RELATIVE_SPEED"
      },
      {
        "value": 0.2,
        "type": "SET_INVINCIBLE"
      },
      {
        "value": "HEAVY",
        "type": "SET_HIT_STABLE"
      },
      {
        "duration": 0.2,
        "align": "BOTTOM",
        "rotateFace": 0,
        "flipLeftFace": false,
        "wait": false,
        "waitSkip": 0,
        "actionDetached": false,
        "fixPos": false,
        "type": "SHOW_EFFECT",
        "effect": {
          "sheet": "enemies.colibri",
          "name": "shockDash"
        },
        "offset": {
          "x": 0,
          "y": 0,
          "z": 0
        }
      },
      {
        "maxTime": 0.4,
        "distance": 80,
        "planOnly": false,
        "dodgeType": "NEUTRAL",
        "type": "NAVIGATE_DODGE"
      },
      {
        "type": "STOP_XY"
      }
    ],
    "EvadeDizzy": [
      {
        "type": "DISABLE_REACTION",
        "reaction": "ESCAPE"
      },
      {
        "type": "DISABLE_REACTION",
        "reaction": "EVADE"
      },
      {
        "type": "DISABLE_REACTION",
        "reaction": "EVADE_EXHAUST"
      },
      {
        "value": 1.5,
        "type": "SET_RELATIVE_SPEED"
      },
      {
        "value": 0.2,
        "type": "SET_INVINCIBLE"
      },
      {
        "value": "LIGHT",
        "type": "SET_HIT_STABLE"
      },
      {
        "duration": 0.2,
        "align": "BOTTOM",
        "rotateFace": 0,
        "flipLeftFace": false,
        "wait": false,
        "waitSkip": 0,
        "actionDetached": false,
        "fixPos": false,
        "type": "SHOW_EFFECT",
        "effect": {
          "sheet": "enemies.colibri",
          "name": "shockDash"
        },
        "offset": {
          "x": 0,
          "y": 0,
          "z": 0
        }
      },
      {
        "duration": 0.4,
        "align": "BOTTOM",
        "rotateFace": 0,
        "flipLeftFace": false,
        "wait": false,
        "waitSkip": 0,
        "actionDetached": true,
        "fixPos": false,
        "type": "SHOW_EFFECT",
        "effect": {
          "sheet": "enemies.colibri",
          "name": "weakStart"
        },
        "offset": {
          "x": 0,
          "y": 0,
          "z": 0
        }
      },
      {
        "duration": -1,
        "align": "BOTTOM",
        "rotateFace": 0,
        "flipLeftFace": false,
        "wait": false,
        "waitSkip": 0,
        "actionDetached": true,
        "group": "weakEffect",
        "fixPos": true,
        "type": "SHOW_EFFECT",
        "effect": {
          "sheet": "enemies.colibri",
          "name": "shockBreak"
        },
        "offset": {
          "x": 0,
          "y": 0,
          "z": 0
        }
      },
      {
        "maxTime": 0.2,
        "distance": 80,
        "planOnly": false,
        "dodgeType": "AGGRESSIVE",
        "type": "NAVIGATE_DODGE"
      },
      {
        "face": "SOUTH_EAST",
        "rotate": false,
        "rotateSpeed": 3,
        "type": "SET_FACE"
      },
      {
        "wait": false,
        "viaWalkConfig": false,
        "type": "SHOW_ANIMATION",
        "anim": "damage"
      },
      {
        "value": false,
        "type": "FACE_TO_TARGET"
      },
      {
        "value": 0,
        "type": "SET_FLY_HEIGHT"
      },
      {
        "value": 0.25,
        "type": "SET_RELATIVE_SPEED"
      },
      {
        "value": 0.4,
        "type": "SET_FRICTION"
      },
      {
        "value": 0.4,
        "type": "SET_AIR_FRICTION"
      },
      {
        "value": 0.8,
        "type": "SET_Z_BOUNCINESS"
      },
      {
        "time": 0.25,
        "turn": 2,
        "random": 0,
        "type": "ROTATE_FACE"
      },
      {
        "time": 0.25,
        "turn": 1,
        "random": 0,
        "type": "ROTATE_FACE"
      },
      {
        "time": 0.25,
        "turn": 0.5,
        "random": 0,
        "type": "ROTATE_FACE"
      },
      {
        "time": 0.25,
        "turn": 0.25,
        "random": 0,
        "type": "ROTATE_FACE"
      }
    ],
    "Recover": [
      {
        "type": "DISABLE_REACTION",
        "reaction": "EVADE"
      },
      {
        "type": "DISABLE_REACTION",
        "reaction": "EVADE_EXHAUST"
      },
      {
        "type": "DISABLE_REACTION",
        "reaction": "ESCAPE"
      },
      {
        "group": "weakEffect",
        "type": "CLEAR_EFFECTS"
      },
      {
        "type": "SET_WALK_ANIMS",
        "config": "default"
      },
      {
        "value": 4,
        "type": "SET_FLY_HEIGHT"
      },
      {
        "stateReset": false,
        "type": "DO_ENEMY_ACTION_INLINE",
        "actionName": "Adjust"
      }
    ],
    "CampIdle": [
      {
        "value": true,
        "type": "FACE_TO_TARGET"
      },
      {
        "minTime": 0.1,
        "maxTime": 0.3,
        "type": "WAIT_RANDOM"
      }
    ],
    "CampAppear": [
      {
        "value": 6,
        "type": "SET_FLY_HEIGHT"
      },
      {
        "wait": false,
        "viaWalkConfig": false,
        "type": "SHOW_ANIMATION",
        "anim": "preShoot"
      },
      {
        "duration": 0,
        "align": "BOTTOM",
        "rotateFace": 0,
        "flipLeftFace": false,
        "wait": false,
        "waitSkip": 0,
        "actionDetached": false,
        "fixPos": false,
        "type": "SHOW_EFFECT",
        "effect": {
          "sheet": "enemies.colibri",
          "name": "capeFly"
        },
        "offset": {
          "x": 0,
          "y": 0,
          "z": 0
        }
      },
      {
        "type": "WAIT",
        "time": -1
      }
    ],
    "BreakableWait": [
      {
        "conditions": [
          {
            "count": 4,
            "sameType": true,
            "negated": false,
            "type": "ENEMY_COUNT"
          }
        ],
        "withElse": true,
        "type": "COMBAT_IF",
        "thenStep": [
          {
            "type": "WAIT",
            "time": 2.5
          }
        ],
        "elseStep": [
          {
            "conditions": [
              {
                "count": 3,
                "sameType": true,
                "negated": false,
                "type": "ENEMY_COUNT"
              }
            ],
            "withElse": true,
            "type": "COMBAT_IF",
            "thenStep": [
              {
                "type": "WAIT",
                "time": 2
              }
            ],
            "elseStep": [
              {
                "type": "WAIT",
                "time": 1.5
              }
            ]
          }
        ]
      }
    ],
    "UnHide": [
      {
        "duration": 0,
        "align": "BOTTOM",
        "rotateFace": 0,
        "flipLeftFace": false,
        "wait": false,
        "waitSkip": 0,
        "actionDetached": false,
        "fixPos": false,
        "type": "SHOW_EFFECT",
        "effect": {
          "sheet": "puzzle.wave-teleport",
          "name": "show"
        },
        "offset": {
          "x": 0,
          "y": 0,
          "z": 0
        }
      },
      {
        "type": "SET_ATTRIB_BOOL",
        "name": "hidden",
        "value": false
      }
    ]
  },
  "reactions": {
    "ESCAPE": {
      "minDistance": 0,
      "maxDistance": 80,
      "preciseFace": false,
      "checkCollision": false,
      "action": "Escape",
      "conditions": [],
      "ignoreParty": false,
      "ignoreReplaceTargets": false,
      "type": "TARGET_DISTANCE"
    },
    "EVADE": {
      "action": "Evade",
      "viewAngle": 0.5,
      "restartPrevAction": false,
      "probability": 1,
      "count": 0,
      "blockTime": 1,
      "conditions": [],
      "type": "DODGE"
    },
    "EVADE_EXHAUST": {
      "preSwitchState": "WEAK",
      "action": "EvadeDizzy",
      "viewAngle": 1,
      "restartPrevAction": false,
      "probability": 1,
      "count": 0,
      "blockTime": 1,
      "conditions": [],
      "type": "DODGE"
    },
    "KILL_HIT": {
      "hitType": "KILL_HIT",
      "preAction": "Boom",
      "blockFurtherHits": false,
      "attackType": "MASSIVE",
      "flyLevel": "MASSIVE+",
      "stunChange": "FORCE_STUN",
      "alignFace": false,
      "dramaticEffect": 0,
      "conditions": [],
      "ignoreFailed": false,
      "type": "HIT_REACTION"
    }
  },
  "meta": {
    "species": {
      "en_US": "Silent Sniper",
      "de_DE": "Stiller Schütze<<C<<Geprüft: Minsu",
      "zh_CN": "沉默鸟狙<<A<<[CHANGED 2020/06/17]",
      "zh_TW": "沉默鳥狙<<A<<[CHANGED 2020/06/15]",
      "ja_JP": "サイレントスナイパー<<A<<[CHANGED 2020/06/17]",
      "ko_KR": "조용한 저격수<<A<<[CHANGED 2020/06/17]",
      "langUid": 1
    },
    "category": "ANIMALS",
    "descriptions": [
      {
        "text": {
          "en_US": "Armed with a mouth that doubles as a sniper gun, this bird does not mess around. It can react to any movement in a split second and will dodge all incoming fire. However a shot from its beak and a dodge takes a lot of energy leaving it open for a counter attack.",
          "de_DE": "Bewaffnet mit einem Mund, der gleichzeitig als Scharfschützengewehr dient, macht dieser Vogel keine halben Sachen. Er kann in Sekundenbruchteilen auf jede Bewegung reagieren und weicht jedem Schuss aus. Ein Schuss aus dem Schnabel und das Ausweichen verbrauchen jedoch viel Energie, womit er für einen Gegenangriff anfällig wird.<<C<<Geprüft: Minsu",
          "zh_CN": "它的大嘴也能当做狙击枪使用，威力十足。它有着极快的反应速度，能够闪避所有来袭子弹。但是它的射击也十分消耗精力，开火后会暴露弱点。<<A<<[CHANGED 2020/06/17]",
          "zh_TW": "它的大嘴也能當做狙擊槍使用，威力十足。它有著極快的反應速度，能夠閃避所有來襲子彈。但是它的射擊也十分消耗精力，開火後會暴露弱點。<<A<<[CHANGED 2020/06/15]",
          "ja_JP": "スナイパー銃にもなるクチバシで武装したこの鳥は、危険度が高い。どんな動きにも瞬時に反応し、弾丸もかわすことができる。しかし、クチバシからの発砲や素早い身のこなしには大きなエネルギーを費やし、 カウンター攻撃に対し口が開いたまま、無防備になる。<<A<<[CHANGED 2020/06/17]",
          "ko_KR": "저격총의 기능을 겸한 부리가 있는 이 새는 빈둥대지 않습니다. 1초도 안 되는 시간에 움직임에 반응해 공격을 회피할 수 있지만, 부리 공격과 회피에는 많은 에너지가 소모돼 반격을 당하기도 합니다.<<A<<[CHANGED 2020/06/17]",
          "langUid": 3
        },
        "condition": ""
      }
    ]
  }
}