{
  "DOCTYPE": "ENEMY",
  "_wm": {
    "attributes": {
      "timeToBall": {
        "_type": "Boolean",
        "_info": "If true: instantly start bowling once summoned"
      }
    }
  },
  "actions": {
    "SDCollabAttack": [
      {
        "changeType": "set",
        "type": "CHANGE_VAR_BOOL",
        "varName": "tmp.letsGoo",
        "value": false
      },
      {
        "group": "trueCollabGroup",
        "type": "REMOVE_PROXIES"
      },
      {
        "align": "BOTTOM",
        "type": "SHOOT_PROXY",
        "proxy": "collabIsNotActive",
        "offset": {
          "x": 0,
          "y": 0,
          "z": 12
        }
      },
      {
          "poiFilter":
          {
              "conditions":
              [
                  {
                      "sticking": true,
                      "group": "vulnerableEnemyGroup",
                      "negated": false,
                      "type": "HAS_PROXY"
                  }
              ],
              "allEnemies": true,
              "type": "ACTIVE_ENEMIES"
          },
          "distance": 2000,
          "type": "SET_POI_TEMP_TARGET"
      },
      {
        "withElse": false,
        "type": "IF",
        "condition": "!entity.hasTmpTarget",
        "thenStep": [
          {
            "type": "REASSIGN_TARGET"
          }
        ]
      },
      {
        "type": "SET_HIT_STABLE",
        "value": "MASSIVE"
      },
      {
        "anim": "roll",
        "type": "SHOW_ANIMATION",
        "viaWalkConfig": false,
        "wait": false
      },
      {
        "type": "CLEAR_EFFECTS"
      },
      {
        "value": true,
        "immediately": true,
        "type": "FACE_TO_TARGET"
      },
      {
        "value": false,
        "immediately": true,
        "type": "FACE_TO_TARGET"
      },
      {
          "duration": -1,
          "align": "CENTER",
          "rotateFace": 8,
          "flipLeftFace": false,
          "wait": false,
          "waitSkip": 0,
          "actionDetached": false,
          "fixPos": false,
          "type": "SHOW_EFFECT",
          "effect":
          {
              "sheet": "specials.neutral-LSM",
              "name": "neutralDashTrail"
          },
          "offset":
          {
              "x": 0,
              "y": 0,
              "z": 0
          }
      },
      {
        "value": 450,
        "type": "SET_SPEED"
      },
      {
        "value": 1,
        "type": "SET_AIR_FRICTION"
      },
      {
        "value": 5,
        "type": "SET_ACCEL_SPEED"
      },
      {
        "value": 450,
        "type": "SET_Z_VEL"
      },
      {
        "value": 1,
        "type": "SET_Z_GRAVITY_FACTOR"
      },
      {
        "stopType": "Z_ZENITH",
        "stopBeforeTime": 0,
        "distance": 0,
        "rotateSpeed": 0.6,
        "adjustSpeedMax": 600,
        "missileMode": 0,
        "cancelIfBelowFall": true,
        "type": "JUMP_TARGET_MOVEMENT"
      },
      {
        "value": -700,
        "type": "SET_Z_VEL"
      },
      {
        "type": "STOP_XY"
      },
      {
        "type": "WAIT_UNTIL_ON_GROUND"
      },
      {
        "rumbleType": "HORIZONTAL",
        "name": "",
        "duration": 0.2,
        "power": "STRONGER",
        "speed": "FASTER",
        "fade": false,
        "type": "RUMBLE_SCREEN"
      },
      {
        "proxy": "allyHitProxy",
        "type": "SET_HIT_PROXY"
      },
      {
          "align": "BOTTOM",
          "radius": 90,
          "yScale": 0,
          "zHeight": 24,
          "centralAngle": 1,
          "duration": 2,
          "expandRadius": 0,
          "alwaysFull": true,
          "clockwise": false,
          "flipLeftFace": 0,
          "rectangular": false,
          "repeat": false,
          "uniformHitDir": false,
          "fixPos": false,
          "checkCollision": true,
          "type": "CIRCLE_ATTACK",
          "attack":
          {
              "type": "MEDIUM",
              "element": "NEUTRAL",
              "damageFactor": 4,
              "reverse": false,
              "guardable": "FROM_ABOVE",
              "skillBonus": "MELEE_DMG"
          },
          "offset":
          {
              "x": 0,
              "y": 0,
              "z": 0
          }
      },
      {
          "align": "BOTTOM",
          "type": "SHOOT_PROXY",
          "proxy": "groundPoundQuake",
          "offset":
          {
              "x": 0,
              "y": 0,
              "z": 0
          }
      },
      {
        "type": "CLEAR_EFFECTS"
      },
      {
        "group": "enchant",
        "type": "CLEAR_EFFECTS"
      },
      {
        "type": "CLEAR_ANIMATION"
      },
      {
        "time": 0.25,
        "type": "WAIT"
      },
      {
        "group": "falseCollabGroup",
        "type": "REMOVE_PROXIES"
      },
      {
        "group": "trueCollabGroup",
        "type": "REMOVE_PROXIES"
      },
      {
        "group": "collabGroup",
        "type": "REMOVE_PROXIES"
      },
      {
          "align": "BOTTOM",
          "type": "SHOOT_PROXY",
          "proxy": "collabChecker",
          "offset": {
            "x": 0,
            "y": 0,
            "z": 0
          }
      },
      {
        "time": 0.25,
        "type": "WAIT"
      }
    ],
    "GetStored": [
      {
        "maxTime": 0.3,
        "minTime": 0,
        "type": "WAIT_RANDOM"
      },
      {
          "value": 275,
          "type": "SET_Z_VEL"
      },
      {
          "value": "IGNORE",
          "type": "SET_COLL_TYPE"
      },
      {
           "value": -1,
          "type": "SET_WEIGHT"
      },
      {
          "duration": -1,
          "align": "CENTER",
          "rotateFace": 0,
          "flipLeftFace": false,
          "wait": false,
          "waitSkip": 0,
          "actionDetached": false,
          "fixPos": false,
          "type": "SHOW_EFFECT",
          "effect":
          {
              "sheet": "specials.neutral-LSM",
              "name": "recallEffect"
          },
          "offset":
          {
              "x": 0,
              "y": 0,
              "z": 0
          }
      },
      {
        "hpBar": "HIDDEN",
        "analyzable": false,
        "type": "SET_ENEMY_STATUS_VISIBILITY"
      },
      {
          "minWait": 1,
          "type": "STOP_Z_ZENITH"
      },
      {
          "kind": "PLAYER",
          "type": "SET_TEMP_TARGET"
      },
      {
          "value": -1,
          "type": "SET_INVINCIBLE"
      },
      {
          "target": "TARGET",
          "distance": 0,
          "duration": 0.4,
          "ccw": false,
          "distAdjustSpeed": 2000,
          "waitUntil": "!tmp.joinMe",
          "waitTargetAlign": false,
          "collision": false,
          "type": "STICKY_CIRCLE_AROUND"
      },
      {
          "duration": 0,
          "align": "CENTER",
          "rotateFace": 0,
          "flipLeftFace": false,
          "wait": false,
          "waitSkip": 0,
          "actionDetached": false,
          "fixPos": false,
          "type": "SHOW_EFFECT",
          "effect":
          {
              "sheet": "specials.neutral-LSM",
              "name": "appearSimple"
          },
          "offset":
          {
              "x": 0,
              "y": 0,
              "z": 0
          }
      },
      {
          "time": 0.5,
          "type": "WAIT"
      }
    ],
    "Boom": [
      {
        "changeType": "sub",
        "type": "CHANGE_VAR_NUMBER",
        "varName": "tmp.hedgeAlive",
        "value": 1
      }
    ],
  	"Test": [
      {
        "value": 0.2,
        "type": "SET_INVINCIBLE"
      },
      {
            "actionDetached": true,
            "target": "PROXY_OWNER",
            "shield": {
              "type": "DIRECTIONAL",
              "settings": {
                "neutralize": true,
                "hitResist": "MASSIVE",
                "strength": "BLOCK_ALL",
                "duration": 0.2,
                "range": 1,
                "back": false
              }
            },
            "type": "ADD_SHIELD"
          },
      {
          "align": "BOTTOM",
          "type": "SHOOT_PROXY",
          "proxy": "elementCheck",
          "offset": {
            "x": 0,
            "y": 0,
            "z": 0
          }
      },
      {
          "align": "BOTTOM",
          "type": "SHOOT_PROXY",
          "proxy": "modifierCheckBrawler",
          "offset": {
            "x": 0,
            "y": 0,
            "z": 0
          }
      },
      {
          "align": "BOTTOM",
          "type": "SHOOT_PROXY",
          "proxy": "modifierCheckSpikeDmg",
          "offset": {
            "x": 0,
            "y": 0,
            "z": 0
          }
      },
      {
          "align": "BOTTOM",
          "type": "SHOOT_PROXY",
          "proxy": "collabChecker",
          "offset": {
            "x": 0,
            "y": 0,
            "z": 0
          }
      },
      {
        "align": "BOTTOM",
        "type": "SHOOT_PROXY",
        "proxy": "combatChecker",
        "offset": {
          "x": 0,
          "y": 0,
          "z": 0
        }
      },
      {
        "time": 0.2,
        "type": "WAIT"
      },
      {
        "withElse": false,
        "type": "IF",
        "condition": "entity.attrib.timeToBall",
        "thenStep": [
          {
            "noStateReset": true,
            "type": "DO_ENEMY_ACTION_INLINE",
            "actionName": "GetBowled"
          }
        ]
      }
    ],
    "Adjust": [
      {
          "poiFilter":
          {
              "conditions":
              [
                  {
                      "sticking": true,
                      "group": "vulnerableEnemyGroup",
                      "negated": false,
                      "type": "HAS_PROXY"
                  }
              ],
              "allEnemies": true,
              "type": "ACTIVE_ENEMIES"
          },
          "distance": 2000,
          "type": "SET_POI_TEMP_TARGET"
      },
      {
        "type": "SET_RELATIVE_SPEED",
        "value": 0.6
      },
      {
        "distance": 100,
        "forceTime": false,
        "maxTime": 1,
        "planOnly": false,
        "precise": false,
        "stayBehind": false,
        "targetType": "ENEMY",
        "type": "NAVIGATE_TO_TARGET"
      }
    ],
    "AdjustClose": [
      {
          "poiFilter":
          {
              "conditions":
              [
                  {
                      "sticking": true,
                      "group": "vulnerableEnemyGroup",
                      "negated": false,
                      "type": "HAS_PROXY"
                  }
              ],
              "allEnemies": true,
              "type": "ACTIVE_ENEMIES"
          },
          "distance": 2000,
          "type": "SET_POI_TEMP_TARGET"
      },
      {
        "type": "SET_RELATIVE_SPEED",
        "value": 0.6
      },
      {
        "distance": 70,
        "forceTime": false,
        "maxTime": 1,
        "planOnly": false,
        "precise": false,
        "stayBehind": false,
        "targetType": "ENEMY",
        "type": "NAVIGATE_TO_TARGET"
      }
    ],
    "Attack": [
      {
          "poiFilter":
          {
              "conditions":
              [
                  {
                      "sticking": true,
                      "group": "vulnerableEnemyGroup",
                      "negated": false,
                      "type": "HAS_PROXY"
                  }
              ],
              "allEnemies": true,
              "type": "ACTIVE_ENEMIES"
          },
          "distance": 2000,
          "type": "SET_POI_TEMP_TARGET"
      },
      {
        "active": "PRE_ATTACK",
        "type": "CHANGE_ENEMY_ANNOTATION"
      },
      {
        "type": "SET_RELATIVE_SPEED",
        "value": 0.7
      },
      {
        "type": "SET_HIT_STABLE",
        "value": "MEDIUM"
      },
      {
        "distance": 70,
        "forceTime": false,
        "maxTime": 0.5,
        "planOnly": false,
        "precise": false,
        "stayBehind": false,
        "targetType": "ENEMY",
        "type": "NAVIGATE_TO_TARGET"
      },
      {
        "type": "SET_RELATIVE_SPEED",
        "value": 1
      },
      {
        "actionDetached": false,
        "align": "BOTTOM",
        "duration": -1,
        "effect": {
          "name": "large",
          "sheet": "dust"
        },
        "fixPos": false,
        "flipLeftFace": false,
        "rotateFace": 0,
        "type": "SHOW_EFFECT",
        "wait": false,
        "waitSkip": 0
      },
      {
          "attribName": "finalSpikeValue",
          "changeType": "set",
          "type": "SET_ATTRIB_NUMBER",
          "value":
          {
              "varName": "player.modifierRounded.SPIKE_DMG"
          }
      },
      {
          "attribName": "finalSpikeValue",
          "changeType": "mul",
          "type": "SET_ATTRIB_NUMBER",
          "value": 3
      },
      {
        "value": {
              "varName": "entity.attrib.finalSpikeValue"
          },
        "type": "SET_SPIKE_DAMAGE_VAR"
      },
      {
        "actionDetached": false,
        "name": "full",
        "shield": {
          "settings": {
            "back": false,
            "baseFactor": 0.25,
            "hitResist": "HEAVY",
            "range": 1,
            "strength": "REGULAR"
          },
          "type": "DIRECTIONAL"
        },
        "type": "ADD_SHIELD"
      },
      {
        "type": "SET_HIT_STABLE",
        "value": "HEAVY"
      },
      {
          "poiFilter":
          {
              "conditions":
              [
                  {
                      "sticking": true,
                      "group": "vulnerableEnemyGroup",
                      "negated": false,
                      "type": "HAS_PROXY"
                  }
              ],
              "allEnemies": true,
              "type": "ACTIVE_ENEMIES"
          },
          "distance": 2000,
          "type": "SET_POI_TEMP_TARGET"
      },
      {
        "type": "FACE_TO_TARGET",
        "value": true
      },
      {
        "anim": "roll",
        "type": "SHOW_ANIMATION",
        "viaWalkConfig": false,
        "wait": false
      },
      {
        "global": false,
        "loop": false,
        "sound": "media/sound/battle/enemies/hedgehog/hedgehog-spin-in.ogg",
        "speed": 0.8,
        "type": "PLAY_SOUND",
        "volume": 0.9
      },
      {
        "time": 0.75,
        "type": "WAIT"
      },
      {
        "type": "CLEAR_EFFECTS"
      },
      {
        "type": "SET_SPEED",
        "value": 400
      },
      {
        "actionDetached": false,
        "align": "BOTTOM",
        "duration": -1,
        "effect": {
          "name": "line",
          "sheet": "dust"
        },
        "fixPos": false,
        "flipLeftFace": false,
        "rotateFace": 0,
        "type": "SHOW_EFFECT",
        "wait": false,
        "waitSkip": 0
      },
      {
        "global": false,
        "loop": false,
        "sound": "media/sound/battle/enemies/hedgehog/hedgehog-spin-out-long.ogg",
        "type": "PLAY_SOUND",
        "volume": 0.9
      },
      {
        "global": false,
        "loop": false,
        "sound": "media/sound/battle/dash-2.ogg",
        "type": "PLAY_SOUND",
        "volume": 0.8
      },
      {
        "type": "SET_COLL_TYPE",
        "value": "IGNORE"
      },
      {
        "type": "FACE_TO_TARGET",
        "value": false
      },
      {
        "reaction": "GUARD_COUNTER",
        "type": "ENABLE_REACTION"
      },
      {
        "active": "ATTACK",
        "type": "CHANGE_ENEMY_ANNOTATION"
      },
      {
        "proxy": "allyHitProxy",
        "type": "SET_HIT_PROXY"
      },
      {
          "align": "BOTTOM",
          "radius": 20,
          "yScale": 0,
          "zHeight": 12,
          "centralAngle": 0,
          "duration": 0.4,
          "expandRadius": 0,
          "alwaysFull": true,
          "clockwise": false,
          "flipLeftFace": 0,
          "rectangular": false,
          "repeat": false,
          "uniformHitDir": false,
          "fixPos": false,
          "checkCollision": true,
          "type": "CIRCLE_ATTACK",
          "attack":
          {
              "type": "HEAVY",
              "element": "NEUTRAL",
              "damageFactor": 1.8,
              "fly": "MASSIVE",
              "spFactor": 0,
              "hints": [
                "CHARGED"
              ],
              "guardable": "NEVER",
              "skillBonus": "MELEE_DMG"
          },
          "offset":
          {
              "x": 0,
              "y": 0,
              "z": 8
          }
      },
      {
        "stopBeforeEdge": true,
        "time": 0.4,
        "type": "MOVE_FORWARD"
      },
      {
        "active": "POST_ATTACK",
        "type": "CHANGE_ENEMY_ANNOTATION"
      },
      {
        "type": "SET_SPEED",
        "value": 50
      },
      {
        "stopBeforeEdge": false,
        "time": 0.1,
        "type": "MOVE_FORWARD"
      },
      {
        "withElse": false,
        "type": "COMBAT_IF",
        "conditions": [
          {
            "max": 0.4,
            "negated": false,
            "type": "RANDOM"
          }
        ],
        "thenStep":[
          {
            "type": "SET_SPEED",
            "value": 200
          },
          {
            "actionDetached": false,
            "align": "BOTTOM",
            "duration": -1,
            "effect": {
              "name": "line",
              "sheet": "dust"
            },
            "fixPos": false,
            "flipLeftFace": false,
            "rotateFace": 0,
            "type": "SHOW_EFFECT",
            "wait": false,
            "waitSkip": 0
          },
          {
            "global": false,
            "loop": false,
            "sound": "media/sound/battle/enemies/hedgehog/hedgehog-spin-out-long.ogg",
            "type": "PLAY_SOUND",
            "volume": 0.9
          },
          {
            "global": false,
            "loop": false,
            "sound": "media/sound/battle/dash-2.ogg",
            "type": "PLAY_SOUND",
            "volume": 0.8
          },
          {
            "type": "SET_COLL_TYPE",
            "value": "IGNORE"
          },
          {
              "poiFilter":
              {
                  "conditions":
                  [
                      {
                          "sticking": true,
                          "group": "vulnerableEnemyGroup",
                          "negated": false,
                          "type": "HAS_PROXY"
                      }
                  ],
                  "allEnemies": true,
                  "type": "ACTIVE_ENEMIES"
              },
              "distance": 2000,
              "type": "SET_POI_TEMP_TARGET"
          },
          {
            "type": "FACE_TO_TARGET",
            "value": true,
            "immediately": true
          },
          {
            "type": "FACE_TO_TARGET",
            "value": false,
            "immediately": false
          },
          {
            "reaction": "GUARD_COUNTER",
            "type": "ENABLE_REACTION"
          },
          {
            "active": "ATTACK",
            "type": "CHANGE_ENEMY_ANNOTATION"
          },
          {
            "proxy": "allyHitProxy",
            "type": "SET_HIT_PROXY"
          },
          {
              "align": "BOTTOM",
              "radius": 20,
              "yScale": 0,
              "zHeight": 12,
              "centralAngle": 0,
              "duration": 0.4,
              "expandRadius": 0,
              "alwaysFull": true,
              "clockwise": false,
              "flipLeftFace": 0,
              "rectangular": false,
              "repeat": false,
              "uniformHitDir": false,
              "fixPos": false,
              "checkCollision": true,
              "type": "CIRCLE_ATTACK",
              "attack":
              {
                  "type": "HEAVY",
                  "element": "NEUTRAL",
                  "damageFactor": 1.8,
                  "fly": "MASSIVE",
                  "spFactor": 0,
                  "hints": [
                    "CHARGED"
                  ],
                  "guardable": "NEVER",
                  "skillBonus": "MELEE_DMG"
              },
              "offset":
              {
                  "x": 0,
                  "y": 0,
                  "z": 8
              }
          },
          {
            "stopBeforeEdge": true,
            "time": 0.4,
            "type": "MOVE_FORWARD"
          }
        ]
      },
      {
        "withElse": false,
        "type": "COMBAT_IF",
        "conditions": [
          {
            "max": 0.35,
            "negated": false,
            "type": "RANDOM"
          }
        ],
        "thenStep":[
          {
            "value": 1,
            "type": "SET_RELATIVE_SPEED"
          },
          {
            "value": "HEAVY",
            "type": "SET_HIT_STABLE"
          },
          {
              "poiFilter":
              {
                  "conditions":
                  [
                      {
                          "sticking": true,
                          "group": "vulnerableEnemyGroup",
                          "negated": false,
                          "type": "HAS_PROXY"
                      }
                  ],
                  "allEnemies": true,
                  "type": "ACTIVE_ENEMIES"
              },
              "distance": 2000,
              "type": "SET_POI_TEMP_TARGET"
          },
          {
            "value": true,
            "type": "FACE_TO_TARGET"
          },
          {
            "wait": false,
            "viaWalkConfig": false,
            "type": "SHOW_ANIMATION",
            "anim": "roll"
          },
          {
            "name": "full",
            "actionDetached": false,
            "type": "ADD_SHIELD",
            "shield": {
              "type": "DIRECTIONAL",
              "settings": {
                "baseFactor": 0.25,
                "strength": "REGULAR",
                "hitResist": "HEAVY",
                "range": 1,
                "back": false
              }
            }
          },
          {
            "value": 350,
            "type": "SET_SPEED"
          },
          {
            "duration": 0,
            "align": "BOTTOM",
            "rotateFace": 0,
            "flipLeftFace": false,
            "wait": false,
            "waitSkip": 0,
            "actionDetached": false,
            "fixPos": false,
            "type": "SHOW_EFFECT",
            "effect": {
              "sheet": "dust",
              "name": "backMedium"
            }
          },
          {
            "value": "IGNORE",
            "type": "SET_COLL_TYPE"
          },
          {
            "volume": 0.9,
            "global": false,
            "loop": false,
            "type": "PLAY_SOUND",
            "sound": "media/sound/battle/enemies/hedgehog/hedgehog-spin-out-long.ogg"
          },
          {
            "active": "ATTACK",
            "type": "CHANGE_ENEMY_ANNOTATION"
          },
          {
            "jumpSpeed": 450,
            "adjustAbove": 14,
            "type": "JUMP_TO_TARGET"
          },
          {
            "proxy": "allyHitProxy",
            "type": "SET_HIT_PROXY"
          },
          {
            "align": "BOTTOM",
            "radius": 20,
            "yScale": 0,
            "zHeight": 64,
            "centralAngle": 0,
            "duration": 0,
            "expandRadius": 0,
            "alwaysFull": false,
            "clockwise": false,
            "flipLeftFace": 0,
            "rectangular": false,
            "repeat": false,
            "uniformHitDir": false,
            "fixPos": false,
            "checkCollision": false,
            "type": "CIRCLE_ATTACK",
            "attack": {
              "type": "HEAVY",
              "element": "NEUTRAL",
              "damageFactor": 2.5,
              "reverse": false,
              "spFactor": 0,
              "hints": [
                "CHARGED"
              ],
              "guardable": "FROM_ABOVE",
              "skillBonus": "MELEE_DMG"
            },
            "offset": {
              "x": 0,
              "y": 0,
              "z": 0
            }
          },
          {
            "duration": 0,
            "align": "BOTTOM",
            "rotateFace": 0,
            "flipLeftFace": false,
            "wait": false,
            "waitSkip": 0,
            "actionDetached": false,
            "fixPos": false,
            "type": "SHOW_EFFECT",
            "effect": {
              "sheet": "dust",
              "name": "backMedium"
            }
          },
          {
            "time": 0.2,
            "type": "WAIT"
          }
        ]
      }
    ],
    "GetBowled": [
      {
          "kind": "PLAYER",
          "type": "SET_TEMP_TARGET"
      },
      {
          "target": "TARGET",
          "type": "FACE_ALIGN"
      },
      {
        "type": "SET_SPEED",
        "value": 550
      },
      {
        "type": "SET_HIT_STABLE",
        "value": "MASSIVE"
      },
      {
          "attribName": "finalSpikeValue",
          "changeType": "set",
          "type": "SET_ATTRIB_NUMBER",
          "value":
          {
              "varName": "player.modifierRounded.SPIKE_DMG"
          }
      },
      {
          "attribName": "finalSpikeValue",
          "changeType": "mul",
          "type": "SET_ATTRIB_NUMBER",
          "value": 3
      },
      {
        "value": {
              "varName": "entity.attrib.finalSpikeValue"
          },
        "type": "SET_SPIKE_DAMAGE_VAR"
      },
      {
        "actionDetached": false,
        "name": "full",
        "shield": {
          "settings": {
            "back": false,
            "baseFactor": 0.25,
            "hitResist": "HEAVY",
            "range": 1,
            "strength": "REGULAR"
          },
          "type": "DIRECTIONAL"
        },
        "type": "ADD_SHIELD"
      },
      {
        "anim": "roll",
        "type": "SHOW_ANIMATION",
        "viaWalkConfig": false,
        "wait": false
      },
      {
        "global": false,
        "loop": false,
        "sound": "media/sound/battle/enemies/hedgehog/hedgehog-spin-out-long.ogg",
        "type": "PLAY_SOUND",
        "volume": 0.9
      },
      {
        "global": false,
        "loop": false,
        "sound": "media/sound/battle/dash-2.ogg",
        "type": "PLAY_SOUND",
        "volume": 0.8
      },
      {
        "type": "SET_COLL_TYPE",
        "value": "IGNORE"
      },
      {
          "align": "BOTTOM",
          "radius": 20,
          "yScale": 0,
          "zHeight": 12,
          "centralAngle": 0,
          "duration": 0.6,
          "expandRadius": 0,
          "alwaysFull": true,
          "clockwise": false,
          "flipLeftFace": 0,
          "rectangular": false,
          "repeat": false,
          "uniformHitDir": false,
          "fixPos": false,
          "checkCollision": true,
          "type": "CIRCLE_ATTACK",
          "attack":
          {
              "type": "HEAVY",
              "element": "NEUTRAL",
              "damageFactor": 7,
              "fly": "MASSIVE",
              "spFactor": 0,
              "guardable": "",
              "skillBonus": "MELEE_DMG"
          },
          "offset":
          {
              "x": 0,
              "y": 0,
              "z": 8
          }
      },
      {
        "time": 0.6,
        "stopBeforeEdge": false,
        "type": "MOVE_FORWARD"
      }
    ],
    "GetBowledBetter": [
      {
        "type": "SET_COLL_TYPE",
        "value": "IGNORE"
      },
      {
          "kind": "PLAYER",
          "type": "SET_TEMP_TARGET"
      },
      {
        "value": true,
        "immediately": true,
        "type": "FACE_TO_TARGET"
      },
      {
        "value": 350,
        "type": "SET_SPEED"
      },
      {
        "value": 1,
        "type": "SET_AIR_FRICTION"
      },
      {
        "value": 5,
        "type": "SET_ACCEL_SPEED"
      },
      {
        "value": 350,
        "type": "SET_Z_VEL"
      },
      {
        "value": 1.25,
        "type": "SET_Z_GRAVITY_FACTOR"
      },
      {
        "stopType": "LANDED",
        "stopBeforeTime": 0,
        "distance": 0,
        "rotateSpeed": 0.8,
        "adjustSpeedMax": 800,
        "missileMode": 0,
        "cancelIfBelowFall": false,
        "type": "JUMP_TARGET_MOVEMENT"
      },
      {
        "type": "STOP_XY"
      },
      {
        "value": 0,
        "type": "SET_SPEED"
      },
      {
        "value": false,
        "immediately": false,
        "type": "FACE_TO_TARGET"
      },
      {
          "target": "TARGET",
          "type": "FACE_ALIGN"
      },
      {
          "value": true,
          "type": "SET_FACE_FIX"
        },
      {
        "type": "SET_SPEED",
        "value": 750
      },
      {
        "type": "SET_HIT_STABLE",
        "value": "MASSIVE"
      },
      {
          "attribName": "finalSpikeValue",
          "changeType": "set",
          "type": "SET_ATTRIB_NUMBER",
          "value":
          {
              "varName": "player.modifierRounded.SPIKE_DMG"
          }
      },
      {
          "attribName": "finalSpikeValue",
          "changeType": "mul",
          "type": "SET_ATTRIB_NUMBER",
          "value": 3
      },
      {
        "value": {
              "varName": "entity.attrib.finalSpikeValue"
          },
        "type": "SET_SPIKE_DAMAGE_VAR"
      },
      {
        "actionDetached": false,
        "name": "full",
        "shield": {
          "settings": {
            "back": false,
            "baseFactor": 0.25,
            "hitResist": "HEAVY",
            "range": 1,
            "strength": "REGULAR"
          },
          "type": "DIRECTIONAL"
        },
        "type": "ADD_SHIELD"
      },
      {
        "anim": "roll",
        "type": "SHOW_ANIMATION",
        "viaWalkConfig": false,
        "wait": false
      },
      {
        "global": false,
        "loop": false,
        "sound": "media/sound/battle/enemies/hedgehog/hedgehog-spin-out-long.ogg",
        "type": "PLAY_SOUND",
        "volume": 0.9
      },
      {
        "global": false,
        "loop": false,
        "sound": "media/sound/battle/dash-2.ogg",
        "type": "PLAY_SOUND",
        "volume": 0.8
      },
      {
          "align": "BOTTOM",
          "radius": 20,
          "yScale": 0,
          "zHeight": 12,
          "centralAngle": 0,
          "duration": 0.45,
          "expandRadius": 0,
          "alwaysFull": true,
          "clockwise": false,
          "flipLeftFace": 0,
          "rectangular": false,
          "repeat": false,
          "uniformHitDir": false,
          "fixPos": false,
          "checkCollision": true,
          "type": "CIRCLE_ATTACK",
          "attack":
          {
              "type": "MASSIVE",
              "element": "NEUTRAL",
              "damageFactor": 9,
              "fly": "MASSIVE",
              "critFactor": 1,
              "spFactor": 0,
              "guardable": "",
              "skillBonus": "MELEE_DMG"
          },
          "offset":
          {
              "x": 0,
              "y": 0,
              "z": 8
          }
      },
      {
        "time": 0.45,
        "stopBeforeEdge": false,
        "type": "MOVE_FORWARD"
      }
    ],
    "Bounce": [
      {
        "random": 0,
        "time": 0,
        "turn": 0.5,
        "type": "ROTATE_FACE"
      },
      {
        "type": "SET_SPEED",
        "value": 700
      },
      {
        "anim": "roll",
        "type": "SHOW_ANIMATION",
        "viaWalkConfig": false,
        "wait": false
      },
      {
        "type": "SET_COLL_TYPE",
        "value": "VIRTUAL"
      },
      {
          "align": "BOTTOM",
          "radius": 20,
          "yScale": 0,
          "zHeight": 12,
          "centralAngle": 0,
          "duration": 0.6,
          "expandRadius": 0,
          "alwaysFull": true,
          "clockwise": false,
          "flipLeftFace": 0,
          "rectangular": false,
          "repeat": false,
          "uniformHitDir": false,
          "fixPos": false,
          "checkCollision": true,
          "type": "CIRCLE_ATTACK",
          "attack":
          {
              "type": "HEAVY",
              "element": "NEUTRAL",
              "damageFactor": 7,
              "fly": "MASSIVE",
              "spFactor": 0,
              "guardable": "NEVER",
              "skillBonus": "MELEE_DMG"
          },
          "offset":
          {
              "x": 0,
              "y": 0,
              "z": 8
          }
      },
      {
        "time": 0.6,
        "stopBeforeEdge": false,
        "type": "MOVE_FORWARD"
      }
    ],
    "BattleIdle": [
      {
        "type": "FACE_TO_TARGET",
        "value": true
      },
      {
        "maxTime": 0.4,
        "minTime": 0.2,
        "type": "WAIT_RANDOM"
      }
    ],
    "BlockCounter": [
      {
        "actionDetached": false,
        "align": "BOTTOM",
        "duration": 0,
        "effect": {
          "name": "flashShort",
          "sheet": "combat"
        },
        "flipLeftFace": false,
        "rotateFace": 0,
        "type": "SHOW_EFFECT",
        "wait": false,
        "waitSkip": 0
      },
      {
        "breaking": false,
        "flyLevel": "MASSIVE",
        "stable": false,
        "type": "DO_DAMAGE_MOVEMENT",
        "wait": true
      },
      {
        "time": 0.4,
        "type": "WAIT"
      }
    ],
    "GetClose": [
      {
          "poiFilter":
          {
              "conditions":
              [
                  {
                      "sticking": true,
                      "group": "vulnerableEnemyGroup",
                      "negated": false,
                      "type": "HAS_PROXY"
                  }
              ],
              "allEnemies": true,
              "type": "ACTIVE_ENEMIES"
          },
          "distance": 2000,
          "type": "SET_POI_TEMP_TARGET"
      },
      {
        "type": "SET_RELATIVE_SPEED",
        "value": 0.7
      },
      {
        "type": "SET_HIT_STABLE",
        "value": "MEDIUM"
      },
      {
        "distance": 60,
        "forceTime": false,
        "maxTime": 0.5,
        "planOnly": false,
        "precise": false,
        "stayBehind": false,
        "targetType": "ENEMY",
        "type": "NAVIGATE_TO_TARGET"
      }
    ],
    "FollowMe": [
      {
        "type": "SET_RELATIVE_SPEED",
        "value": 0.6

      },
      {
          "value": "VIRTUAL",
          "type": "SET_COLL_TYPE"
      },
      {
        "type": "SET_HIT_STABLE",
        "value": "MEDIUM"
      },
      {
        "distance": 80,
        "entity": {
          "player": true
        },
        "forceTime": false,
        "ignoreBelow": 80,
        "maxTime": 0.5,
        "planOnly": false,
        "precise": true,
        "type": "NAVIGATE_TO_ENTITY"
      }
    ],
    "Idle": [
    	{
          "kind": "PLAYER",
          "type": "SET_TEMP_TARGET"
      },
      {
        "type": "FACE_TO_TARGET",
        "value": true
      },
      {
        "maxTime": 0.3,
        "minTime": 0.1,
        "type": "WAIT_RANDOM"
      }
    ],
    "Jump": [
      {
        "active": "PRE_ATTACK",
        "type": "CHANGE_ENEMY_ANNOTATION"
      },
      {
        "type": "SET_RELATIVE_SPEED",
        "value": 0.7
      },
      {
        "type": "SET_HIT_STABLE",
        "value": "MEDIUM"
      },
      {
        "distance": 80,
        "forceTime": false,
        "maxTime": 0.5,
        "planOnly": false,
        "precise": false,
        "stayBehind": false,
        "targetType": "ENEMY",
        "type": "NAVIGATE_TO_TARGET"
      },
      {
        "type": "SET_RELATIVE_SPEED",
        "value": 1
      },
      {
        "type": "SET_HIT_STABLE",
        "value": "HEAVY"
      },
      {
        "type": "FACE_TO_TARGET",
        "value": true
      },
      {
        "anim": "roll",
        "type": "SHOW_ANIMATION",
        "viaWalkConfig": false,
        "wait": false
      },
      {
        "actionDetached": false,
        "name": "full",
        "shield": {
          "settings": {
            "baseFactor": 0.25,
            "range": 1
          },
          "type": "DIRECTIONAL"
        },
        "type": "ADD_SHIELD"
      },
      {
        "global": false,
        "loop": false,
        "sound": "media/sound/battle/enemies/hedgehog/hedgehog-spin-out.ogg",
        "speed": 0.7,
        "type": "PLAY_SOUND",
        "volume": 0.9
      },
      {
        "ignoreSounds": false,
        "jumpHeight": "L",
        "type": "JUMP",
        "wait": true
      },
      {
        "global": false,
        "loop": false,
        "sound": "media/sound/battle/enemies/hedgehog/hedgehog-spin-out.ogg",
        "speed": 0.85,
        "type": "PLAY_SOUND",
        "volume": 0.9
      },
      {
        "ignoreSounds": false,
        "jumpHeight": "L",
        "type": "JUMP",
        "wait": true
      },
      {
        "type": "SET_SPEED",
        "value": 200
      },
      {
        "actionDetached": false,
        "align": "BOTTOM",
        "duration": 0,
        "effect": {
          "name": "backMedium",
          "sheet": "dust"
        },
        "fixPos": false,
        "flipLeftFace": false,
        "rotateFace": 0,
        "type": "SHOW_EFFECT",
        "wait": false,
        "waitSkip": 0
      },
      {
        "type": "SET_COLL_TYPE",
        "value": "IGNORE"
      },
      {
        "global": false,
        "loop": false,
        "sound": "media/sound/battle/enemies/hedgehog/hedgehog-spin-out-long.ogg",
        "type": "PLAY_SOUND",
        "volume": 0.9
      },
      {
        "active": "ATTACK",
        "type": "CHANGE_ENEMY_ANNOTATION"
      },
      {
        "adjustAbove": 13,
        "jumpSpeed": 300,
        "type": "JUMP_TO_TARGET"
      },
      {
        "align": "BOTTOM",
        "alwaysFull": false,
        "attack": {
          "damageFactor": 1.2,
          "element": "NEUTRAL",
          "spFactor": 0,
          "type": "HEAVY"
        },
        "centralAngle": 0,
        "checkCollision": false,
        "clockwise": false,
        "duration": 0,
        "expandRadius": 0,
        "fixPos": false,
        "flipLeftFace": false,
        "radius": 20,
        "rectangular": false,
        "repeat": false,
        "type": "CIRCLE_ATTACK",
        "uniformHitDir": false,
        "yScale": 0,
        "zHeight": 64
      },
      {
        "actionDetached": false,
        "align": "BOTTOM",
        "duration": 0,
        "effect": {
          "name": "backMedium",
          "sheet": "dust"
        },
        "fixPos": false,
        "flipLeftFace": false,
        "rotateFace": 0,
        "type": "SHOW_EFFECT",
        "wait": false,
        "waitSkip": 0
      }
    ],
    "MoveRandom": [
      {
        "type": "SET_RELATIVE_SPEED",
        "value": 0.3
      },
      {
        "type": "SET_JUMPING",
        "value": false
      },
      {
        "dirChanges": 0,
        "maxTime": 0.5,
        "minTime": 0.3,
        "stopBeforeEdge": true,
        "type": "MOVE_RANDOM"
      },
      {
        "maxTime": 0.6,
        "minTime": 0.5,
        "type": "WAIT_RANDOM"
      }
    ],
    "MoveToSpawnPoint": [
      {
        "type": "SET_RELATIVE_SPEED",
        "value": 0.5
      },
      {
        "maxDistance": 16,
        "maxTime": 3,
        "precise": false,
        "type": "NAVIGATE_TO_SPAWN_POINT"
      }
    ]
  },
  "aiGroup": "",
  "aiLearnType": "REGULAR",
  "anims": "enemies.hedgehog",
  "boss": false,
  "bossOrder": 0,
  "credit": 0,
  "defaultState": "IDLE",
  "enduranceScale": 1,
  "exp": 0,
  "healDropRate": 0,
  "hitStable": "LIGHT",
  "hpBreaks": [],
  "itemDrops": [],
  "jumpingEnabled": true,
  "level": 99,
  "material": "ORGANIC",
  "maxSp": 8,
  "maxVel": 180,
  "meta": {
    "category": "ANIMALS",
    "descriptions": [
      {
        "condition": "",
        "text": {
          "de_DE": "Diese große Igöllkreatur findet man für gewöhnlich in bis zu 20 Mann starken Rudeln. Normalerweise sind sie friedlich, doch werden sie gereizt, setzen sie ihre scharfen Nadeln ein, um ihre Feinde anzugreifen.\nNiemand weiß genau, warum sie \\c[3]Igöll\\c[0] heißen. Einige sagen, es war bloß ein Tippfehler. Andere vermuten, der Name rührt von ihrer gewalttätigen Natur, wenn sie im Rudel angegriffen werden. Es bleibt ein Rätsel.<<C<<Geprüft: Minsu",
          "en_US": "This large hedgehog creature can usually be found in packs of up to 20. Normally it is peaceful but when provoked it will use its sharp needles to attack its predator. \nNo one really knows why it was named \\c[3]\\v[combat.name.hedgehog]\\c[0]. Some say it was a typo when the enemy was first named. Others say it stirs from its violent nature when provoked in packs. It's a mystery.",
          "ja_JP": "大きなハリネズミ型の生き物で、最大20匹の群れで行動していることが多い。普段は温厚だが、襲われた際は鋭いトゲで反撃を行う。\n\\c[3]\\v[combat.name.hedgehog]\\c[0]と名づけられた由来は不明である。誰かが初めて命名した際のタイプミスがそのまま定着したという説や、群れを怒らせた時の凶暴性からつけられたという説もある。<<A<<[CHANGED 2018/09/19]",
          "ko_KR": "이 거대 고슴도치는 보통 20마리씩 뭉쳐 다닙니다. 보통 때는 평화롭지만, 화가 나면 뾰족한 가시로 포식자를 공격합니다.\n왜 이름이 \\c[3]\\v[combat.name.hedgehog]\\c[0]인지는 아무도 모릅니다. 몇몇은 처음 이름이 지어졌을 때 오타가 난 것으로 생각합니다. 다른 몇몇은 단체로 화가 날 때 위협적인 환경에서 벗어나게 해준다고 합니다. 의문이군요.<<A<<[CHANGED 2018/09/19]",
          "langUid": 6,
          "zh_CN": "这种大型刺猬通常群居。一般比较温和，如果遭受攻击会使用尖刺反击。\n没人知道它的名字到底为什么是“\\c[3]\\v[combat.name.hedgehog]\\c[0]”。有人说是在刚加入游戏的时候名字打错了。也有人说是因为遇到一大群的时候确实令人心生恐惧。但真正的答案无人知晓。<<A<<[CHANGED 2018/09/19]",
          "zh_TW": "這種大型刺猬通常群居。一般比較溫和，如果遭受攻擊會使用尖刺反擊。\r\n沒人知道它的名字到底為什麼是“\\c[3]\\v[combat.name.hedgehog]\\c[0]”。有人說是在剛加入遊戲的時候名字打錯了。也有人說是因為遇到一大群的時候確實令人心生恐懼。但真正的答案無人知曉。<<A<<[CHANGED 2018/09/19]"
        }
      },
      {
        "condition": "quest.unknown-warrior-1.solved",
        "text": {
          "de_DE": "Laut manchen Spielern führt das mehrfache Besiegen von Igölln in einer bestimmten Region von \\c[3]Autumn's Rise\\c[0] zu einem seltenen Ereignis.<<C<<Geprüft: Minsu",
          "en_US": "According to some players defeating multiple \\v[combat.name.hedgehog]s in a certain area of \\c[3]\\v[area.autumn-area.name]\\c[0] will lead to a rare event. ",
          "ja_JP": "一部プレイヤーによると、\\c[3]\\v[area.autumn-area.name]\\c[0]の特定エリアで\\v[combat.name.hedgehog]の群れを狩っていると珍しいイベントが起こるらしい。",
          "ko_KR": "몇몇 플레이어에 따르면, \\c[3]\\v[area.autumn-area.name]\\c[0]에서 \\v[combat.name.hedgehog]를 여러 마리 처치하면 희귀한 이벤트가 발생한다고 합니다.",
          "langUid": 7,
          "zh_CN": "根据有些玩家所言，在\\c[3]\\v[area.autumn-area.name]\\c[0]的特定区域击败多只\\v[combat.name.hedgehog]会触发特别事件。",
          "zh_TW": "根據有些玩家所言，在\\c[3]\\v[area.autumn-area.name]\\c[0]的特定區域擊敗多只\\v[combat.name.hedgehog]會觸發特別事件。"
        }
      }
    ],
    "species": {
      "de_DE": "Säugetier<<C<<Geprüft: Minsu",
      "en_US": "Mammal",
      "ja_JP": "哺乳類",
      "ko_KR": "포유류",
      "langUid": 4,
      "zh_CN": "哺乳类",
      "zh_TW": "哺乳類"
    }
  },
  "padding": {
    "x": 2,
    "y": 2
  },
  "params": {
    "attack": 1,
    "defense": 1,
    "focus": 1,
    "hp": 1,
    "statusEffect": [
      1.5,
      1,
      1.5,
      1
    ],
    "statusInflict": [
      1.25,
      1.25,
      1.25,
      1.25
    ]
  },
  "proxies": {
    "enemyStatsAttack": {
      "copyOwnerAnims": false,
      "breakType": "COMBATANT",
      "action": [
        {
            "attribName": "playerAttackValue",
            "changeType": "set",
            "type": "SET_ATTRIB_NUMBER",
            "value":
            {
                "varName": "player.param.attack"
            }
        },
        {
            "attribName": "playerAttackValue",
            "changeType": "mul",
            "type": "SET_ATTRIB_NUMBER",
            "value": 0.6
        },
        {
          "target": "PROXY_OWNER",
          "name": "ownerStatsAttack",
          "param": "attack",
          "changeType": "set",
          "value": {
                         "varName": "entity.attrib.playerAttackValue"
                       },
          "type": "MOD_ACTION_BUFF_PARAM"
        },
        {
                    "time": -1,
                    "type": "WAIT"
                }
      ],
      "invisible": false,
      "hp": 0,
      "stickToSource": "OWNER",
      "stickFaceAlign": false,
      "group": "statsGroup",
      "size": {
        "x": 12,
        "y": 12,
        "z": 24
      },
      "config": {
        "collType": "NONE"
      },
      "type": "GENERIC"
    },
    "enemyStatsDefense": {
      "copyOwnerAnims": false,
      "breakType": "COMBATANT",
      "action": [
        {
            "attribName": "playerDefenseValue",
            "changeType": "set",
            "type": "SET_ATTRIB_NUMBER",
            "value":
            {
                "varName": "player.param.defense"
            }
        },
        {
            "attribName": "playerDefenseValue",
            "changeType": "mul",
            "type": "SET_ATTRIB_NUMBER",
            "value": 0.9
        },
        {
          "target": "PROXY_OWNER",
          "name": "ownerStatsDefense",
          "param": "defense",
          "changeType": "set",
          "value": {
                         "varName": "entity.attrib.playerDefenseValue"
                       },
          "type": "MOD_ACTION_BUFF_PARAM"
        },
        {
                    "time": -1,
                    "type": "WAIT"
                }
      ],
      "invisible": false,
      "hp": 0,
      "stickToSource": "OWNER",
      "stickFaceAlign": false,
      "group": "statsGroup",
      "size": {
        "x": 12,
        "y": 12,
        "z": 24
      },
      "config": {
        "collType": "NONE"
      },
      "type": "GENERIC"
    },
    "enemyStatsFocus": {
      "copyOwnerAnims": false,
      "breakType": "COMBATANT",
      "action": [
        {
            "attribName": "playerFocusValue",
            "changeType": "set",
            "type": "SET_ATTRIB_NUMBER",
            "value":
            {
                "varName": "player.param.focus"
            }
        },
        {
            "attribName": "playerFocusValue",
            "changeType": "mul",
            "type": "SET_ATTRIB_NUMBER",
            "value": 0.4
        },
        {
          "target": "PROXY_OWNER",
          "name": "ownerStatsFocus",
          "param": "focus",
          "changeType": "set",
          "value": {
                         "varName": "entity.attrib.playerFocusValue"
                       },
          "type": "MOD_ACTION_BUFF_PARAM"
        },
        {
                    "time": -1,
                    "type": "WAIT"
                }
      ],
      "invisible": false,
      "hp": 0,
      "stickToSource": "OWNER",
      "stickFaceAlign": false,
      "group": "statsGroup",
      "size": {
        "x": 12,
        "y": 12,
        "z": 24
      },
      "config": {
        "collType": "NONE"
      },
      "type": "GENERIC"
    },
    "enemyStatsHp": {
      "copyOwnerAnims": false,
      "breakType": "COMBATANT",
      "action": [
        {
            "attribName": "playerHpValue",
            "changeType": "set",
            "type": "SET_ATTRIB_NUMBER",
            "value":
            {
                "varName": "player.param.hp"
            }
        },
        {
            "attribName": "playerHpValue",
            "changeType": "mul",
            "type": "SET_ATTRIB_NUMBER",
            "value": 0.75
        },
        {
          "target": "PROXY_OWNER",
          "name": "ownerStatsHp",
          "param": "hp",
          "changeType": "set",
          "value": {
                         "varName": "entity.attrib.playerHpValue"
                       },
          "type": "MOD_ACTION_BUFF_PARAM"
        },
        {
                    "time": -1,
                    "type": "WAIT"
                }
      ],
      "invisible": false,
      "hp": 0,
      "stickToSource": "OWNER",
      "stickFaceAlign": false,
      "group": "",
      "size": {
        "x": 12,
        "y": 12,
        "z": 24
      },
      "config": {
        "collType": "NONE"
      },
      "type": "GENERIC"
    },
    "enemyStatsShooter": {
      "copyOwnerAnims": false,
      "breakType": "NEVER",
      "action": [
        {
          "align": "BOTTOM",
          "type": "SHOOT_PROXY",
          "proxy": "enemyStatsHp",
          "offset": {
            "x": 0,
            "y": 0,
            "z": 12
          }
        },
        {
          "align": "BOTTOM",
          "type": "SHOOT_PROXY",
          "proxy": "enemyStatsAttack",
          "offset": {
            "x": 0,
            "y": 0,
            "z": 12
          }
        },
        {
          "align": "BOTTOM",
          "type": "SHOOT_PROXY",
          "proxy": "enemyStatsDefense",
          "offset": {
            "x": 0,
            "y": 0,
            "z": 12
          }
        },
        {
          "align": "BOTTOM",
          "type": "SHOOT_PROXY",
          "proxy": "enemyStatsFocus",
          "offset": {
            "x": 0,
            "y": 0,
            "z": 12
          }
        },
        {
                    "time": 0.2,
                    "type": "WAIT"
                }
      ],
      "invisible": false,
      "hp": 0,
      "stickToSource": "OWNER",
      "stickFaceAlign": false,
      "group": "",
      "size": {
        "x": 12,
        "y": 12,
        "z": 24
      },
      "config": {
        "collType": "NONE"
      },
      "type": "GENERIC"
    },
    "elementCheck": {
      "copyOwnerAnims": false,
      "breakType": "NEVER",
      "action": [
        {
          "target": "PROXY_OWNER",
          "name": "ownerStatsHp",
          "type": "ADD_ACTION_BUFF",
          "stats": [
            "HACK"
          ]
        },
        {
          "target": "PROXY_OWNER",
          "name": "ownerStatsFocus",
          "type": "ADD_ACTION_BUFF",
          "stats": [
            "HACK"
          ]
        },
        {
          "target": "PROXY_OWNER",
          "name": "ownerStatsDefense",
          "type": "ADD_ACTION_BUFF",
          "stats": [
            "HACK"
          ]
        },
        {
          "target": "PROXY_OWNER",
          "name": "ownerStatsAttack",
          "type": "ADD_ACTION_BUFF",
          "stats": [
            "HACK"
          ]
        },
        {
          "name": "repeat",
          "type": "LABEL"
        },
        {
            "actionDetached": true,
            "target": "PROXY_OWNER",
            "shield": {
              "type": "DIRECTIONAL",
              "settings": {
                "neutralize": true,
                "hitResist": "MASSIVE",
                "strength": "BLOCK_ALL",
                "duration": 0.2,
                "range": 1,
                "back": false
              }
            },
            "type": "ADD_SHIELD"
          },
        {
          "group": "statsGroup",
          "target": "PROXY_OWNER",
          "type": "REMOVE_PROXIES"
        },
        {
          "align": "BOTTOM",
          "type": "SHOOT_PROXY",
          "proxy": "enemyStatsShooter",
          "offset": {
            "x": 0,
            "y": 0,
            "z": 12
          }
        },
        {
            "attribName": "playerLastElement",
            "changeType": "set",
            "type": "SET_ATTRIB_NUMBER",
            "value":
            {
                "varName": "player.element"
            }
        },
        {
          "type": "WAIT_UNTIL",
          "condition": "player.element != entity.attrib.playerLastElement"
        },
        {
          "time": 0.2,
          "type": "WAIT"
        },
        {
          "name": "repeat",
          "type": "GOTO_LABEL"
        }
      ],
      "invisible": false,
      "hp": 0,
      "stickToSource": "OWNER",
      "stickFaceAlign": false,
      "group": "",
      "size": {
        "x": 12,
        "y": 12,
        "z": 24
      },
      "config": {
        "collType": "NONE"
      },
      "type": "GENERIC"
    },
    "modifierCheckBrawler": {
      "copyOwnerAnims": false,
      "breakType": "NEVER",
      "action": [
        {
          "name": "repeat",
          "type": "LABEL"
        },
        {
          "group": "brawlerModifierGroup",
          "type": "REMOVE_PROXIES"
        },
        {
            "attribName": "myBrawlerValue",
            "changeType": "set",
            "type": "SET_ATTRIB_NUMBER",
            "value": 0
        },
        {
          "align": "BOTTOM",
          "type": "SHOOT_PROXY",
          "proxy": "enemyBrawlerModifierShooter",
          "offset": {
            "x": 0,
            "y": 0,
            "z": 12
          }
        },
        {
            "attribName": "playerLastBrawlerValue",
            "changeType": "set",
            "type": "SET_ATTRIB_NUMBER",
            "value":
            {
                "varName": "player.modifierRounded.MELEE_DMG"
            }
        },
        {
          "type": "WAIT_UNTIL",
          "condition": "player.modifierRounded.MELEE_DMG != entity.attrib.playerLastBrawlerValue"
        },
        {
          "time": 0.2,
          "type": "WAIT"
        },
        {
          "name": "repeat",
          "type": "GOTO_LABEL"
        }
      ],
      "invisible": false,
      "hp": 0,
      "stickToSource": "OWNER",
      "stickFaceAlign": false,
      "group": "",
      "size": {
        "x": 12,
        "y": 12,
        "z": 24
      },
      "config": {
        "collType": "NONE"
      },
      "type": "GENERIC"
    },
    "enemyBrawlerModifierShooter": {
      "copyOwnerAnims": false,
      "breakType": "COMBATANT",
      "action": [
        {
          "name": "repeat",
          "type": "LABEL"
        },
        {
          "withElse": false,
          "type": "IF",
          "condition": "entity.srcAttrib.playerLastBrawlerValue > entity.srcAttrib.myBrawlerValue",
          "thenStep": [
            {
              "align": "BOTTOM",
              "type": "SHOOT_PROXY",
              "proxy": "enemyStatBrawlerModifier",
              "offset": {
                "x": 0,
                "y": 0,
                "z": 12
              }
            },
            {
                "attribName": "myBrawlerValue",
                "changeType": "add",
                "changeConnected": "PROXY_SOURCE",
                "type": "SET_ATTRIB_NUMBER",
                "value": 0.1
            }
          ]
        },
        {
          "time": 0.2,
          "type": "WAIT"
        },
        {
          "name": "repeat",
          "type": "GOTO_LABEL"
        }
      ],
      "invisible": false,
      "hp": 0,
      "stickToSource": "OWNER",
      "stickFaceAlign": false,
      "group": "brawlerModifierGroup",
      "size": {
        "x": 12,
        "y": 12,
        "z": 24
      },
      "config": {
        "collType": "NONE"
      },
      "type": "GENERIC"
    },
    "enemyStatBrawlerModifier": {
      "copyOwnerAnims": false,
      "breakType": "ACTION",
      "action": [
        {
          "target": "PROXY_OWNER",
          "type": "ADD_ACTION_BUFF",
          "stats": [
            "MELEE_DMG-0008"
          ]
        },
        {
                    "time": -1,
                    "type": "WAIT"
                }
      ],
      "invisible": false,
      "hp": 0,
      "stickToSource": "OWNER",
      "stickFaceAlign": false,
      "group": "brawlerModifierGroup",
      "size": {
        "x": 12,
        "y": 12,
        "z": 24
      },
      "config": {
        "collType": "NONE"
      },
      "type": "GENERIC"
    },
    "modifierCheckSpikeDmg": {
      "copyOwnerAnims": false,
      "breakType": "NEVER",
      "action": [
        {
          "name": "repeat",
          "type": "LABEL"
        },
        {
          "group": "spikeDmgModifierGroup",
          "type": "REMOVE_PROXIES"
        },
        {
            "attribName": "mySpikeDmgValue",
            "changeType": "set",
            "type": "SET_ATTRIB_NUMBER",
            "value": 0
        },
        {
          "align": "BOTTOM",
          "type": "SHOOT_PROXY",
          "proxy": "enemySpikeDmgModifierShooter",
          "offset": {
            "x": 0,
            "y": 0,
            "z": 12
          }
        },
        {
            "attribName": "playerLastSpikeDmgValue",
            "changeType": "set",
            "type": "SET_ATTRIB_NUMBER",
            "value":
            {
                "varName": "player.modifierRounded.SPIKE_DMG"
            }
        },
        {
          "type": "WAIT_UNTIL",
          "condition": "player.modifierRounded.SPIKE_DMG != entity.attrib.playerLastSpikeDmgValue"
        },
        {
          "time": 0.2,
          "type": "WAIT"
        },
        {
          "name": "repeat",
          "type": "GOTO_LABEL"
        }
      ],
      "invisible": false,
      "hp": 0,
      "stickToSource": "OWNER",
      "stickFaceAlign": false,
      "group": "",
      "size": {
        "x": 12,
        "y": 12,
        "z": 24
      },
      "config": {
        "collType": "NONE"
      },
      "type": "GENERIC"
    },
    "enemySpikeDmgModifierShooter": {
      "copyOwnerAnims": false,
      "breakType": "COMBATANT",
      "action": [
        {
          "name": "repeat",
          "type": "LABEL"
        },
        {
          "withElse": false,
          "type": "IF",
          "condition": "entity.srcAttrib.playerLastSpikeDmgValue > entity.srcAttrib.mySpikeDmgValue",
          "thenStep": [
            {
              "align": "BOTTOM",
              "type": "SHOOT_PROXY",
              "proxy": "enemyStatSpikeDmgModifier",
              "offset": {
                "x": 0,
                "y": 0,
                "z": 12
              }
            },
            {
                "attribName": "mySpikeDmgValue",
                "changeType": "add",
                "changeConnected": "PROXY_SOURCE",
                "type": "SET_ATTRIB_NUMBER",
                "value": 0.1
            }
          ]
        },
        {
          "time": 0.2,
          "type": "WAIT"
        },
        {
          "name": "repeat",
          "type": "GOTO_LABEL"
        }
      ],
      "invisible": false,
      "hp": 0,
      "stickToSource": "OWNER",
      "stickFaceAlign": false,
      "group": "spikeDmgModifierGroup",
      "size": {
        "x": 12,
        "y": 12,
        "z": 24
      },
      "config": {
        "collType": "NONE"
      },
      "type": "GENERIC"
    },
    "enemyStatSpikeDmgModifier": {
      "copyOwnerAnims": false,
      "breakType": "ACTION",
      "action": [
        {
          "target": "PROXY_OWNER",
          "type": "ADD_ACTION_BUFF",
          "stats": [
            "SPIKE_DMG-003"
          ]
        },
        {
                    "time": -1,
                    "type": "WAIT"
                }
      ],
      "invisible": false,
      "hp": 0,
      "stickToSource": "OWNER",
      "stickFaceAlign": false,
      "group": "spikeDmgModifierGroup",
      "size": {
        "x": 12,
        "y": 12,
        "z": 24
      },
      "config": {
        "collType": "NONE"
      },
      "type": "GENERIC"
    },
    "collabChecker": {
      "copyOwnerAnims": false,
      "breakType": "COMBATANT",
      "action": [
        {
            "poiFilter": {
              "group": "collabGroup",
              "type": "PROXY"
            },
            "distance": 2000,
            "type": "SET_POI_TEMP_TARGET"
          },
          {
            "withElse": false,
            "type": "IF",
            "condition": "!entity.hasTmpTarget",
            "thenStep": [
              {
                    "name": "instance1",
                    "type": "GOTO_LABEL"
                  }
            ]
          },
        {
                "name": "loop",
                "type": "LABEL"
              },
        {
            "name": "loopStart",
            "type": "LABEL"
          },
          {
            "poiFilter": {
              "group": "collabGroup",
              "type": "PROXY"
            },
            "distance": 2000,
            "type": "SET_POI_TEMP_TARGET"
          },
          {
            "time": 0.2,
            "type": "WAIT"
          },
          {
            "withElse": false,
            "type": "IF",
            "condition": "!entity.hasTmpTarget",
            "thenStep": [
              {
                "name": "loopStart",
                "type": "GOTO_LABEL"
              }
            ]
          },
        {
            "group": "falseCollabGroup",
            "type": "REMOVE_PROXIES"
          },
       {
                "align": "BOTTOM",
                "type": "SHOOT_PROXY",
                "proxy": "collabIsActive",
                "offset": {
                  "x": 0,
                  "y": 0,
                  "z": 12
                }
              },
        {
            "name": "loopStartSecond",
            "type": "LABEL"
          },
          {
            "poiFilter": {
              "group": "collabGroup",
              "type": "PROXY"
            },
            "distance": 2000,
            "type": "SET_POI_TEMP_TARGET"
          },
          {
            "time": 0.2,
            "type": "WAIT"
          },
          {
            "withElse": false,
            "type": "IF",
            "condition": "entity.hasTmpTarget",
            "thenStep": [
              {
                "name": "loopStartSecond",
                "type": "GOTO_LABEL"
              }
            ]
          },
        {
                    "name": "instance1",
                    "type": "LABEL"
        },
        {
            "group": "trueCollabGroup",
            "type": "REMOVE_PROXIES"
          },
        {
                "align": "BOTTOM",
                "type": "SHOOT_PROXY",
                "proxy": "collabIsNotActive",
                "offset": {
                  "x": 0,
                  "y": 0,
                  "z": 12
                }
              },
        {
                "name": "loop",
                "type": "GOTO_LABEL"
              }
      ],
      "invisible": false,
      "hp": 0,
      "stickToSource": "NONE",
      "stickFaceAlign": false,
      "group": "collabGroup",
      "size": {
        "x": 12,
        "y": 12,
        "z": 24
      },
      "config": {
        "collType": "NONE"
      },
      "type": "GENERIC"
    },
    "collabIsActive": {
      "copyOwnerAnims": false,
      "breakType": "COMBATANT",
      "action": [
                {
          "target": "SELF",
          "align": "BOTTOM",
          "duration": -1,
          "type": "STICK_TO_TARGET",
          "offset": {
            "x": 0,
            "y": 0,
            "z": 0
          }
        },
                {
                    "time": -1,
                    "type": "WAIT"
                }
      ],
      "invisible": false,
      "hp": 0,
      "stickToSource": "OWNER",
      "stickFaceAlign": false,
      "group": "trueCollabGroup",
      "size": {
        "x": 12,
        "y": 12,
        "z": 24
      },
      "config": {
        "collType": "NONE"
      },
      "type": "GENERIC"
    },
    "collabIsNotActive": {
      "copyOwnerAnims": false,
      "breakType": "COMBATANT",
      "action": [
                {
          "target": "SELF",
          "align": "BOTTOM",
          "duration": -1,
          "type": "STICK_TO_TARGET",
          "offset": {
            "x": 0,
            "y": 0,
            "z": 0
          }
        },
                {
                    "time": -1,
                    "type": "WAIT"
                }
      ],
      "invisible": false,
      "hp": 0,
      "stickToSource": "OWNER",
      "stickFaceAlign": false,
      "group": "falseCollabGroup",
      "size": {
        "x": 12,
        "y": 12,
        "z": 24
      },
      "config": {
        "collType": "NONE"
      },
      "type": "GENERIC"
    },
  	"combatChecker": {
      "copyOwnerAnims": false,
      "breakType": "COMBATANT",
      "action": [
        {
          "attribName": "present",
          "changeType": "add",
          "type": "SET_ATTRIB_NUMBER",
          "value": 1
        },
        {
                "withElse": false,
                "type": "IF",
                "condition": "!combat.active",
                "thenStep": [
                  {
                    "name": "instance1",
                    "type": "GOTO_LABEL"
                  }
                ]
              },
        {
                "name": "loop",
                "type": "LABEL"
              },
        {
          "type": "WAIT_UNTIL",
          "condition": "combat.active"
        },
        {
            "group": "falseCombatGroup",
            "type": "REMOVE_PROXIES"
          },
       {
                "align": "BOTTOM",
                "type": "SHOOT_PROXY",
                "proxy": "combatIsActive",
                "offset": {
                  "x": 0,
                  "y": 0,
                  "z": 12
                }
              },
        {
          "type": "WAIT_UNTIL",
          "condition": "!combat.active"
        },
        {
                    "name": "instance1",
                    "type": "LABEL"
        },
        {
            "group": "trueCombatGroup",
            "type": "REMOVE_PROXIES"
          },
        {
                "align": "BOTTOM",
                "type": "SHOOT_PROXY",
                "proxy": "combatIsNotActive",
                "offset": {
                  "x": 0,
                  "y": 0,
                  "z": 12
                }
              },
        {
                "name": "loop",
                "type": "GOTO_LABEL"
              }
      ],
      "invisible": false,
      "hp": 0,
      "stickToSource": "NONE",
      "stickFaceAlign": false,
      "group": "allyWarnerGroup",
      "size": {
        "x": 12,
        "y": 12,
        "z": 24
      },
      "config": {
        "collType": "NONE"
      },
      "type": "GENERIC"
    },
    "combatIsActive": {
      "copyOwnerAnims": false,
      "breakType": "COMBATANT",
      "action": [
                {
          "target": "SELF",
          "align": "BOTTOM",
          "duration": -1,
          "type": "STICK_TO_TARGET",
          "offset": {
            "x": 0,
            "y": 0,
            "z": 0
          }
        },
                {
                    "time": -1,
                    "type": "WAIT"
                }
      ],
      "invisible": false,
      "hp": 0,
      "stickToSource": "OWNER",
      "stickFaceAlign": false,
      "group": "trueCombatGroup",
      "size": {
        "x": 12,
        "y": 12,
        "z": 24
      },
      "config": {
        "collType": "NONE"
      },
      "type": "GENERIC"
    },
    "combatIsNotActive": {
      "copyOwnerAnims": false,
      "breakType": "COMBATANT",
      "action": [
                {
          "target": "SELF",
          "align": "BOTTOM",
          "duration": -1,
          "type": "STICK_TO_TARGET",
          "offset": {
            "x": 0,
            "y": 0,
            "z": 0
          }
        },
                {
                    "time": -1,
                    "type": "WAIT"
                }
      ],
      "invisible": false,
      "hp": 0,
      "stickToSource": "OWNER",
      "stickFaceAlign": false,
      "group": "falseCombatGroup",
      "size": {
        "x": 12,
        "y": 12,
        "z": 24
      },
      "config": {
        "collType": "NONE"
      },
      "type": "GENERIC"
    },
    "quakeSlowMo":
        {
            "copyOwnerAnims": false,
            "breakType": "NEVER",
            "action":
            [
                {
                    "kind": "PART_TARGET_ROOT",
                    "type": "SET_TEMP_TARGET"
                },
                {
                    "target": "TARGET",
                    "timeScale": 0.8,
                    "logicTimeScale": 1,
                    "moveXYScale": 1,
                    "type": "ADD_TEMP_INFLUENCE"
                },
                {
                    "time": 1.2,
                    "type": "WAIT"
                }
            ],
            "invisible": false,
            "hp": 0,
            "stickToSource": "TARGET",
            "stickFaceAlign": false,
            "group": "",
            "size":
            {
                "x": 0,
                "y": 0,
                "z": 0
            },
            "config":
            {},
            "zVel": 0,
            "type": "GENERIC"
        },
    "groundPoundQuake": {
            "copyOwnerAnims": false,
            "breakType": "NEVER",
            "action":
            [
                {
                    "strength": "WALK_ESCAPE",
                    "pull": true,
                    "radius": 90,
                    "fadeRadius": 90,
                    "minRadius": 30,
                    "zHeight": 0,
                    "duration": -1,
                    "align": "BOTTOM",
                    "type": "PUSH_PULL_FORCE"
                },
                {
                    "posType": "TARGET",
                    "align": "CENTER",
                    "type": "SET_HIT_PROXY",
                    "proxy": "quakeSlowMo",
                    "offset":
                    {
                        "x": 0,
                        "y": 0,
                        "z": 0
                    }
                },
                {
                    "align": "BOTTOM",
                    "radius": 90,
                    "yScale": 0,
                    "zHeight": 24,
                    "centralAngle": 1,
                    "duration": 0.75,
                    "expandRadius": 0,
                    "alwaysFull": true,
                    "clockwise": false,
                    "flipLeftFace": 0,
                    "rectangular": false,
                    "repeat": true,
                    "uniformHitDir": false,
                    "fixPos": false,
                    "checkCollision": true,
                    "type": "CIRCLE_ATTACK",
                    "attack":
                    {
                        "type": "HEAVY",
                        "element": "NEUTRAL",
                        "damageFactor": 1.35,
                        "reverse": false,
                        "guardable": "NEVER",
                        "skillBonus": "MELEE_DMG"
                    },
                    "offset":
                    {
                        "x": 0,
                        "y": 0,
                        "z": 0
                    }
                },
                {
                        "duration": 3,
                        "align": "BOTTOM",
                        "rotateFace": 0,
                        "flipLeftFace": false,
                        "wait": false,
                        "waitSkip": 0,
                        "actionDetached": false,
                        "fixPos": false,
                        "type": "SHOW_EFFECT",
                        "effect":
                        {
                            "sheet": "specials.neutral-LSM",
                            "name": "hedgehagQuakeEffect"
                        },
                        "offset":
                        {
                            "x": 0,
                            "y": 0,
                            "z": 8
                        }
                    },
                {
                    "time": 3,
                    "type": "WAIT"
                },
                {
                    "type": "STOP_REPEATING_FORCE"
                },
                {
                    "time": 1,
                    "type": "WAIT"
                }
            ],
            "invisible": false,
            "hp": 0,
            "stickToSource": "NONE",
            "stickFaceAlign": false,
            "group": "",
            "size":
            {
                "x": 16,
                "y": 16,
                "z": 16
            },
            "config": "",
            "type": "GENERIC"
    },
    "allyHitProxy": {
      "copyOwnerAnims": false,
      "breakType": "NEVER",
       "action": [
        {
          "type": "DETACH_TIME_PARENT"
        },
        {
            "type": "CONNECT_PROXY_TO_TARGET"
        },
        {
            "poiFilter":
            {
                "conditions":
                [
                    {
                        "sticking": true,
                        "group": "vulnerableEnemyGroup",
                        "negated": false,
                        "type": "HAS_PROXY"
                    }
                ],
                "allEnemies": true,
                "type": "ACTIVE_ENEMIES"
            },
            "distance": 10,
            "type": "SET_POI_TEMP_TARGET"
        },
        {
         "withElse": false,
          "type": "IF",
          "condition": "entity.hasTmpTarget",
          "thenStep": [
                      {
                        "type": "CLEAR_TEMP_TARGET"
                      },
                      {
                          "poiFilter":
                          {
                              "conditions":
                              [
                                  {
                                      "sticking": true,
                                      "group": "combustionCurseGroup",
                                      "negated": false,
                                      "type": "HAS_PROXY"
                                  }
                              ],
                              "allEnemies": true,
                              "type": "ACTIVE_ENEMIES"
                          },
                          "distance": 10,
                          "type": "SET_POI_TEMP_TARGET"
                      },
                      {
                       "withElse": false,
                        "type": "IF",
                        "condition": "entity.hasTmpTarget",
                        "thenStep": [
                          {
                              "duration": 0,
                              "align": "BOTTOM",
                              "rotateFace": 0,
                              "flipLeftFace": false,
                              "wait": false,
                              "waitSkip": 0,
                              "actionDetached": false,
                              "fixPos": false,
                              "type": "SHOW_EFFECT",
                              "effect":
                              {
                                  "sheet": "specials.neutral",
                                  "name": "proximityBastSmall"
                              },
                              "offset":
                              {
                                  "x": 0,
                                  "y": 0,
                                  "z": 0
                              }
                          },
                          {
                              "time": 0.2,
                              "type": "WAIT"
                          },
                          {
                              "align": "BOTTOM",
                              "radius": 24,
                              "yScale": 1,
                              "zHeight": 16,
                              "centralAngle": 1,
                              "duration": 0.1,
                              "expandRadius": 48,
                              "alwaysFull": true,
                              "clockwise": false,
                              "flipLeftFace": 0,
                              "rectangular": false,
                              "repeat": false,
                              "uniformHitDir": false,
                              "fixPos": false,
                              "checkCollision": true,
                              "type": "CIRCLE_ATTACK",
                              "attack":
                              {
                                  "type": "HEAVY",
                                  "element": "NEUTRAL",
                                  "damageFactor": 3,
                                  "fly": "HEAVY",
                                  "reverse": false,
                                  "spFactor": 0,
                                  "stunSteps": [],
                                  "guardable": "",
                                  "skillBonus": "MELEE_DMG"
                              },
                              "offset":
                              {
                                  "x": 0,
                                  "y": 0,
                                  "z": 0
                              }
                          }
                        ]
                      }
          ]
        },
        {
           "time": 1,
           "type": "WAIT"
        }
      ],
      "invisible": false,
      "hp": 0,
      "stickToSource": "TARGET",
      "stickFaceAlign": false,
      "group": "allyHitGroup",
      "startAnim": null,
      "label": "",
      "size": {
        "x": 16,
        "y": 16,
        "z": 32
      },
      "config": "",
      "type": "GENERIC"
    }
  },
  "reactions": {
    "KILL_HIT": {
      "hitType": "KILL_HIT",
      "preAction": "Boom",
      "blockFurtherHits": false,
      "attackType": "MASSIVE",
      "flyLevel": "MASSIVE+",
      "stunChange": "FORCE_STUN",
      "alignFace": false,
      "dramaticEffect": 0,
      "conditions": [],
      "ignoreFailed": false,
      "type": "HIT_REACTION"
    },
    "COLLAB_REACT": {
      "action": "SDCollabAttack",
      "checkCollision": false,
      "conditions": [
        {
              "group": "trueCollabGroup",
              "type": "HAS_PROXY"
            }
      ],
      "ignoreParty": false,
      "ignoreReplaceTargets": false,
      "maxDistance": 2000,
      "minDistance": 0,
      "preciseFace": false,
      "type": "TARGET_DISTANCE"
    },
    "BOWLING_REACT": {
      "action": "GetBowledBetter",
      "checkCollision": false,
      "conditions": [
        {
            "condition": "tmp.timeToGetBowled",
            "negated": false,
            "type": "VAR_CONDITION"
          }
      ],
      "ignoreParty": false,
      "ignoreReplaceTargets": false,
      "maxDistance": 2000,
      "minDistance": 0,
      "preciseFace": false,
      "type": "TARGET_DISTANCE"
    },
    "STORE_REACT": {
      "action": "GetStored",
      "checkCollision": false,
      "conditions": [
          {
            "condition": "tmp.joinMe",
            "negated": false,
            "type": "VAR_CONDITION"
          }
      ],
      "ignoreParty": false,
      "ignoreReplaceTargets": false,
      "maxDistance": 2000,
      "minDistance": 0,
      "preciseFace": false,
      "type": "TARGET_DISTANCE"
    },
    "GUARD_COUNTER": {
      "action": "BlockCounter",
      "conditions": [],
      "preSwitchState": "WEAK",
      "type": "GUARD_COUNTER"
    }
  },
  "shadow": 20,
  "size": {
    "x": 16,
    "y": 16,
    "z": 24
  },
  "states": {
    "DEFAULT": {
      "choices": [
        {
          "action": "Test",
          "req": [
            {
              "group": "allyWarnerGroup",
              "type": "!HAS_PROXY"
            }
          ]
        },
        {
          "postSwitchState": "IDLE",
          "req": [
            {
              "group": "falseCombatGroup",
              "type": "HAS_PROXY"
            }
          ]
        },
        {
          "action": "Adjust",
          "req": [
            {
              "distance": 150,
              "type": "!TARGET_REACHABLE"
            }
          ]
        },
        {
          "action": "Attack",
          "frequency": "OFTEN"
        },
        {
          "action": "SDCollabAttack",
          "req": [
            {
            "condition": "tmp.letsGoo",
            "negated": false,
            "type": "VAR_CONDITION"
            }
          ]
        },
        {
          "action": "Adjust",
          "req": [
            {
              "distance": 60,
              "type": "!TARGET_REACHABLE"
            }
          ]
        },
        {
          "action": "BattleIdle"
        }
      ],
      "enabledReactions": [
        "KILL_HIT",
        "COLLAB_REACT",
        "STORE_REACT",
        "BOWLING_REACT"
      ]
    },
    "IDLE": {
      "choices": [
        {
          "postSwitchState": "DEFAULT",
          "req": [
            {
              "group": "trueCombatGroup",
              "type": "HAS_PROXY"
            }
          ]
        },
        {
          "action": "Test",
          "req": [
            {
              "group": "allyWarnerGroup",
              "type": "!HAS_PROXY"
            }
          ]
        },
        {
          "action": "FollowMe",
          "req": [
            {
              "distance": 80,
              "entity": {
                "player": true
              },
              "negated": false,
              "type": "ENTITY_DISTANCE_OVER"
            }
          ]
        },
        {
          "action": "Idle",
          "req": [
            {
              "distance": 80,
              "entity": {
                "player": true
              },
              "negated": false,
              "type": "!ENTITY_DISTANCE_OVER"
            }
          ]
        }
      ],
      "enabledReactions": [
        "KILL_HIT",
        "COLLAB_REACT",
        "STORE_REACT",
        "BOWLING_REACT"
      ]
    },
    "PASSIVE_INVIS": {
      "aggression": "PEACEFUL",
      "annotate": {
        "active": "NONE",
        "element": "ANY",
        "extra": [],
        "passive": "IMMUNE",
        "weapon": "ANY"
      },
      "choices": [],
      "hitIgnore": true,
      "weight": -1
    },
    "WEAK": {
      "annotate": {
        "active": "NONE",
        "element": "ANY",
        "extra": [],
        "passive": "WEAK",
        "weapon": "ANY"
      },
      "choices": [
        {
          "preSwitchState": "DEFAULT",
          "req": [
            {
              "name": "weakRegen",
              "negated": false,
              "type": "TRACKER_READY"
            }
          ]
        }
      ],
      "damageFactor": 1.5,
      "walkAnims": "weak"
    }
  },
  "targetDetect": {
    "detectDistance": 120,
    "loseDistance": 320,
    "notifyNeighbourRadius": 0
  },
  "trackers": {
    "weakRegen": {
      "initRandom": 0,
      "noStateReset": false,
      "resetRandom": 0,
      "target": 3,
      "type": "TIME"
    }
  },
  "walkAnims": "normal",
  "walkConfigs": {
    "normal": {
      "damage": "damage",
      "idle": "idle",
      "jump": "roll",
      "move": "move"
    },
    "weak": {
      "damage": "damage",
      "idle": "damage"
    }
  },
  "weight": 100
}