{
  "level": 99,
  "params": {
    "hp": 1,
    "attack": 1,
    "defense": 1,
    "focus": 1,
    "statusInflict": [
      1.25,
      1.25,
      1.25,
      1.25
    ]
  },
  "credit": 0,
  "exp": 0,
  "maxSp": 0,
  "enduranceScale": 1.5,
  "healDropRate": 0,
  "boss": false,
  "bossOrder": 0,
  "padding": {
    "x": 2,
    "y": 2
  },
  "material": "ORGANIC",
  "aiGroup": "meerkat",
  "aiLearnType": "REGULAR",
  "itemDrops": [],
  "targetDetect": {
    "detectDistance": 120,
    "loseDistance": 320,
    "notifyNeighbourRadius": 100
  },
  "hpBreaks": [],
  "size": {
    "x": 16,
    "y": 16,
    "z": 24
  },
  "anims": "enemies.meerkat",
  "defaultState": "IDLE",
  "walkConfigs": {
    "normal": {
      "idle": "idle",
      "move": "idle",
      "damage": "damage",
      "jump": "jump",
      "fall": "fall"
    },
    "passive": {
      "jumpingEnabled": true,
      "preIdle": "earthOut",
      "idle": "idle",
      "move": "earthIn",
      "damage": "damage",
      "jump": "jump",
      "fall": "fall"
    },
    "stun": {
      "idle": "damage",
      "damage": "damage"
    }
  },
  "_wm": null,
  "walkAnims": "normal",
  "groundConnect": "IN_EARTH",
  "weight": -1,
  "maxVel": 180,
  "jumpingEnabled": true,
  "shadow": 0,
  "hitStable": "MASSIVE",
  "enabledReactions": [
    "HIT_ESCAPE"
  ],
  "annotate": {
    "active": "NONE",
    "passive": "NONE",
    "weapon": "RANGED",
    "element": "ANY",
    "extra": []
  },
  "DOCTYPE": "ENEMY",
  "trackers": {
    "move": {
      "target": 20,
      "initRandom": 0.25,
      "resetRandom": 0.75,
      "noStateReset": false,
      "noAssist": false,
      "type": "TIME"
    },
    "stunRegen": {
      "target": 3,
      "initRandom": 0,
      "resetRandom": 0,
      "noStateReset": false,
      "type": "TIME"
    },
    "escapeHits": {
      "target": 3,
      "type": "HIT"
    }
  },
  "states": {
    "IDLE": {
      "enabledReactions": [
        "HIT_ESCAPE"
      ],
      "walkAnims": "passive",
      "choices": [
        {
          "action": "Init",
          "req": [
            {
              "sticking": true,
              "type": "!HAS_PROXY"
            }
          ]
        },
        {
          "action": "shootCombatChecker",
          "req": [
            {
              "group": "allyWarnerGroup",
              "type": "!HAS_PROXY"
            }
          ]
        },
        {
          "postSwitchState": "DEFAULT",
          "req": [
            {
              "group": "trueCombatGroup",
              "type": "HAS_PROXY"
            }
          ]
        },
        {
          "action": "FollowMe",
          "req": [
            {
              "distance": 95,
              "entity": {
                "player": true
              },
              "negated": false,
              "type": "ENTITY_DISTANCE_OVER"
            }
          ]
        },
        {
          "action": "Idle",
          "req": [
            {
              "distance": 80,
              "entity": {
                "player": true
              },
              "negated": false,
              "type": "!ENTITY_DISTANCE_OVER"
            }
          ]
        }
      ]
    },
    "DEFAULT": {
      "choices": [
        {
          "action": "Init",
          "req": [
            {
              "sticking": true,
              "type": "!HAS_PROXY"
            }
          ]
        },
        {
          "preSwitchState": "IDLE",
          "action": "FollowMe",
          "req": [
            {
              "group": "falseCombatGroup",
              "type": "HAS_PROXY"
            }
          ]
        },
        {
          "action": "shootCombatChecker",
          "req": [
            {
              "group": "allyWarnerGroup",
              "type": "!HAS_PROXY"
            }
          ]
        },
        {
          "req": [
            {
              "distance": 400,
              "throwing": true,
              "type": "!TARGET_REACHABLE"
            }
          ],
          "action": "Adjust"
        },
        {
          "action": "SpecialAttack",
          "frequency": "SOMETIMES"
        },
        {
          "action": "Heal",
          "frequency": "OFTEN"
        },
        {
          "req": [
            {
              "negated": false,
              "type": "TRACKER_READY",
              "name": "move"
            }
          ],
          "action": "Sideways"
        },
        {
          "action": "BattleIdle"
        }
      ]
    },
    "STUN": {
      "walkAnims": "stun",
      "enabledReactions": [],
      "annotate": {
        "active": "NONE",
        "passive": "WEAK",
        "weapon": "ANY",
        "element": "ANY",
        "extra": []
      },
      "choices": [
        {
          "req": [
            {
              "negated": false,
              "type": "TRACKER_READY",
              "name": "stunRegen"
            }
          ],
          "action": "StunWait",
          "postSwitchState": "DEFAULT",
          "ignoreStun": true
        },
        {
          "action": "StunWait"
        }
      ]
    },
    "FIGHT_START": {
      "choices": [
        {
          "action": "Sideways",
          "postSwitchState": "DEFAULT"
        }
      ]
    },
    "PASSIVE_INVIS": {
      "weight": -1,
      "hitIgnore": true,
      "enabledReactions": [],
      "aggression": "PEACEFUL",
      "annotate": {
        "active": "NONE",
        "passive": "IMMUNE",
        "weapon": "ANY",
        "element": "ANY",
        "extra": []
      },
      "analyzable": false,
      "choices": []
    }
  },
  "proxies": {
  	"enemyStatsAttack": {
      "copyOwnerAnims": false,
      "breakType": "COMBATANT",
      "action": [
        {
            "attribName": "playerAttackValue",
            "changeType": "set",
            "type": "SET_ATTRIB_NUMBER",
            "value":
            {
                "varName": "player.param.attack"
            }
        },
        {
            "attribName": "playerAttackValue",
            "changeType": "mul",
            "type": "SET_ATTRIB_NUMBER",
            "value": 0.25
        },
        {
          "target": "PROXY_OWNER",
          "name": "ownerStatsAttack",
          "param": "attack",
          "changeType": "set",
          "value": {
                         "varName": "entity.attrib.playerAttackValue"
                       },
          "type": "MOD_ACTION_BUFF_PARAM"
        },
        {
                    "time": -1,
                    "type": "WAIT"
                }
      ],
      "invisible": false,
      "hp": 0,
      "stickToSource": "OWNER",
      "stickFaceAlign": false,
      "group": "statsGroup",
      "size": {
        "x": 12,
        "y": 12,
        "z": 24
      },
      "config": {
        "collType": "NONE"
      },
      "type": "GENERIC"
    },
    "enemyStatsDefense": {
      "copyOwnerAnims": false,
      "breakType": "COMBATANT",
      "action": [
        {
            "attribName": "playerDefenseValue",
            "changeType": "set",
            "type": "SET_ATTRIB_NUMBER",
            "value":
            {
                "varName": "player.param.defense"
            }
        },
        {
            "attribName": "playerDefenseValue",
            "changeType": "mul",
            "type": "SET_ATTRIB_NUMBER",
            "value": 0.45
        },
        {
          "target": "PROXY_OWNER",
          "name": "ownerStatsDefense",
          "param": "defense",
          "changeType": "set",
          "value": {
                         "varName": "entity.attrib.playerDefenseValue"
                       },
          "type": "MOD_ACTION_BUFF_PARAM"
        },
        {
                    "time": -1,
                    "type": "WAIT"
                }
      ],
      "invisible": false,
      "hp": 0,
      "stickToSource": "OWNER",
      "stickFaceAlign": false,
      "group": "statsGroup",
      "size": {
        "x": 12,
        "y": 12,
        "z": 24
      },
      "config": {
        "collType": "NONE"
      },
      "type": "GENERIC"
    },
    "enemyStatsFocus": {
      "copyOwnerAnims": false,
      "breakType": "COMBATANT",
      "action": [
        {
            "attribName": "playerFocusValue",
            "changeType": "set",
            "type": "SET_ATTRIB_NUMBER",
            "value":
            {
                "varName": "player.param.focus"
            }
        },
        {
            "attribName": "playerFocusValue",
            "changeType": "mul",
            "type": "SET_ATTRIB_NUMBER",
            "value": 1.5
        },
        {
          "target": "PROXY_OWNER",
          "name": "ownerStatsFocus",
          "param": "focus",
          "changeType": "set",
          "value": {
                         "varName": "entity.attrib.playerFocusValue"
                       },
          "type": "MOD_ACTION_BUFF_PARAM"
        },
        {
                    "time": -1,
                    "type": "WAIT"
                }
      ],
      "invisible": false,
      "hp": 0,
      "stickToSource": "OWNER",
      "stickFaceAlign": false,
      "group": "statsGroup",
      "size": {
        "x": 12,
        "y": 12,
        "z": 24
      },
      "config": {
        "collType": "NONE"
      },
      "type": "GENERIC"
    },
    "enemyStatsHp": {
      "copyOwnerAnims": false,
      "breakType": "COMBATANT",
      "action": [
        {
            "attribName": "playerHpValue",
            "changeType": "set",
            "type": "SET_ATTRIB_NUMBER",
            "value":
            {
                "varName": "player.param.hp"
            }
        },
        {
            "attribName": "playerHpValue",
            "changeType": "mul",
            "type": "SET_ATTRIB_NUMBER",
            "value": 0.65
        },
        {
          "target": "PROXY_OWNER",
          "name": "ownerStatsHp",
          "param": "hp",
          "changeType": "set",
          "value": {
                         "varName": "entity.attrib.playerHpValue"
                       },
          "type": "MOD_ACTION_BUFF_PARAM"
        },
        {
                    "time": -1,
                    "type": "WAIT"
                }
      ],
      "invisible": false,
      "hp": 0,
      "stickToSource": "OWNER",
      "stickFaceAlign": false,
      "group": "statsGroup",
      "size": {
        "x": 12,
        "y": 12,
        "z": 24
      },
      "config": {
        "collType": "NONE"
      },
      "type": "GENERIC"
    },
    "enemyStatsShooter": {
      "copyOwnerAnims": false,
      "breakType": "NEVER",
      "action": [
        {
          "align": "BOTTOM",
          "type": "SHOOT_PROXY",
          "proxy": "enemyStatsAttack",
          "offset": {
            "x": 0,
            "y": 0,
            "z": 12
          }
        },
        {
          "align": "BOTTOM",
          "type": "SHOOT_PROXY",
          "proxy": "enemyStatsDefense",
          "offset": {
            "x": 0,
            "y": 0,
            "z": 12
          }
        },
        {
          "align": "BOTTOM",
          "type": "SHOOT_PROXY",
          "proxy": "enemyStatsFocus",
          "offset": {
            "x": 0,
            "y": 0,
            "z": 12
          }
        },
        {
          "align": "BOTTOM",
          "type": "SHOOT_PROXY",
          "proxy": "enemyStatsHp",
          "offset": {
            "x": 0,
            "y": 0,
            "z": 12
          }
        },
        {
                    "time": 0.2,
                    "type": "WAIT"
                }
      ],
      "invisible": false,
      "hp": 0,
      "stickToSource": "OWNER",
      "stickFaceAlign": false,
      "group": "",
      "size": {
        "x": 12,
        "y": 12,
        "z": 24
      },
      "config": {
        "collType": "NONE"
      },
      "type": "GENERIC"
    },
    "elementCheck": {
      "copyOwnerAnims": false,
      "breakType": "NEVER",
      "action": [
        {
          "target": "PROXY_OWNER",
          "name": "ownerStatsHp",
          "type": "ADD_ACTION_BUFF",
          "stats": [
            "HACK"
          ]
        },
        {
          "target": "PROXY_OWNER",
          "name": "ownerStatsFocus",
          "type": "ADD_ACTION_BUFF",
          "stats": [
            "HACK"
          ]
        },
        {
          "target": "PROXY_OWNER",
          "name": "ownerStatsDefense",
          "type": "ADD_ACTION_BUFF",
          "stats": [
            "HACK"
          ]
        },
        {
          "target": "PROXY_OWNER",
          "name": "ownerStatsAttack",
          "type": "ADD_ACTION_BUFF",
          "stats": [
            "HACK"
          ]
        },
        {
          "name": "repeat",
          "type": "LABEL"
        },
        {
          "group": "statsGroup",
          "type": "REMOVE_PROXIES"
        },
        {
          "align": "BOTTOM",
          "type": "SHOOT_PROXY",
          "proxy": "enemyStatsShooter",
          "offset": {
            "x": 0,
            "y": 0,
            "z": 12
          }
        },
        {
            "attribName": "playerLastElement",
            "changeType": "set",
            "type": "SET_ATTRIB_NUMBER",
            "value":
            {
                "varName": "player.element"
            }
        },
        {
          "type": "WAIT_UNTIL",
          "condition": "player.element != entity.attrib.playerLastElement"
        },
        {
          "time": 0.2,
          "type": "WAIT"
        },
        {
          "name": "repeat",
          "type": "GOTO_LABEL"
        }
      ],
      "invisible": false,
      "hp": 0,
      "stickToSource": "OWNER",
      "stickFaceAlign": false,
      "group": "",
      "size": {
        "x": 12,
        "y": 12,
        "z": 24
      },
      "config": {
        "collType": "NONE"
      },
      "type": "GENERIC"
    },
  	"combatChecker": {
      "copyOwnerAnims": false,
      "breakType": "COMBATANT",
      "action": [
        {
          "attribName": "present",
          "changeType": "add",
          "type": "SET_ATTRIB_NUMBER",
          "value": 1
        },
        {
                "withElse": false,
                "type": "IF",
                "condition": "!combat.active",
                "thenStep": [
                  {
                    "name": "instance1",
                    "type": "GOTO_LABEL"
                  }
                ]
              },
        {
                "name": "loop",
                "type": "LABEL"
              },
        {
          "type": "WAIT_UNTIL",
          "condition": "combat.active"
        },
        {
            "group": "falseCombatGroup",
            "type": "REMOVE_PROXIES"
          },
       {
                "align": "BOTTOM",
                "type": "SHOOT_PROXY",
                "proxy": "combatIsActive",
                "offset": {
                  "x": 0,
                  "y": 0,
                  "z": 12
                }
              },
        {
          "type": "WAIT_UNTIL",
          "condition": "!combat.active"
        },
        {
                    "name": "instance1",
                    "type": "LABEL"
        },
        {
            "group": "trueCombatGroup",
            "type": "REMOVE_PROXIES"
          },
        {
                "align": "BOTTOM",
                "type": "SHOOT_PROXY",
                "proxy": "combatIsNotActive",
                "offset": {
                  "x": 0,
                  "y": 0,
                  "z": 12
                }
              },
        {
                "name": "loop",
                "type": "GOTO_LABEL"
              }
      ],
      "invisible": false,
      "hp": 0,
      "stickToSource": "NONE",
      "stickFaceAlign": false,
      "group": "allyWarnerGroup",
      "size": {
        "x": 12,
        "y": 12,
        "z": 24
      },
      "config": {
        "collType": "NONE"
      },
      "type": "GENERIC"
    },
    "combatIsActive": {
      "copyOwnerAnims": false,
      "breakType": "COMBATANT",
      "action": [
                {
          "target": "SELF",
          "align": "BOTTOM",
          "duration": -1,
          "type": "STICK_TO_TARGET",
          "offset": {
            "x": 0,
            "y": 0,
            "z": 0
          }
        },
                {
                    "time": -1,
                    "type": "WAIT"
                }
      ],
      "invisible": false,
      "hp": 0,
      "stickToSource": "OWNER",
      "stickFaceAlign": false,
      "group": "trueCombatGroup",
      "size": {
        "x": 12,
        "y": 12,
        "z": 24
      },
      "config": {
        "collType": "NONE"
      },
      "type": "GENERIC"
    },
    "combatIsNotActive": {
      "copyOwnerAnims": false,
      "breakType": "COMBATANT",
      "action": [
         {
           "target": "SELF",
           "align": "BOTTOM",
           "duration": -1,
           "type": "STICK_TO_TARGET",
           "offset": {
             "x": 0,
             "y": 0,
             "z": 0
           }
         },
         {
             "time": -1,
             "type": "WAIT"
         }
      ],
      "invisible": false,
      "hp": 0,
      "stickToSource": "OWNER",
      "stickFaceAlign": false,
      "group": "falseCombatGroup",
      "size": {
        "x": 12,
        "y": 12,
        "z": 24
      },
      "config": {
        "collType": "NONE"
      },
      "type": "GENERIC"
    },
    "stone": {
      "effects": "turret",
      "speed": 400,
      "maxBounce": 0,
      "timer": 3,
      "trail": false,
      "multiHit": false,
      "noLightGlow": false,
      "animation": {
        "name": "default",
        "sheet": {
          "src": "media/entity/enemy/meerkat.png",
          "width": 16,
          "height": 16,
          "offY": 240
        },
        "time": 0.05,
        "repeat": true,
        "frames": [
          1
        ]
      },
      "attack": {
        "type": "MEDIUM",
        "element": "NEUTRAL",
        "damageFactor": 0.7,
        "reverse": false,
        "guardable": "",
        "skillBonus": "RANGED_DMG",
        "limiter": ""
      },
      "timeBoni": null,
      "behaviors": [],
      "type": "BALL",
      "effect": "ar",
      "maxBounds": 0
    },
    "massStone": {
      "effects": "turret",
      "speed": 300,
      "maxBounce": 0,
      "timer": 2,
      "trail": false,
      "multiHit": false,
      "noLightGlow": false,
      "type": "BALL",
      "animation": {
        "name": "default",
        "sheet": {
          "src": "media/entity/enemy/meerkat.png",
          "width": 16,
          "height": 16,
          "offY": 240
        },
        "time": 0.05,
        "repeat": true,
        "frames": [
          1
        ]
      },
      "attack": {
        "type": "MEDIUM",
        "element": "NEUTRAL",
        "damageFactor": 0.8,
        "reverse": false,
        "guardable": "",
        "skillBonus": "RANGED_DMG",
        "limiter": ""
      },
      "timeBoni": null,
      "behaviors": []
    },
    "healProxy": {
      "animation": {
        "name": "default",
        "gfxOffset": {
          "x": 0,
          "y": 0
        },
        "sheet": {
          "src": "media/entity/enemy/drops.png",
          "offX": 0,
          "offY": 8,
          "width": 16,
          "height": 16
        },
        "time": 0.03,
        "repeat": true,
        "frames": [
          0,
          1,
          2,
          3,
          4,
          5
        ]
      },
      "copyOwnerAnims": false,
      "breakType": "COMBATANT",
      "action": [
      	    {
              "value": true,
              "immediately": true,
              "type": "FACE_TO_TARGET"
            },
            {
              "value": false,
              "immediately": true,
              "type": "FACE_TO_TARGET"
            },
            {
              "value": 300,
              "type": "SET_Z_VEL"
            },
            {
              "value": 1,
              "type": "SET_Z_GRAVITY_FACTOR"
            },
            {
              "value": 1,
              "type": "SET_AIR_FRICTION"
            },
            {
              "value": 0,
              "type": "SET_FLOAT_HEIGHT"
            },
            {
              "stopType": "LANDED",
              "stopBeforeTime": 0,
              "distance": 0,
              "rotateSpeed": 4,
              "adjustSpeedMax": 1000,
              "missileMode": 0,
              "cancelIfBelowFall": true,
              "type": "JUMP_TARGET_MOVEMENT"
            },
            {
              "value": 0.1,
              "target": "TARGET",
              "hideNumbers": false,
              "type": "REGEN_HP"
            }
      ],
      "invisible": false,
      "hp": 0,
      "stickToSource": "NONE",
      "stickFaceAlign": false,
      "group": "",
      "startAnim": "",
      "size": {
        "x": 16,
        "y": 16,
        "z": 16
      },
      "timeBoni": null,
      "behaviors": null,
      "config": {
        "collType": "IGNORE",
        "shadow": 16
      },
      "type": "GENERIC"
    },
    "buffProxy": {
      "animation": {
        "name": "default",
        "gfxOffset": {
          "x": 0,
          "y": 0
        },
        "sheet": {
          "src": "media/entity/enemy/drops.png",
          "offX": 0,
          "offY": 8,
          "width": 16,
          "height": 16
        },
        "time": 0.03,
        "repeat": true,
        "frames": [
          0,
          1,
          2,
          3,
          4,
          5
        ]
      },
      "copyOwnerAnims": false,
      "breakType": "COMBATANT",
      "action": [
      	    {
              "value": true,
              "immediately": true,
              "type": "FACE_TO_TARGET"
            },
            {
              "value": false,
              "immediately": true,
              "type": "FACE_TO_TARGET"
            },
            {
              "value": 300,
              "type": "SET_Z_VEL"
            },
            {
              "value": 1,
              "type": "SET_Z_GRAVITY_FACTOR"
            },
            {
              "value": 1,
              "type": "SET_AIR_FRICTION"
            },
            {
              "value": 0,
              "type": "SET_FLOAT_HEIGHT"
            },
            {
              "stopType": "LANDED",
              "stopBeforeTime": 0,
              "distance": 0,
              "rotateSpeed": 4,
              "adjustSpeedMax": 1000,
              "missileMode": 0,
              "cancelIfBelowFall": true,
              "type": "JUMP_TARGET_MOVEMENT"
            },
            {
                "duration": 0,
                "align": "CENTER",
                "rotateFace": 0,
                "flipLeftFace": false,
                "wait": false,
                "waitSkip": 0,
                "actionDetached": false,
                "fixPos": false,
                "type": "SHOW_EFFECT",
                "effect":
                {
                    "sheet": "specials.neutral-LSM",
                    "name": "disappearInstant"
                },
                "offset":
                {
                    "x": 0,
                    "y": 0,
                    "z": 0
                }
            },
            {
              "target": "TARGET",
              "type": "ADD_ACTION_BUFF",
              "stats": [
                "ATTACK-1"
              ]
            },
            {
              "time": 6,
              "type": "WAIT"
            }
      ],
      "invisible": false,
      "hp": 0,
      "stickToSource": "NONE",
      "stickFaceAlign": false,
      "group": "",
      "startAnim": "",
      "size": {
        "x": 16,
        "y": 16,
        "z": 16
      },
      "timeBoni": null,
      "behaviors": null,
      "config": {
        "collType": "IGNORE",
        "shadow": 16
      },
      "type": "GENERIC"
    }
  },
  "actions": {
  	"Boom": [
      {
        "changeType": "sub",
        "type": "CHANGE_VAR_NUMBER",
        "varName": "tmp.meerkatAlive",
        "value": 1
      }
    ],
    "shootCombatChecker": [
      {
          "align": "BOTTOM",
          "type": "SHOOT_PROXY",
          "proxy": "combatChecker",
          "offset": {
            "x": 0,
            "y": 0,
            "z": 0
          }
        }
    ],
  	"Init": [
      {
        "value": 0.2,
        "type": "SET_INVINCIBLE"
      },
      {
          "align": "BOTTOM",
          "type": "SHOOT_PROXY",
          "proxy": "elementCheck",
          "offset": {
            "x": 0,
            "y": 0,
            "z": 0
          }
      },
      {
        "withElse": false,
        "type": "IF",
        "condition": "entity.attrib.timeToUpperCut",
        "thenStep": [
          {
            "noStateReset": true,
            "type": "DO_ENEMY_ACTION_INLINE",
            "actionName": "SupriseUpperCut"
          }
        ]
      }
    ],
    "FollowMe": [
      {
        "type": "SET_RELATIVE_SPEED",
        "value": 0.75

      },
      {
        "type": "SET_HIT_STABLE",
        "value": "MEDIUM"
      },
      {
        "value": -1,
        "type": "SET_INVINCIBLE"
      },
      {
        "value": "PASSIVE",
        "type": "SET_COLL_TYPE"
      },
      {
        "duration": -1,
        "align": "BOTTOM",
        "rotateFace": 0,
        "flipLeftFace": false,
        "wait": false,
        "waitSkip": 0,
        "actionDetached": false,
        "group": "earth",
        "fixPos": false,
        "type": "SHOW_EFFECT",
        "effect": {
          "sheet": "enemies.meerkat",
          "name": "earthDig"
        }
      },
      {
        "distance": 95,
        "entity": {
          "player": true
        },
        "forceTime": false,
        "ignoreBelow": 95,
        "maxTime": 0.5,
        "planOnly": false,
        "precise": true,
        "type": "NAVIGATE_TO_ENTITY"
      }
    ],
    "Idle": [
      {
          "kind": "ENEMY_OWNER",
          "type": "SET_TEMP_TARGET"
      },
      {
        "type": "FACE_TO_TARGET",
        "value": true
      },
      {
        "maxTime": 0.3,
        "minTime": 0.1,
        "type": "WAIT_RANDOM"
      }
    ],
    "StunWait": [
      {
        "value": false,
        "type": "FACE_TO_TARGET"
      },
      {
        "time": 0.1,
        "type": "WAIT"
      }
    ],
    "BattleIdle": [
      {
        "value": true,
        "type": "FACE_TO_TARGET"
      },
      {
        "minTime": 0.1,
        "maxTime": 0.3,
        "type": "WAIT_RANDOM"
      }
    ],
    "MoveToSpawnPoint": [
      {
        "value": 0.5,
        "type": "SET_RELATIVE_SPEED"
      },
      {
        "maxTime": 3,
        "maxDistance": 16,
        "precise": false,
        "type": "NAVIGATE_TO_SPAWN_POINT"
      }
    ],
    "Adjust": [
      {
        "type": "DISABLE_REACTION",
        "reaction": "TOO_CLOSE_ESCAPE"
      },
      {
        "passive": "IMMUNE",
        "type": "CHANGE_ENEMY_ANNOTATION"
      },
      {
        "maxTime": 0,
        "forceTime": false,
        "distance": 120,
        "throwing": true,
        "planOnly": true,
        "targetType": "ENEMY",
        "type": "NAVIGATE_ESCAPE_TARGET"
      },
      {
        "time": 0,
        "type": "CANCEL_IF_NAVIGATION_FAILED"
      },
      {
        "value": -1,
        "type": "SET_INVINCIBLE"
      },
      {
        "value": "PASSIVE",
        "type": "SET_COLL_TYPE"
      },
      {
        "wait": false,
        "viaWalkConfig": false,
        "type": "SHOW_ANIMATION",
        "anim": "earthIn"
      },
      {
        "time": 0.4,
        "type": "WAIT"
      },
      {
        "duration": -1,
        "align": "BOTTOM",
        "rotateFace": 0,
        "flipLeftFace": false,
        "wait": false,
        "waitSkip": 0,
        "actionDetached": false,
        "group": "earth",
        "fixPos": false,
        "type": "SHOW_EFFECT",
        "effect": {
          "sheet": "enemies.meerkat",
          "name": "earthDig"
        }
      },
      {
        "value": 250,
        "type": "SET_SPEED"
      },
      {
        "value": true,
        "type": "FACE_TO_TARGET"
      },
      {
        "maxTime": 1.5,
        "type": "DO_NAVIGATION"
      },
      {
        "group": "earth",
        "type": "CLEAR_EFFECTS"
      },
      {
        "type": "STOP_XY"
      },
      {
        "value": 0,
        "type": "SET_INVINCIBLE"
      },
      {
        "value": "VIRTUAL",
        "type": "SET_COLL_TYPE"
      },
      {
        "wait": true,
        "viaWalkConfig": false,
        "type": "SHOW_ANIMATION",
        "anim": "earthOut"
      }
    ],
    "Sideways": [
      {
        "type": "DISABLE_REACTION",
        "reaction": "TOO_CLOSE_ESCAPE"
      },
      {
        "passive": "IMMUNE",
        "type": "CHANGE_ENEMY_ANNOTATION"
      },
      {
        "value": -1,
        "type": "SET_INVINCIBLE"
      },
      {
        "value": "PASSIVE",
        "type": "SET_COLL_TYPE"
      },
      {
        "wait": false,
        "viaWalkConfig": false,
        "type": "SHOW_ANIMATION",
        "anim": "earthIn"
      },
      {
        "time": 0.4,
        "type": "WAIT"
      },
      {
        "duration": -1,
        "align": "BOTTOM",
        "rotateFace": 0,
        "flipLeftFace": false,
        "wait": false,
        "waitSkip": 0,
        "actionDetached": false,
        "group": "earth",
        "fixPos": false,
        "type": "SHOW_EFFECT",
        "effect": {
          "sheet": "enemies.meerkat",
          "name": "earthDig"
        }
      },
      {
        "value": 250,
        "type": "SET_SPEED"
      },
      {
        "value": true,
        "type": "FACE_TO_TARGET"
      },
      {
        "maxTime": 1,
        "distance": 100,
        "distVariance": 20,
        "keepDirection": false,
        "throwing": true,
        "planOnly": false,
        "precise": false,
        "type": "NAVIGATE_SIDEWAYS_TARGET"
      },
      {
        "group": "earth",
        "type": "CLEAR_EFFECTS"
      },
      {
        "type": "STOP_XY"
      },
      {
        "value": 0,
        "type": "SET_INVINCIBLE"
      },
      {
        "value": "VIRTUAL",
        "type": "SET_COLL_TYPE"
      },
      {
        "wait": true,
        "viaWalkConfig": false,
        "type": "SHOW_ANIMATION",
        "anim": "earthOut"
      }
    ],
    "HitEscape": [
      {
        "volume": 0.2,
        "variance": 0.1,
        "global": false,
        "loop": false,
        "type": "PLAY_SOUND",
        "sound": "media/sound/battle/enemies/hillkat/hillkat-laugh.ogg"
      },
      {
        "type": "DISABLE_REACTION",
        "reaction": "TOO_CLOSE_ESCAPE"
      },
      {
        "time": 0.1,
        "type": "WAIT"
      },
      {
        "passive": "IMMUNE",
        "type": "CHANGE_ENEMY_ANNOTATION"
      },
      {
        "value": -1,
        "type": "SET_INVINCIBLE"
      },
      {
        "value": "PASSIVE",
        "type": "SET_COLL_TYPE"
      },
      {
        "wait": false,
        "viaWalkConfig": false,
        "type": "SHOW_ANIMATION",
        "anim": "earthIn"
      },
      {
        "time": 0.4,
        "type": "WAIT"
      },
      {
        "duration": -1,
        "align": "BOTTOM",
        "rotateFace": 0,
        "flipLeftFace": false,
        "wait": false,
        "waitSkip": 0,
        "actionDetached": false,
        "group": "earth",
        "fixPos": false,
        "type": "SHOW_EFFECT",
        "effect": {
          "sheet": "enemies.meerkat",
          "name": "earthDig"
        }
      },
      {
        "value": 250,
        "type": "SET_SPEED"
      },
      {
        "value": true,
        "type": "FACE_TO_TARGET"
      },
      {
        "maxTime": 1.5,
        "forceTime": false,
        "distance": 150,
        "throwing": true,
        "planOnly": false,
        "targetType": "ENEMY",
        "type": "NAVIGATE_ESCAPE_TARGET"
      },
      {
        "maxTime": 1,
        "forceTime": false,
        "distance": 100,
        "distVariance": 20,
        "keepDirection": false,
        "throwing": true,
        "planOnly": false,
        "precise": false,
        "type": "NAVIGATE_SIDEWAYS_TARGET"
      },
      {
        "group": "earth",
        "type": "CLEAR_EFFECTS"
      },
      {
        "type": "STOP_XY"
      },
      {
        "value": 0,
        "type": "SET_INVINCIBLE"
      },
      {
        "value": "VIRTUAL",
        "type": "SET_COLL_TYPE"
      },
      {
        "wait": true,
        "viaWalkConfig": false,
        "type": "SHOW_ANIMATION",
        "anim": "earthOut"
      }
    ],
    "Attack": [
      {
        "active": "PRE_ATTACK",
        "type": "CHANGE_ENEMY_ANNOTATION"
      },
      {
        "value": "MASSIVE",
        "type": "SET_HIT_STABLE"
      },
      {
        "wait": false,
        "viaWalkConfig": false,
        "type": "SHOW_ANIMATION",
        "anim": "throwStart"
      },
      {
        "time": 0.7,
        "type": "WAIT"
      },
      {
        "wait": false,
        "viaWalkConfig": false,
        "type": "SHOW_ANIMATION",
        "anim": "throwEnd"
      },
      {
        "active": "ATTACK",
        "type": "CHANGE_ENEMY_ANNOTATION"
      },
      {
        "align": "CENTER",
        "type": "SHOOT_PROXY",
        "proxy": "stone"
      },
      {
        "volume": 0.6,
        "variance": 0.1,
        "global": false,
        "loop": false,
        "type": "PLAY_SOUND",
        "sound": "media/sound/battle/throw.ogg"
      },
      {
        "time": 0.5,
        "type": "WAIT"
      }
    ],
    "Heal": [
      {
        "type": "CLEAR_TARGET"
      },
     {
          "withElse": true,
          "type": "IF",
          "condition": "player.hp <= 0.75",
          "thenStep": [
          	{
                "kind": "ENEMY_OWNER",
                "type": "SET_TEMP_TARGET"
            }
          ],
          "elseStep": [
          	    {
                    "poiFilter":
                    {
                        "conditions":
                        [
                            {
                                "negated": false,
                                "type": "OWNED_BY_PLAYER"
                            }
                        ],
                        "allEnemies": true,
                        "self": "IGNORE",
                        "type": "ACTIVE_ENEMIES"
                    },
                    "distance": 2000,
                    "type": "SET_POI_TEMP_TARGET"
                },
                {
                    "withElse": true,
                    "type": "IF",
                    "condition": "!entity.hasTmpTarget",
                    "thenStep": [
                    	{
                            "kind": "ENEMY_OWNER",
                            "type": "SET_TEMP_TARGET"
                        },
                    	{
                          "active": "PRE_ATTACK",
                          "type": "CHANGE_ENEMY_ANNOTATION"
                        },
                        {
                          "value": "MASSIVE",
                          "type": "SET_HIT_STABLE"
                        },
                        {
                          "wait": false,
                          "viaWalkConfig": false,
                          "type": "SHOW_ANIMATION",
                          "anim": "throwStart"
                        },
                        {
                          "time": 0.4,
                          "type": "WAIT"
                        },
                        {
                          "wait": false,
                          "viaWalkConfig": false,
                          "type": "SHOW_ANIMATION",
                          "anim": "throwEnd"
                        },
                        {
                          "active": "ATTACK",
                          "type": "CHANGE_ENEMY_ANNOTATION"
                        },
                        {
                          "align": "CENTER",
                          "type": "SHOOT_PROXY",
                          "proxy": "buffProxy"
                        },
                        {
                          "volume": 0.6,
                          "variance": 0.1,
                          "global": false,
                          "loop": false,
                          "type": "PLAY_SOUND",
                          "sound": "media/sound/battle/throw.ogg"
                        },
                        {
                          "time": 0.5,
                          "type": "WAIT"
                        },
                        {
                          "name": "end",
                          "type": "GOTO_LABEL"
                        }
                    ],
                    "elseStep": [
                    	{
                          "name": "alternate",
                          "type": "GOTO_LABEL"
                        }
                    ]
                }
          ]
      },
      {
        "name": "alternate",
        "type": "LABEL"
      },
      {
        "active": "PRE_ATTACK",
        "type": "CHANGE_ENEMY_ANNOTATION"
      },
      {
        "value": "MASSIVE",
        "type": "SET_HIT_STABLE"
      },
      {
        "wait": false,
        "viaWalkConfig": false,
        "type": "SHOW_ANIMATION",
        "anim": "throwStart"
      },
      {
        "time": 0.4,
        "type": "WAIT"
      },
      {
        "wait": false,
        "viaWalkConfig": false,
        "type": "SHOW_ANIMATION",
        "anim": "throwEnd"
      },
      {
        "active": "ATTACK",
        "type": "CHANGE_ENEMY_ANNOTATION"
      },
      {
        "align": "CENTER",
        "type": "SHOOT_PROXY",
        "proxy": "healProxy"
      },
      {
        "volume": 0.6,
        "variance": 0.1,
        "global": false,
        "loop": false,
        "type": "PLAY_SOUND",
        "sound": "media/sound/battle/throw.ogg"
      },
      {
        "time": 0.5,
        "type": "WAIT"
      },
      {
        "name": "end",
        "type": "LABEL"
      }
    ],
    "SpecialAttack": [
      {
        "volume": 0.5,
        "variance": 0.1,
        "global": false,
        "loop": false,
        "type": "PLAY_SOUND",
        "sound": "media/sound/battle/enemies/hillkat/hillkat-laugh-2.ogg"
      },
      {
        "active": "PRE_ATTACK",
        "passive": "VULNERABLE",
        "weapon": "RANGED",
        "type": "CHANGE_ENEMY_ANNOTATION"
      },
      {
        "value": "MASSIVE",
        "type": "SET_HIT_STABLE"
      },
      {
        "type": "DISABLE_REACTION",
        "reaction": "HIT_ESCAPE"
      },
      {
        "type": "ENABLE_REACTION",
        "reaction": "CHARGE_WEAK"
      },
      {
        "duration": 0.75,
        "align": "BOTTOM",
        "rotateFace": 0,
        "flipLeftFace": false,
        "wait": false,
        "waitSkip": 0,
        "actionDetached": false,
        "fixPos": false,
        "type": "SHOW_EFFECT",
        "effect": {
          "sheet": "charge",
          "name": "light"
        }
      },
      {
        "time": 0.75,
        "type": "WAIT"
      },
      {
        "type": "DISABLE_REACTION",
        "reaction": "CHARGE_WEAK"
      },
      {
        "type": "DISABLE_REACTION",
        "reaction": "TOO_CLOSE_ESCAPE"
      },
      {
        "value": -1,
        "type": "SET_INVINCIBLE"
      },
      {
        "value": "PASSIVE",
        "type": "SET_COLL_TYPE"
      },
      {
        "wait": false,
        "viaWalkConfig": false,
        "type": "SHOW_ANIMATION",
        "anim": "earthIn"
      },
      {
        "time": 0.2,
        "type": "WAIT"
      },
      {
        "active": "ATTACK",
        "passive": "IMMUNE",
        "type": "CHANGE_ENEMY_ANNOTATION"
      },
      {
        "duration": -1,
        "align": "BOTTOM",
        "rotateFace": 0,
        "flipLeftFace": false,
        "wait": false,
        "waitSkip": 0,
        "actionDetached": false,
        "group": "earth",
        "fixPos": false,
        "type": "SHOW_EFFECT",
        "effect": {
          "sheet": "enemies.meerkat",
          "name": "earthDig"
        }
      },
      {
        "value": 550,
        "type": "SET_SPEED"
      },
      {
        "value": true,
        "immediately": true,
        "type": "FACE_TO_TARGET"
      },
      {
        "maxTime": 0.5,
        "forceTime": false,
        "distance": 12,
        "planOnly": false,
        "targetType": "ENEMY",
        "precise": false,
        "stayBehind": false,
        "type": "NAVIGATE_TO_TARGET"
      },
      {
        "group": "earth",
        "type": "CLEAR_EFFECTS"
      },
      {
        "type": "STOP_XY"
      },
      {
        "volume": 0.8,
        "variance": 0.1,
        "global": false,
        "loop": false,
        "type": "PLAY_SOUND",
        "sound": "media/sound/battle/sweep-damped.ogg"
      },
      {
        "wait": true,
        "viaWalkConfig": false,
        "type": "SHOW_ANIMATION",
        "anim": "earthJump"
      },
      {
        "duration": -1,
        "align": "BOTTOM",
        "rotateFace": 0,
        "flipLeftFace": false,
        "wait": false,
        "waitSkip": 0,
        "actionDetached": false,
        "group": "static",
        "fixPos": false,
        "type": "SHOW_EFFECT",
        "effect": {
          "sheet": "enemies.meerkat",
          "name": "earthStatic"
        }
      },
      {
        "value": "LOOSE",
        "type": "SET_GROUND_CONNECTED"
      },
      {
        "align": "BOTTOM",
        "radius": 24,
        "yScale": 0,
        "zHeight": 64,
        "centralAngle": 0,
        "duration": 0,
        "expandRadius": 0,
        "alwaysFull": false,
        "clockwise": false,
        "flipLeftFace": 0,
        "rectangular": false,
        "repeat": false,
        "uniformHitDir": false,
        "fixPos": false,
        "checkCollision": false,
        "type": "CIRCLE_ATTACK",
        "attack": {
          "type": "MASSIVE",
          "element": "NEUTRAL",
          "damageFactor": 6,
          "fly": "MASSIVE",
          "stunSteps": [
                {
                  "type": "START_LOCK"
                },
                {
                    "type": "BLOCK_XY"
                },
                {
                    "type": "Z_VEL",
                    "value": 400
                }
          ],
          "reverse": false,
          "spFactor": 0,
          "guardable": "NEVER",
          "skillBonus": ""
        },
        "offset": {
          "x": 0,
          "y": 0,
          "z": 0
        }
      },
      {
        "duration": 0,
        "align": "BOTTOM",
        "rotateFace": 0,
        "flipLeftFace": false,
        "wait": false,
        "waitSkip": 0,
        "actionDetached": false,
        "fixPos": false,
        "type": "SHOW_EFFECT",
        "effect": {
          "sheet": "enemies.meerkat",
          "name": "earthExplode"
        }
      },
      {
        "jumpHeight": "XL",
        "wait": true,
        "ignoreSounds": false,
        "type": "JUMP"
      },
      {
          "type": "CLEAR_STUN_LOCKED"
        },
      {
        "group": "static",
        "type": "CLEAR_EFFECTS"
      },
      {
        "value": "IN_EARTH",
        "type": "SET_GROUND_CONNECTED"
      },
      {
        "wait": true,
        "viaWalkConfig": false,
        "type": "SHOW_ANIMATION",
        "anim": "earthFall"
      },
      {
        "wait": false,
        "viaWalkConfig": false,
        "type": "SHOW_ANIMATION",
        "anim": "underground"
      },
      {
        "value": 250,
        "type": "SET_SPEED"
      },
      {
        "duration": -1,
        "align": "BOTTOM",
        "rotateFace": 0,
        "flipLeftFace": false,
        "wait": false,
        "waitSkip": 0,
        "actionDetached": false,
        "group": "earth",
        "fixPos": false,
        "type": "SHOW_EFFECT",
        "effect": {
          "sheet": "enemies.meerkat",
          "name": "earthDig"
        }
      },
      {
        "maxTime": 1.5,
        "forceTime": false,
        "distance": 150,
        "throwing": true,
        "planOnly": false,
        "targetType": "ENEMY",
        "type": "NAVIGATE_ESCAPE_TARGET"
      },
      {
        "maxTime": 1,
        "forceTime": false,
        "distance": 100,
        "distVariance": 20,
        "keepDirection": false,
        "throwing": true,
        "planOnly": false,
        "precise": false,
        "type": "NAVIGATE_SIDEWAYS_TARGET"
      },
      {
        "group": "earth",
        "type": "CLEAR_EFFECTS"
      },
      {
        "type": "STOP_XY"
      },
      {
        "value": 0,
        "type": "SET_INVINCIBLE"
      },
      {
        "value": "VIRTUAL",
        "type": "SET_COLL_TYPE"
      },
      {
        "wait": true,
        "viaWalkConfig": false,
        "type": "SHOW_ANIMATION",
        "anim": "earthOut"
      }
    ],
    "SupriseUpperCut": [
      {
        "type": "DISABLE_REACTION",
        "reaction": "CHARGE_WEAK"
      },
      {
        "type": "DISABLE_REACTION",
        "reaction": "TOO_CLOSE_ESCAPE"
      },
      {
        "volume": 0.8,
        "variance": 0.1,
        "global": false,
        "loop": false,
        "type": "PLAY_SOUND",
        "sound": "media/sound/battle/sweep-damped.ogg"
      },
      {
        "wait": true,
        "viaWalkConfig": false,
        "type": "SHOW_ANIMATION",
        "anim": "earthJump"
      },
      {
        "duration": -1,
        "align": "BOTTOM",
        "rotateFace": 0,
        "flipLeftFace": false,
        "wait": false,
        "waitSkip": 0,
        "actionDetached": false,
        "group": "static",
        "fixPos": false,
        "type": "SHOW_EFFECT",
        "effect": {
          "sheet": "enemies.meerkat",
          "name": "earthStatic"
        }
      },
      {
        "value": "LOOSE",
        "type": "SET_GROUND_CONNECTED"
      },
      {
        "align": "BOTTOM",
        "radius": 24,
        "yScale": 0,
        "zHeight": 64,
        "centralAngle": 0,
        "duration": 0,
        "expandRadius": 0,
        "alwaysFull": false,
        "clockwise": false,
        "flipLeftFace": 0,
        "rectangular": false,
        "repeat": false,
        "uniformHitDir": false,
        "fixPos": false,
        "checkCollision": false,
        "type": "CIRCLE_ATTACK",
        "attack": {
          "type": "HEAVY",
          "element": "NEUTRAL",
          "damageFactor": 6,
          "fly": "MASSIVE",
          "stunSteps": [
                {
                  "type": "START_LOCK"
                },
                {
                    "type": "BLOCK_XY"
                },
                {
                    "type": "Z_VEL",
                    "value": 400
                }
          ],
          "reverse": false,
          "spFactor": 0,
          "guardable": "",
          "skillBonus": ""
        },
        "offset": {
          "x": 0,
          "y": 0,
          "z": 0
        }
      },
      {
        "duration": 0,
        "align": "BOTTOM",
        "rotateFace": 0,
        "flipLeftFace": false,
        "wait": false,
        "waitSkip": 0,
        "actionDetached": false,
        "fixPos": false,
        "type": "SHOW_EFFECT",
        "effect": {
          "sheet": "enemies.meerkat",
          "name": "earthExplode"
        }
      },
      {
        "jumpHeight": "XL",
        "wait": true,
        "ignoreSounds": false,
        "type": "JUMP"
      },
      {
        "group": "static",
        "type": "CLEAR_EFFECTS"
      },
      {
        "value": "IN_EARTH",
        "type": "SET_GROUND_CONNECTED"
      },
      {
        "wait": true,
        "viaWalkConfig": false,
        "type": "SHOW_ANIMATION",
        "anim": "earthFall"
      }
    ]
  },
  "reactions": {
  	"KILL_HIT": {
      "hitType": "KILL_HIT",
      "preAction": "Boom",
      "blockFurtherHits": false,
      "attackType": "MASSIVE",
      "flyLevel": "MASSIVE+",
      "stunChange": "FORCE_STUN",
      "alignFace": false,
      "dramaticEffect": 0,
      "conditions": [],
      "ignoreFailed": false,
      "type": "HIT_REACTION"
    },
    "TOO_CLOSE_ESCAPE": {
      "minDistance": 0,
      "maxDistance": 48,
      "preciseFace": false,
      "checkCollision": false,
      "action": "Adjust",
      "conditions": [],
      "ignoreParty": false,
      "ignoreReplaceTargets": false,
      "type": "TARGET_DISTANCE"
    },
    "HIT_ESCAPE": {
      "hitType": "REGULAR",
      "action": "HitEscape",
      "blockFurtherHits": false,
      "attackType": "",
      "flyLevel": "",
      "stunChange": "FORCE_STUN",
      "alignFace": false,
      "dramaticEffect": "",
      "restartPrevAction": true,
      "conditions": [
        {
          "negated": false,
          "type": "TRACKER_READY",
          "name": "escapeHits"
        }
      ],
      "ignoreFailed": false,
      "type": "HIT_REACTION"
    },
    "CHARGE_WEAK": {
      "hitType": "REGULAR",
      "preSwitchState": "STUN",
      "blockFurtherHits": false,
      "damageFactor": 1,
      "attackType": "MASSIVE",
      "flyLevel": "",
      "stunChange": "FORCE_STUN",
      "alignFace": false,
      "dramaticEffect": "BREAK",
      "conditions": [
        {
          "negated": false,
          "type": "BALL_CHARGE",
          "value": true
        }
      ],
      "ignoreFailed": false,
      "type": "HIT_REACTION"
    }
  },
  "meta": {
    "species": {
      "en_US": "Headbanging Mammal",
      "de_DE": "Headbangendes Säugetier<<C<<Geprüft: Minsu",
      "zh_CN": "摇滚哺乳类",
      "zh_TW": "搖滾哺乳類",
      "ja_JP": "音楽好きの哺乳類",
      "ko_KR": "헤드뱅잉 하는 포유류",
      "langUid": 2
    },
    "category": "ANIMALS",
    "descriptions": [
      {
        "text": {
          "en_US": "This happy meerkat spends half of its life below ground where it listens to music on its headphones. It can burrow tunnels so fast that it can use them both to attack predators and escape from them. \nWhen threatened it will throw stones and use a fierce uppercut. Before doing so it will charge up for a short while. Use this window and stun it by throwing a charged ball at it.",
          "de_DE": "Dieses fröhliche Erdmännchen verbringt die Hälfte seines Lebens unter der Erde und hört über Kopfhörer Musik. Es kann Tunnel so schnell graben, dass es ihn sowohl zum Angriff als auch zur Flucht nutzen kann.\nWenn es bedroht wird, bewirft es dich mit Steinen oder gräbt sich genau unter dich, um dir einen kräftigen Shoryuken zu verpassen. Dafür muss es sich aber vorbereiten. Nutze diesen Moment, um einen geladenen Ball auf es zu werfen.<<C<<Geprüft: Minsu",
          "zh_CN": "这种快乐的地鼠大部分时间都戴着耳机躲在地底听着音乐。它有快速掘洞的能力，这些洞穴既可以用来进攻，也可以用来逃跑。当受到威胁时它会向攻击者投掷石块，或者使用上勾拳进行连续攻击。它们的攻击会有短暂的蓄力时间。利用这段时间可以使用蓄力弹球击晕它。<<A<<[CHANGED 2018/09/19]",
          "zh_TW": "這種快樂的地鼠大部分時間都戴著耳機躲在地底聽著音樂。它有快速掘洞的能力，這些洞穴既可以用來進攻，也可以用來逃跑。當受到威脅時它會向攻擊者投擲石塊，或者使用上勾拳進行連續攻擊。它們的攻擊會有短暫的蓄力時間。利用這段時間可以使用蓄力彈球擊暈它。<<A<<[CHANGED 2018/09/19]",
          "ja_JP": "この幸せそうなミーアキャットは、ヘッドホンで音楽を聴きながら一生の半分を地下で過ごす。一瞬で穴を掘ることができ、捕食者へ攻撃するときや、逆に逃げるときなどに利用する。危険を感じると石を投げたり、アッパーカットで攻撃をする。攻撃の前には少しの間チャージするため、その隙を逃さず、チャージした弾を当ててスタンさせよう。<<A<<[CHANGED 2018/09/19]",
          "ko_KR": "이 행복한 미어캣은 삶의 반을 헤드셋으로 노래를 들으며 땅속에서 보냅니다. 아주 빠른 속도로 땅굴을 파 포식자를 공격하고 또 그들에게서 도망가는 용도로 사용합니다.\n자신이 위협을 받을 시에는 돌을 던지고 맹렬한 어퍼컷을 날립니다. 이렇게 공격하기 전에 충전하며 공격할 낌새를 보일 겁니다. 이때를 노려 충전 발사체를 쏴 미어캣을 기절시키세요.<<A<<[CHANGED 2018/09/19]",
          "langUid": 4
        },
        "condition": ""
      }
    ]
  }
}