{
  "level": 99,
  "params": {
    "hp": 1,
    "attack": 1,
    "defense": 1,
    "focus": 1,
    "elemFactor": [
      0.2,
      1.5,
      1,
      1
    ],
    "statusInflict": [
      0.5,
      1,
      1,
      1
    ]
  },
  "credit": 0,
  "exp": 0,
  "maxSp": 0,
  "enduranceScale": 3,
  "itemDrops": [],
  "healDropRate": 0,
  "targetDetect": {
    "detectDistance": 100,
    "loseDistance": 320,
    "notifyNeighbourRadius": 100,
    "onDistance": true
  },
  "boss": false,
  "bossOrder": 0,
  "hpBreaks": [],
  "size": {
    "x": 16,
    "y": 16,
    "z": 24
  },
  "padding": {
    "x": 8,
    "y": 8
  },
  "anims": "enemies.moth",
  "defaultState": "IDLE",
  "walkConfigs": {
    "normal": {
      "idle": "idle",
      "damage": "damage"
    },
    "weak": {
      "idle": "damage",
      "damage": "damage"
    },
    "standby": {
      "idle": "standby"
    }
  },
  "material": "METAL",
  "aiGroup": "moth",
  "aiLearnType": "REGULAR",
  "_wm": {
    "attributes": {
      "activeIf": {
        "_type": "VarCondition",
        "_info": "If true, enemy enables when player is nearby."
      }
    }
  },
  "walkAnims": "normal",
  "weight": 50,
  "maxVel": 180,
  "jumpingEnabled": true,
  "shadow": 20,
  "floatVariance": 2,
  "floatMaxSpeed": 500,
  "floatAccel": 5,
  "flyHeight": 4,
  "ballFactor": 1,
  "hitStable": "LIGHT",
  "annotate": {
    "active": "NONE",
    "passive": "NONE",
    "weapon": "RANGED",
    "extra": [],
    "element": "ANY"
  },
  "DOCTYPE": "ENEMY",
  "trackers": {
    "MOVE": {
      "target": 3.5,
      "initRandom": 1,
      "resetRandom": 0.3,
      "noStateReset": false,
      "noAssist": false,
      "type": "TIME"
    },
    "WEAK_REGEN": {
      "target": 3,
      "initRandom": 0,
      "resetRandom": 0,
      "noStateReset": false,
      "type": "TIME"
    }
  },
  "states": {
    "IDLE": {
      "flyHeight": 4,
      "choices": [
      	{
          "action": "Init",
          "req": [
            {
              "sticking": true,
              "type": "!HAS_PROXY"
            }
          ]
        },
        {
          "action": "shootCombatChecker",
          "req": [
            {
              "group": "allyWarnerGroup",
              "type": "!HAS_PROXY"
            }
          ]
        },
        {
          "postSwitchState": "DEFAULT",
          "req": [
            {
              "group": "trueCombatGroup",
              "type": "HAS_PROXY"
            }
          ]
        },
        {
          "action": "FollowMe",
          "req": [
            {
              "distance": 100,
              "entity": {
                "player": true
              },
              "negated": false,
              "type": "ENTITY_DISTANCE_OVER"
            }
          ]
        },
        {
          "action": "Idle",
          "req": [
            {
              "distance": 100,
              "entity": {
                "player": true
              },
              "negated": false,
              "type": "!ENTITY_DISTANCE_OVER"
            }
          ]
        }
      ],
      "enabledReactions": [
        "KILL_HIT",
        "COLLAB_REACT"
      ]
    },
    "DEFAULT": {
      "flyHeight": 4,
      "enabledReactions": [
        "KILL_HIT",
        "COLLAB_REACT"
      ],
      "choices": [
        {
          "action": "Init",
          "req": [
            {
              "group": "allyWarnerGroup",
              "type": "!HAS_PROXY"
            }
          ]
        },
        {
          "preSwitchState": "IDLE",
          "action": "FollowMe",
          "req": [
            {
              "group": "falseCombatGroup",
              "type": "HAS_PROXY"
            }
          ]
        },
        {
          "action": "shootCombatChecker",
          "req": [
            {
              "group": "allyWarnerGroup",
              "type": "!HAS_PROXY"
            }
          ]
        },
        {
          "req": [
            {
              "distance": 200,
              "throwing": true,
              "type": "!TARGET_REACHABLE"
            }
          ],
          "action": "Adjust"
        },
        {
          "req": [
            {
              "min": 0,
              "max": 80,
              "negated": false,
              "type": "TARGET_DISTANCE"
            }
          ],
          "action": "Escape",
          "ignoreStun": true
        },
        {
          "action": "FireLaser",
          "frequency": "NORMAL"
        },
        {
          "action": "FireShotBig",
          "frequency": "OFTEN"
        },
        {
          "action": "FireShot",
          "frequency": "SPAMM"
        },
        {
          "req": [
            {
              "negated": false,
              "type": "TRACKER_READY",
              "name": "MOVE"
            }
          ],
          "action": "Circle"
        },
        {
          "action": "CombatIdle"
        }
      ]
    },
    "WEAK": {
      "walkAnims": "weak",
      "flyHeight": 0,
      "damageFactor": 1.25,
      "enabledReactions": [
        "COAL_FALL",
        "KILL_HIT"
      ],
      "choices": [
        {
          "req": [
            {
              "negated": false,
              "type": "TRACKER_READY",
              "name": "WEAK_REGEN"
            }
          ],
          "action": "WeakEnd",
          "preSwitchState": "DEFAULT"
        }
      ]
    },
    "PASSIVE_INVIS": {
      "weight": -1,
      "hitIgnore": true,
      "aggression": "PEACEFUL",
      "annotate": {
        "active": "NONE",
        "passive": "IMMUNE",
        "weapon": "ANY",
        "element": "ANY",
        "extra": []
      },
      "choices": []
    }
  },
  "proxies": {
  	"enemyStatsAttack": {
      "copyOwnerAnims": false,
      "breakType": "COMBATANT",
      "action": [
        {
            "attribName": "playerAttackValue",
            "changeType": "set",
            "type": "SET_ATTRIB_NUMBER",
            "value":
            {
                "varName": "player.param.attack"
            }
        },
        {
            "attribName": "playerAttackValue",
            "changeType": "mul",
            "type": "SET_ATTRIB_NUMBER",
            "value": 0.7
        },
        {
          "target": "PROXY_OWNER",
          "name": "ownerStatsAttack",
          "param": "attack",
          "changeType": "set",
          "value": {
                         "varName": "entity.attrib.playerAttackValue"
                       },
          "type": "MOD_ACTION_BUFF_PARAM"
        },
        {
                    "time": -1,
                    "type": "WAIT"
                }
      ],
      "invisible": false,
      "hp": 0,
      "stickToSource": "OWNER",
      "stickFaceAlign": false,
      "group": "statsGroup",
      "size": {
        "x": 12,
        "y": 12,
        "z": 24
      },
      "config": {
        "collType": "NONE"
      },
      "type": "GENERIC"
    },
    "enemyStatsDefense": {
      "copyOwnerAnims": false,
      "breakType": "COMBATANT",
      "action": [
        {
            "attribName": "playerDefenseValue",
            "changeType": "set",
            "type": "SET_ATTRIB_NUMBER",
            "value":
            {
                "varName": "player.param.defense"
            }
        },
        {
            "attribName": "playerDefenseValue",
            "changeType": "mul",
            "type": "SET_ATTRIB_NUMBER",
            "value": 0.5
        },
        {
          "target": "PROXY_OWNER",
          "name": "ownerStatsDefense",
          "param": "defense",
          "changeType": "set",
          "value": {
                         "varName": "entity.attrib.playerDefenseValue"
                       },
          "type": "MOD_ACTION_BUFF_PARAM"
        },
        {
                    "time": -1,
                    "type": "WAIT"
                }
      ],
      "invisible": false,
      "hp": 0,
      "stickToSource": "OWNER",
      "stickFaceAlign": false,
      "group": "statsGroup",
      "size": {
        "x": 12,
        "y": 12,
        "z": 24
      },
      "config": {
        "collType": "NONE"
      },
      "type": "GENERIC"
    },
    "enemyStatsFocus": {
      "copyOwnerAnims": false,
      "breakType": "COMBATANT",
      "action": [
        {
            "attribName": "playerFocusValue",
            "changeType": "set",
            "type": "SET_ATTRIB_NUMBER",
            "value":
            {
                "varName": "player.param.focus"
            }
        },
        {
            "attribName": "playerFocusValue",
            "changeType": "mul",
            "type": "SET_ATTRIB_NUMBER",
            "value": 1
        },
        {
          "target": "PROXY_OWNER",
          "name": "ownerStatsFocus",
          "param": "focus",
          "changeType": "set",
          "value": {
                         "varName": "entity.attrib.playerFocusValue"
                       },
          "type": "MOD_ACTION_BUFF_PARAM"
        },
        {
                    "time": -1,
                    "type": "WAIT"
                }
      ],
      "invisible": false,
      "hp": 0,
      "stickToSource": "OWNER",
      "stickFaceAlign": false,
      "group": "statsGroup",
      "size": {
        "x": 12,
        "y": 12,
        "z": 24
      },
      "config": {
        "collType": "NONE"
      },
      "type": "GENERIC"
    },
    "enemyStatsHp": {
      "copyOwnerAnims": false,
      "breakType": "COMBATANT",
      "action": [
        {
            "attribName": "playerHpValue",
            "changeType": "set",
            "type": "SET_ATTRIB_NUMBER",
            "value":
            {
                "varName": "player.param.hp"
            }
        },
        {
            "attribName": "playerHpValue",
            "changeType": "mul",
            "type": "SET_ATTRIB_NUMBER",
            "value": 0.55
        },
        {
          "target": "PROXY_OWNER",
          "name": "ownerStatsHp",
          "param": "hp",
          "changeType": "set",
          "value": {
                         "varName": "entity.attrib.playerHpValue"
                       },
          "type": "MOD_ACTION_BUFF_PARAM"
        },
        {
                    "time": -1,
                    "type": "WAIT"
                }
      ],
      "invisible": false,
      "hp": 0,
      "stickToSource": "OWNER",
      "stickFaceAlign": false,
      "group": "statsGroup",
      "size": {
        "x": 12,
        "y": 12,
        "z": 24
      },
      "config": {
        "collType": "NONE"
      },
      "type": "GENERIC"
    },
    "enemyStatsShooter": {
      "copyOwnerAnims": false,
      "breakType": "NEVER",
      "action": [
        {
          "align": "BOTTOM",
          "type": "SHOOT_PROXY",
          "proxy": "enemyStatsAttack",
          "offset": {
            "x": 0,
            "y": 0,
            "z": 12
          }
        },
        {
          "align": "BOTTOM",
          "type": "SHOOT_PROXY",
          "proxy": "enemyStatsDefense",
          "offset": {
            "x": 0,
            "y": 0,
            "z": 12
          }
        },
        {
          "align": "BOTTOM",
          "type": "SHOOT_PROXY",
          "proxy": "enemyStatsFocus",
          "offset": {
            "x": 0,
            "y": 0,
            "z": 12
          }
        },
        {
          "align": "BOTTOM",
          "type": "SHOOT_PROXY",
          "proxy": "enemyStatsHp",
          "offset": {
            "x": 0,
            "y": 0,
            "z": 12
          }
        },
        {
                    "time": 0.2,
                    "type": "WAIT"
                }
      ],
      "invisible": false,
      "hp": 0,
      "stickToSource": "OWNER",
      "stickFaceAlign": false,
      "group": "",
      "size": {
        "x": 12,
        "y": 12,
        "z": 24
      },
      "config": {
        "collType": "NONE"
      },
      "type": "GENERIC"
    },
    "placeholderStickingProxy": {
      "action": [
        {
          "name": "thisDoesNothing",
          "type": "LABEL"
        },
        {
          "time": 0.3,
          "type": "WAIT"
        },
        {
          "name": "thisDoesNothing",
          "type": "GOTO_LABEL"
        }
      ],
      "breakType": "COMBATANT",
      "config": {
        "collType": "NONE"
      },
      "copyOwnerAnims": false,
      "group": "staticsFurGroup",
      "hp": 0,
      "invisible": false,
      "label": "",
      "size": {
        "x": 24,
        "y": 24,
        "z": 32
      },
      "startAnim": "",
      "stickFaceAlign": false,
      "stickToSource": "OWNER",
      "type": "GENERIC"
    },
    "elementCheck": {
      "copyOwnerAnims": false,
      "breakType": "NEVER",
      "action": [
        {
          "target": "PROXY_OWNER",
          "name": "ownerStatsHp",
          "type": "ADD_ACTION_BUFF",
          "stats": [
            "HACK"
          ]
        },
        {
          "target": "PROXY_OWNER",
          "name": "ownerStatsFocus",
          "type": "ADD_ACTION_BUFF",
          "stats": [
            "HACK"
          ]
        },
        {
          "target": "PROXY_OWNER",
          "name": "ownerStatsDefense",
          "type": "ADD_ACTION_BUFF",
          "stats": [
            "HACK"
          ]
        },
        {
          "target": "PROXY_OWNER",
          "name": "ownerStatsAttack",
          "type": "ADD_ACTION_BUFF",
          "stats": [
            "HACK"
          ]
        },
        {
          "name": "repeat",
          "type": "LABEL"
        },
        {
          "group": "statsGroup",
          "type": "REMOVE_PROXIES"
        },
        {
          "align": "BOTTOM",
          "type": "SHOOT_PROXY",
          "proxy": "enemyStatsShooter",
          "offset": {
            "x": 0,
            "y": 0,
            "z": 12
          }
        },
        {
            "attribName": "playerLastElement",
            "changeType": "set",
            "type": "SET_ATTRIB_NUMBER",
            "value":
            {
                "varName": "player.element"
            }
        },
        {
          "type": "WAIT_UNTIL",
          "condition": "player.element != entity.attrib.playerLastElement"
        },
        {
          "time": 0.2,
          "type": "WAIT"
        },
        {
          "name": "repeat",
          "type": "GOTO_LABEL"
        }
      ],
      "invisible": false,
      "hp": 0,
      "stickToSource": "OWNER",
      "stickFaceAlign": false,
      "group": "",
      "size": {
        "x": 12,
        "y": 12,
        "z": 24
      },
      "config": {
        "collType": "NONE"
      },
      "type": "GENERIC"
    },
    "modifierCheckShooter": {
      "copyOwnerAnims": false,
      "breakType": "NEVER",
      "action": [
        {
          "name": "repeat",
          "type": "LABEL"
        },
        {
          "group": "shooterModifierGroup",
          "type": "REMOVE_PROXIES"
        },
        {
            "attribName": "myShooterValue",
            "changeType": "set",
            "type": "SET_ATTRIB_NUMBER",
            "value": 0
        },
        {
          "align": "BOTTOM",
          "type": "SHOOT_PROXY",
          "proxy": "enemyShooterModifierShooter",
          "offset": {
            "x": 0,
            "y": 0,
            "z": 12
          }
        },
        {
            "attribName": "playerLastShooterValue",
            "changeType": "set",
            "type": "SET_ATTRIB_NUMBER",
            "value":
            {
                "varName": "player.modifierRounded.RANGED_DMG"
            }
        },
        {
          "type": "WAIT_UNTIL",
          "condition": "player.modifierRounded.RANGED_DMG != entity.attrib.playerLastShooterValue"
        },
        {
          "time": 0.2,
          "type": "WAIT"
        },
        {
          "name": "repeat",
          "type": "GOTO_LABEL"
        }
      ],
      "invisible": false,
      "hp": 0,
      "stickToSource": "OWNER",
      "stickFaceAlign": false,
      "group": "",
      "size": {
        "x": 12,
        "y": 12,
        "z": 24
      },
      "config": {
        "collType": "NONE"
      },
      "type": "GENERIC"
    },
    "enemyShooterModifierShooter": {
      "copyOwnerAnims": false,
      "breakType": "COMBATANT",
      "action": [
        {
          "name": "repeat",
          "type": "LABEL"
        },
        {
          "withElse": false,
          "type": "IF",
          "condition": "entity.srcAttrib.playerLastShooterValue > entity.srcAttrib.myShooterValue",
          "thenStep": [
            {
              "align": "BOTTOM",
              "type": "SHOOT_PROXY",
              "proxy": "enemyStatShooterModifier",
              "offset": {
                "x": 0,
                "y": 0,
                "z": 12
              }
            },
            {
                "attribName": "myShooterValue",
                "changeType": "add",
                "changeConnected": "PROXY_SOURCE",
                "type": "SET_ATTRIB_NUMBER",
                "value": 0.1
            }
          ]
        },
        {
          "time": 0.2,
          "type": "WAIT"
        },
        {
          "name": "repeat",
          "type": "GOTO_LABEL"
        }
      ],
      "invisible": false,
      "hp": 0,
      "stickToSource": "OWNER",
      "stickFaceAlign": false,
      "group": "shooterModifierGroup",
      "size": {
        "x": 12,
        "y": 12,
        "z": 24
      },
      "config": {
        "collType": "NONE"
      },
      "type": "GENERIC"
    },
    "enemyStatShooterModifier": {
      "copyOwnerAnims": false,
      "breakType": "ACTION",
      "action": [
        {
          "target": "PROXY_OWNER",
          "type": "ADD_ACTION_BUFF",
          "stats": [
            "RANGED_DMG-00075"
          ]
        },
        {
                    "time": -1,
                    "type": "WAIT"
                }
      ],
      "invisible": false,
      "hp": 0,
      "stickToSource": "OWNER",
      "stickFaceAlign": false,
      "group": "shooterModifierGroup",
      "size": {
        "x": 12,
        "y": 12,
        "z": 24
      },
      "config": {
        "collType": "NONE"
      },
      "type": "GENERIC"
    },
    "modifierCheckBurnRush": {
      "copyOwnerAnims": false,
      "breakType": "NEVER",
      "action": [
        {
          "name": "repeat",
          "type": "LABEL"
        },
        {
          "group": "burnRushModifierGroup",
          "type": "REMOVE_PROXIES"
        },
        {
            "attribName": "myBurnRushValue",
            "changeType": "set",
            "type": "SET_ATTRIB_NUMBER",
            "value": 0
        },
        {
          "align": "BOTTOM",
          "type": "SHOOT_PROXY",
          "proxy": "enemyBurnRushModifierShooter",
          "offset": {
            "x": 0,
            "y": 0,
            "z": 12
          }
        },
        {
            "attribName": "playerLastBurnRushValue",
            "changeType": "set",
            "type": "SET_ATTRIB_NUMBER",
            "value":
            {
                "varName": "player.modifierRounded.COND_EFFECT_HEAT"
            }
        },
        {
          "type": "WAIT_UNTIL",
          "condition": "player.modifierRounded.COND_EFFECT_HEAT != entity.attrib.playerLastBurnRushValue"
        },
        {
          "time": 0.2,
          "type": "WAIT"
        },
        {
          "name": "repeat",
          "type": "GOTO_LABEL"
        }
      ],
      "invisible": false,
      "hp": 0,
      "stickToSource": "OWNER",
      "stickFaceAlign": false,
      "group": "",
      "size": {
        "x": 12,
        "y": 12,
        "z": 24
      },
      "config": {
        "collType": "NONE"
      },
      "type": "GENERIC"
    },
    "enemyBurnRushModifierShooter": {
      "copyOwnerAnims": false,
      "breakType": "COMBATANT",
      "action": [
        {
          "name": "repeat",
          "type": "LABEL"
        },
        {
          "withElse": false,
          "type": "IF",
          "condition": "entity.srcAttrib.playerLastBurnRushValue > entity.srcAttrib.myBurnRushValue",
          "thenStep": [
            {
              "align": "BOTTOM",
              "type": "SHOOT_PROXY",
              "proxy": "enemyStatBurnRushModifier",
              "offset": {
                "x": 0,
                "y": 0,
                "z": 12
              }
            },
            {
                "attribName": "myBurnRushValue",
                "changeType": "add",
                "changeConnected": "PROXY_SOURCE",
                "type": "SET_ATTRIB_NUMBER",
                "value": 0.1
            }
          ]
        },
        {
          "time": 0.2,
          "type": "WAIT"
        },
        {
          "name": "repeat",
          "type": "GOTO_LABEL"
        }
      ],
      "invisible": false,
      "hp": 0,
      "stickToSource": "OWNER",
      "stickFaceAlign": false,
      "group": "burnRushModifierGroup",
      "size": {
        "x": 12,
        "y": 12,
        "z": 24
      },
      "config": {
        "collType": "NONE"
      },
      "type": "GENERIC"
    },
    "enemyStatBurnRushModifier": {
      "copyOwnerAnims": false,
      "breakType": "ACTION",
      "action": [
        {
          "target": "PROXY_OWNER",
          "type": "ADD_ACTION_BUFF",
          "stats": [
            "COND_EFFECT_HEAT-003"
          ]
        },
        {
                    "time": -1,
                    "type": "WAIT"
                }
      ],
      "invisible": false,
      "hp": 0,
      "stickToSource": "OWNER",
      "stickFaceAlign": false,
      "group": "burnRushModifierGroup",
      "size": {
        "x": 12,
        "y": 12,
        "z": 24
      },
      "config": {
        "collType": "NONE"
      },
      "type": "GENERIC"
    },
    "modifierCheckStatusRush": {
      "copyOwnerAnims": false,
      "breakType": "NEVER",
      "action": [
        {
          "name": "repeat",
          "type": "LABEL"
        },
        {
          "group": "statusRushModifierGroup",
          "type": "REMOVE_PROXIES"
        },
        {
            "attribName": "myStatusRushValue",
            "changeType": "set",
            "type": "SET_ATTRIB_NUMBER",
            "value": 0
        },
        {
          "align": "BOTTOM",
          "type": "SHOOT_PROXY",
          "proxy": "enemyStatusRushModifierShooter",
          "offset": {
            "x": 0,
            "y": 0,
            "z": 12
          }
        },
        {
            "attribName": "playerLastStatusRushValue",
            "changeType": "set",
            "type": "SET_ATTRIB_NUMBER",
            "value":
            {
                "varName": "player.modifierRounded.COND_EFFECT_ALL"
            }
        },
        {
          "type": "WAIT_UNTIL",
          "condition": "player.modifierRounded.COND_EFFECT_ALL != entity.attrib.playerLastStatusRushValue"
        },
        {
          "time": 0.2,
          "type": "WAIT"
        },
        {
          "name": "repeat",
          "type": "GOTO_LABEL"
        }
      ],
      "invisible": false,
      "hp": 0,
      "stickToSource": "OWNER",
      "stickFaceAlign": false,
      "group": "",
      "size": {
        "x": 12,
        "y": 12,
        "z": 24
      },
      "config": {
        "collType": "NONE"
      },
      "type": "GENERIC"
    },
    "enemyStatusRushModifierShooter": {
      "copyOwnerAnims": false,
      "breakType": "COMBATANT",
      "action": [
        {
          "name": "repeat",
          "type": "LABEL"
        },
        {
          "withElse": false,
          "type": "IF",
          "condition": "entity.srcAttrib.playerLastStatusRushValue > entity.srcAttrib.myStatusRushValue",
          "thenStep": [
            {
              "align": "BOTTOM",
              "type": "SHOOT_PROXY",
              "proxy": "enemyStatStatusRushModifier",
              "offset": {
                "x": 0,
                "y": 0,
                "z": 12
              }
            },
            {
                "attribName": "myStatusRushValue",
                "changeType": "add",
                "changeConnected": "PROXY_SOURCE",
                "type": "SET_ATTRIB_NUMBER",
                "value": 0.1
            }
          ]
        },
        {
          "time": 0.2,
          "type": "WAIT"
        },
        {
          "name": "repeat",
          "type": "GOTO_LABEL"
        }
      ],
      "invisible": false,
      "hp": 0,
      "stickToSource": "OWNER",
      "stickFaceAlign": false,
      "group": "statusRushModifierGroup",
      "size": {
        "x": 12,
        "y": 12,
        "z": 24
      },
      "config": {
        "collType": "NONE"
      },
      "type": "GENERIC"
    },
    "enemyStatStatusRushModifier": {
      "copyOwnerAnims": false,
      "breakType": "ACTION",
      "action": [
        {
          "target": "PROXY_OWNER",
          "type": "ADD_ACTION_BUFF",
          "stats": [
            "COND_EFFECT_ALL-001"
          ]
        },
        {
                    "time": -1,
                    "type": "WAIT"
                }
      ],
      "invisible": false,
      "hp": 0,
      "stickToSource": "OWNER",
      "stickFaceAlign": false,
      "group": "statusRushModifierGroup",
      "size": {
        "x": 12,
        "y": 12,
        "z": 24
      },
      "config": {
        "collType": "NONE"
      },
      "type": "GENERIC"
    },
    "combatChecker": {
      "copyOwnerAnims": false,
      "breakType": "COMBATANT",
      "action": [
        {
          "attribName": "present",
          "changeType": "add",
          "type": "SET_ATTRIB_NUMBER",
          "value": 1
        },
        {
                "withElse": false,
                "type": "IF",
                "condition": "!combat.active",
                "thenStep": [
                  {
                    "name": "instance1",
                    "type": "GOTO_LABEL"
                  }
                ]
              },
        {
                "name": "loop",
                "type": "LABEL"
              },
        {
          "type": "WAIT_UNTIL",
          "condition": "combat.active"
        },
        {
            "group": "falseCombatGroup",
            "type": "REMOVE_PROXIES"
          },
       {
                "align": "BOTTOM",
                "type": "SHOOT_PROXY",
                "proxy": "combatIsActive",
                "offset": {
                  "x": 0,
                  "y": 0,
                  "z": 12
                }
              },
        {
          "type": "WAIT_UNTIL",
          "condition": "!combat.active"
        },
        {
                    "name": "instance1",
                    "type": "LABEL"
        },
        {
            "group": "trueCombatGroup",
            "type": "REMOVE_PROXIES"
          },
        {
                "align": "BOTTOM",
                "type": "SHOOT_PROXY",
                "proxy": "combatIsNotActive",
                "offset": {
                  "x": 0,
                  "y": 0,
                  "z": 12
                }
              },
        {
                "name": "loop",
                "type": "GOTO_LABEL"
              }
      ],
      "invisible": false,
      "hp": 0,
      "stickToSource": "NONE",
      "stickFaceAlign": false,
      "group": "allyWarnerGroup",
      "size": {
        "x": 12,
        "y": 12,
        "z": 24
      },
      "config": {
        "collType": "NONE"
      },
      "type": "GENERIC"
    },
    "combatIsActive": {
      "copyOwnerAnims": false,
      "breakType": "COMBATANT",
      "action": [
                {
          "target": "SELF",
          "align": "BOTTOM",
          "duration": -1,
          "type": "STICK_TO_TARGET",
          "offset": {
            "x": 0,
            "y": 0,
            "z": 0
          }
        },
                {
                    "time": -1,
                    "type": "WAIT"
                }
      ],
      "invisible": false,
      "hp": 0,
      "stickToSource": "OWNER",
      "stickFaceAlign": false,
      "group": "trueCombatGroup",
      "size": {
        "x": 12,
        "y": 12,
        "z": 24
      },
      "config": {
        "collType": "NONE"
      },
      "type": "GENERIC"
    },
    "combatIsNotActive": {
      "copyOwnerAnims": false,
      "breakType": "COMBATANT",
      "action": [
                {
          "target": "SELF",
          "align": "BOTTOM",
          "duration": -1,
          "type": "STICK_TO_TARGET",
          "offset": {
            "x": 0,
            "y": 0,
            "z": 0
          }
        },
                {
                    "time": -1,
                    "type": "WAIT"
                }
      ],
      "invisible": false,
      "hp": 0,
      "stickToSource": "OWNER",
      "stickFaceAlign": false,
      "group": "falseCombatGroup",
      "size": {
        "x": 12,
        "y": 12,
        "z": 24
      },
      "config": {
        "collType": "NONE"
      },
      "type": "GENERIC"
    },
    "collabChecker": {
      "copyOwnerAnims": false,
      "breakType": "COMBATANT",
      "action": [
        {
            "poiFilter": {
              "group": "collabGroupHeat",
              "type": "PROXY"
            },
            "distance": 2000,
            "type": "SET_POI_TEMP_TARGET"
          },
          {
            "withElse": false,
            "type": "IF",
            "condition": "!entity.hasTmpTarget",
            "thenStep": [
              {
                    "name": "instance1",
                    "type": "GOTO_LABEL"
                  }
            ]
          },
        {
                "name": "loop",
                "type": "LABEL"
              },
        {
            "name": "loopStart",
            "type": "LABEL"
          },
          {
            "poiFilter": {
              "group": "collabGroupHeat",
              "type": "PROXY"
            },
            "distance": 2000,
            "type": "SET_POI_TEMP_TARGET"
          },
          {
            "time": 0.2,
            "type": "WAIT"
          },
          {
            "withElse": false,
            "type": "IF",
            "condition": "!entity.hasTmpTarget",
            "thenStep": [
              {
                "name": "loopStart",
                "type": "GOTO_LABEL"
              }
            ]
          },
        {
            "group": "falseCollabGroup",
            "type": "REMOVE_PROXIES"
          },
       {
                "align": "BOTTOM",
                "type": "SHOOT_PROXY",
                "proxy": "collabIsActive",
                "offset": {
                  "x": 0,
                  "y": 0,
                  "z": 12
                }
              },
        {
            "name": "loopStartSecond",
            "type": "LABEL"
          },
          {
            "poiFilter": {
              "group": "collabGroupHeat",
              "type": "PROXY"
            },
            "distance": 2000,
            "type": "SET_POI_TEMP_TARGET"
          },
          {
            "time": 0.2,
            "type": "WAIT"
          },
          {
            "withElse": false,
            "type": "IF",
            "condition": "entity.hasTmpTarget",
            "thenStep": [
              {
                "name": "loopStartSecond",
                "type": "GOTO_LABEL"
              }
            ]
          },
        {
                    "name": "instance1",
                    "type": "LABEL"
        },
        {
            "group": "trueCollabGroup",
            "type": "REMOVE_PROXIES"
          },
        {
                "align": "BOTTOM",
                "type": "SHOOT_PROXY",
                "proxy": "collabIsNotActive",
                "offset": {
                  "x": 0,
                  "y": 0,
                  "z": 12
                }
              },
        {
                "name": "loop",
                "type": "GOTO_LABEL"
              }
      ],
      "invisible": false,
      "hp": 0,
      "stickToSource": "NONE",
      "stickFaceAlign": false,
      "group": "collabGroupHeat",
      "size": {
        "x": 12,
        "y": 12,
        "z": 24
      },
      "config": {
        "collType": "NONE"
      },
      "type": "GENERIC"
    },
    "collabIsActive": {
      "copyOwnerAnims": false,
      "breakType": "COMBATANT",
      "action": [
                {
          "target": "SELF",
          "align": "BOTTOM",
          "duration": -1,
          "type": "STICK_TO_TARGET",
          "offset": {
            "x": 0,
            "y": 0,
            "z": 0
          }
        },
                {
                    "time": -1,
                    "type": "WAIT"
                }
      ],
      "invisible": false,
      "hp": 0,
      "stickToSource": "OWNER",
      "stickFaceAlign": false,
      "group": "trueCollabGroup",
      "size": {
        "x": 12,
        "y": 12,
        "z": 24
      },
      "config": {
        "collType": "NONE"
      },
      "type": "GENERIC"
    },
    "collabIsNotActive": {
      "copyOwnerAnims": false,
      "breakType": "COMBATANT",
      "action": [
                {
          "target": "SELF",
          "align": "BOTTOM",
          "duration": -1,
          "type": "STICK_TO_TARGET",
          "offset": {
            "x": 0,
            "y": 0,
            "z": 0
          }
        },
                {
                    "time": -1,
                    "type": "WAIT"
                }
      ],
      "invisible": false,
      "hp": 0,
      "stickToSource": "OWNER",
      "stickFaceAlign": false,
      "group": "falseCollabGroup",
      "size": {
        "x": 12,
        "y": 12,
        "z": 24
      },
      "config": {
        "collType": "NONE"
      },
      "type": "GENERIC"
    },
    "fireball": {
      "animation": {
        "name": "default",
        "sheet": {
          "src": "media/entity/effects/heat.png",
          "offX": 368,
          "offY": 0,
          "width": 16,
          "height": 32
        },
        "time": 0.05,
        "repeat": true,
        "frames": [
          0,
          1,
          2,
          3
        ]
      },
      "effects": "ball-heat",
      "speed": 240,
      "maxBounce": 0,
      "timer": 3,
      "attack": {
        "type": "MEDIUM",
        "element": "HEAT",
        "damageFactor": 1,
        "reverse": false,
        "status": 5,
        "guardable": "",
        "skillBonus": "RANGED_DMG",
        "limiter": ""
      },
      "timeBoni": null,
      "behaviors": [
        {
          "type": "FOLLOW_TARGET",
          "steerDegree": 0.5
        }
      ],
      "trail": false,
      "multiHit": false,
      "noLightGlow": false,
      "type": "BALL",
      "effect": "ar",
      "maxBounds": 0
    },
    "fireBallBig": {
      "size": {
        "x": 8,
        "y": 8,
        "z": 8
      },
      "effects": "ball-heat",
      "speed": 200,
      "maxBounce": 0,
      "timer": 3,
      "trail": false,
      "multiHit": false,
      "light": "M",
      "noLightGlow": true,
      "destroyProxy": "boom",
      "type": "BALL",
      "effect": "ar",
      "maxBounds": 0,
      "animation": {
        "name": "default",
        "pivot": {
          "x": 12,
          "y": 12
        },
        "gfxOffset": {
          "x": 0,
          "y": 8
        },
        "sheet": {
          "src": "media/entity/effects/heat.png",
          "offX": 256,
          "offY": 224,
          "width": 24,
          "height": 40
        },
        "time": 0.05,
        "repeat": true,
        "frames": [
          0,
          1,
          2,
          3
        ]
      },
      "attack": {
        "type": "MEDIUM",
        "element": "HEAT",
        "damageFactor": 0,
        "reverse": false,
        "guardable": "",
        "skillBonus": "RANGED_DMG",
        "limiter": ""
      },
      "behaviors": [
        {
          "type": "FOLLOW_TARGET",
          "steerDegree": 0.6
        },
        {
          "type": "CLOSE_SELF_DESTRUCT",
          "distance": 12
        }
      ],
      "timeBoni": null
    },
    "boom": {
      "copyOwnerAnims": false,
      "breakType": "NEVER",
      "action": [
        {
          "align": "BOTTOM",
          "radius": 20,
          "yScale": 0,
          "zHeight": 0,
          "centralAngle": 1,
          "duration": 0.1,
          "expandRadius": 32,
          "alwaysFull": true,
          "clockwise": false,
          "flipLeftFace": 0,
          "rectangular": false,
          "repeat": false,
          "uniformHitDir": false,
          "fixPos": false,
          "checkCollision": false,
          "type": "CIRCLE_ATTACK",
          "attack": {
            "type": "MASSIVE",
            "element": "HEAT",
            "damageFactor": 3,
            "reverse": false,
            "status": 3.5,
            "guardable": "NEVER",
            "skillBonus": "RANGED_DMG",
            "limiter": ""
          },
          "offset": {
            "x": 0,
            "y": 0,
            "z": 0
          }
        },
        {
          "duration": 0,
          "align": "BOTTOM",
          "rotateFace": 0,
          "flipLeftFace": false,
          "wait": true,
          "waitSkip": 0,
          "actionDetached": false,
          "fixPos": false,
          "type": "SHOW_EFFECT",
          "effect": {
            "sheet": "enemies.heat-dng",
            "name": "mothFireballExplode"
          },
          "offset": {
            "x": 0,
            "y": 0,
            "z": 0
          }
        },
        {
          "time": 0.5,
          "type": "WAIT"
        }
      ],
      "invisible": false,
      "hp": 0,
      "stickToSource": "NONE",
      "stickFaceAlign": false,
      "group": "",
      "startAnim": "",
      "size": {
        "x": 0,
        "y": 0,
        "z": 0
      },
      "config": {},
      "type": "GENERIC"
    },
    "fireBallProxy": {
      "animation": {
        "name": "default",
        "sheet": {
          "src": "media/entity/effects/heat.png",
          "offX": 304,
          "offY": 0,
          "width": 16,
          "height": 16
        },
        "time": 0.1,
        "repeat": true,
        "frames": [
          0,
          1,
          2
        ]
      },
      "copyOwnerAnims": false,
      "breakType": "NEVER",
      "action": [
        {
          "value": true,
          "type": "SET_SLIP_THROUGH"
        },
        {
          "value": true,
          "type": "FACE_TO_TARGET"
        },
        {
          "value": -200,
          "type": "SET_Z_VEL"
        },
        {
          "type": "WAIT_UNTIL_ON_GROUND"
        },
        {
          "align": "BOTTOM",
          "centralAngle": 0.1,
          "angleVary": 0,
          "random": true,
          "count": 1,
          "duration": 0.1,
          "clockwise": false,
          "flipLeftFace": 0,
          "circularArea": false,
          "uniformDir": 0,
          "delay": 0,
          "repeat": false,
          "type": "SHOOT_PROXY_RANGE",
          "proxy": "fireball",
          "offset": {
            "x": 0,
            "y": 0,
            "z": 0
          }
        },
        {
          "time": 0.15,
          "type": "WAIT"
        }
      ],
      "invisible": false,
      "hp": 0,
      "stickToSource": "NONE",
      "stickFaceAlign": false,
      "group": "",
      "startAnim": "",
      "size": {
        "x": 8,
        "y": 8,
        "z": 8
      },
      "config": {
        "collType": "IGNORE",
        "zGravityFactor": 1
      },
      "type": "GENERIC"
    },
    "fireBallBigProxy": {
      "animation": {
        "name": "default",
        "shapeType": "Y_FLAT",
        "sheet": {
          "src": "media/entity/effects/heat.png",
          "offX": 288,
          "offY": 32,
          "width": 32,
          "height": 32
        },
        "time": 0.05,
        "repeat": true,
        "frames": [
          0,
          1,
          2,
          1
        ]
      },
      "copyOwnerAnims": false,
      "breakType": "NEVER",
      "action": [
        {
          "value": true,
          "type": "SET_SLIP_THROUGH"
        },
        {
          "value": true,
          "type": "FACE_TO_TARGET"
        },
        {
          "value": -200,
          "type": "SET_Z_VEL"
        },
        {
          "type": "WAIT_UNTIL_ON_GROUND"
        },
        {
          "align": "BOTTOM",
          "type": "SHOOT_PROXY",
          "proxy": "fireBallBig",
          "offset": {
            "x": 0,
            "y": 0,
            "z": 12
          }
        }
      ],
      "invisible": false,
      "hp": 0,
      "stickToSource": "NONE",
      "stickFaceAlign": false,
      "group": "",
      "startAnim": "",
      "size": {
        "x": 8,
        "y": 8,
        "z": 8
      },
      "config": {
        "collType": "IGNORE",
        "zGravityFactor": 1
      },
      "type": "GENERIC"
    },
    "fireBallBig2Proxy": {
      "animation": {
        "name": "default",
        "shapeType": "Y_FLAT",
        "sheet": {
          "src": "media/entity/effects/heat.png",
          "offX": 288,
          "offY": 32,
          "width": 32,
          "height": 32
        },
        "time": 0.05,
        "repeat": true,
        "frames": [
          0,
          1,
          2,
          1
        ]
      },
      "copyOwnerAnims": false,
      "breakType": "NEVER",
      "action": [
        {
          "value": true,
          "type": "SET_SLIP_THROUGH"
        },
        {
          "value": true,
          "type": "FACE_TO_TARGET"
        },
        {
          "value": -200,
          "type": "SET_Z_VEL"
        },
        {
          "type": "WAIT_UNTIL_ON_GROUND"
        },
        {
          "align": "BOTTOM",
          "type": "SHOOT_PROXY",
          "proxy": "fireBallBig",
          "offset": {
            "x": 0,
            "y": 0,
            "z": 8
          }
        },
        {
          "time": 0.3,
          "type": "WAIT"
        },
        {
          "align": "BOTTOM",
          "type": "SHOOT_PROXY",
          "proxy": "fireBallBig",
          "offset": {
            "x": 0,
            "y": 0,
            "z": 8
          }
        }
      ],
      "invisible": false,
      "hp": 0,
      "stickToSource": "NONE",
      "stickFaceAlign": false,
      "group": "",
      "startAnim": "",
      "size": {
        "x": 8,
        "y": 8,
        "z": 8
      },
      "config": {
        "collType": "IGNORE",
        "zGravityFactor": 1
      },
      "type": "GENERIC"
    },
    "laser": {
      "copyOwnerAnims": false,
      "breakType": "ACTION",
      "action": [
        {
          "value": 1,
          "forwardToProxies": false,
          "type": "SET_DAMAGE_CEILING"
        },
        {
          "duration": -1,
          "align": "BOTTOM",
          "rotateFace": 0,
          "flipLeftFace": false,
          "wait": false,
          "waitSkip": 0,
          "actionDetached": false,
          "target2": "PROXY_OWNER",
          "target2Align": "FACE",
          "fixPos": false,
          "type": "SHOW_EFFECT",
          "effect": {
            "sheet": "enemies.heat-dng",
            "name": "darthMothLaser"
          },
          "offset": {
            "x": 0,
            "y": 0,
            "z": 0
          }
        },
        {
          "align": "BOTTOM",
          "radius": 24,
          "yScale": 0,
          "zHeight": 0,
          "centralAngle": 0,
          "duration": 0.1,
          "expandRadius": 0,
          "alwaysFull": true,
          "clockwise": false,
          "flipLeftFace": 0,
          "rectangular": false,
          "repeat": true,
          "uniformHitDir": false,
          "fixPos": false,
          "checkCollision": false,
          "type": "CIRCLE_ATTACK",
          "attack": {
            "type": "MEDIUM",
            "element": "HEAT",
            "damageFactor": 0.4,
            "reverse": true,
            "status": 9,
            "guardable": "",
            "skillBonus": "RANGED_DMG",
            "limiter": ""
          },
          "offset": {
            "x": 0,
            "y": 0,
            "z": 0
          }
        },
        {
            "strength": "DASH_ESCAPE",
            "pull": true,
            "radius": 36,
            "fadeRadius": 36,
            "minRadius": 24,
            "zHeight": 32,
            "duration": -1,
            "align": "BOTTOM",
            "type": "PUSH_PULL_FORCE"
        },
        {
          "value": true,
          "type": "FACE_TO_TARGET"
        },
        {
          "value": 375,
          "type": "SET_SPEED"
        },
        {
          "value": 2.6,
          "type": "FACE_TO_TARGET_SPEED"
        },
        {
          "time": 1.5,
          "stopBeforeEdge": false,
          "type": "MOVE_FORWARD"
        },
        {
          "type": "CLEAR_EFFECTS"
        }
      ],
      "invisible": false,
      "hp": 0,
      "stickToSource": "NONE",
      "stickFaceAlign": false,
      "group": "",
      "startAnim": "",
      "size": {
        "x": 24,
        "y": 24,
        "z": 0
      },
      "config": {},
      "type": "GENERIC"
    },
    "laserStrong": {
      "copyOwnerAnims": false,
      "breakType": "ACTION",
      "action": [
        {
          "duration": -1,
          "align": "BOTTOM",
          "rotateFace": 0,
          "flipLeftFace": false,
          "wait": false,
          "waitSkip": 0,
          "actionDetached": false,
          "target2": "PROXY_OWNER",
          "target2Align": "FACE",
          "target2Offset": {
            "x": 0,
            "y": 0,
            "z": -8
          },
          "fixPos": false,
          "type": "SHOW_EFFECT",
          "effect": {
            "sheet": "enemies.heat-dng",
            "name": "darthMothLaser"
          },
          "offset": {
            "x": 0,
            "y": 0,
            "z": 0
          }
        },
        {
          "align": "BOTTOM",
          "radius": 30,
          "yScale": 0,
          "zHeight": 12,
          "centralAngle": 0,
          "duration": 0.1,
          "expandRadius": 0,
          "alwaysFull": true,
          "clockwise": false,
          "flipLeftFace": 0,
          "rectangular": false,
          "repeat": true,
          "uniformHitDir": false,
          "fixPos": false,
          "checkCollision": false,
          "type": "CIRCLE_ATTACK",
          "attack": {
            "type": "MASSIVE",
            "element": "HEAT",
            "fly": "LIGHT",
            "damageFactor": 1.65,
            "reverse": false,
            "stunSteps":
             [
                 {
                     "type": "BLOCK_XY"
                 }
             ],
            "status": 9,
            "guardable": "",
            "skillBonus": "RANGED_DMG",
            "limiter": ""
          },
          "offset": {
            "x": 0,
            "y": 0,
            "z": 0
          }
        },
        {
          "value": true,
          "type": "FACE_TO_TARGET"
        },
        {
          "value": 450,
          "type": "SET_SPEED"
        },
        {
          "value": 5,
          "type": "FACE_TO_TARGET_SPEED"
        },
        {
          "time": 1.5,
          "type": "MOVE_FORWARD"
        },
        {
          "type": "CLEAR_EFFECTS"
        }
      ],
      "invisible": false,
      "hp": 0,
      "stickToSource": "NONE",
      "stickFaceAlign": false,
      "group": "",
      "startAnim": "",
      "size": {
        "x": 24,
        "y": 24,
        "z": 0
      },
      "config": {},
      "type": "GENERIC"
    }
  },
  "actions": {
  	"Init": [
  		{
        "group": "staticsFurGroup",
        "target": "SELF",
        "ignoreSelf": false,
        "sticking": true,
        "type": "REMOVE_PROXIES"
      },
      {
        "value": 0.2,
        "type": "SET_INVINCIBLE"
      },
      {
        "align": "BOTTOM",
        "offset": {
          "x": 0,
          "y": 0,
          "z": 0
        },
        "proxy": "placeholderStickingProxy",
        "type": "SHOOT_PROXY"
      },
      {
          "align": "BOTTOM",
          "type": "SHOOT_PROXY",
          "proxy": "elementCheck",
          "offset": {
            "x": 0,
            "y": 0,
            "z": 0
          }
      },
      {
          "align": "BOTTOM",
          "type": "SHOOT_PROXY",
          "proxy": "modifierCheckShooter",
          "offset": {
            "x": 0,
            "y": 0,
            "z": 0
          }
      },
      {
          "align": "BOTTOM",
          "type": "SHOOT_PROXY",
          "proxy": "modifierCheckBurnRush",
          "offset": {
            "x": 0,
            "y": 0,
            "z": 0
          }
      },
      {
          "align": "BOTTOM",
          "type": "SHOOT_PROXY",
          "proxy": "modifierCheckStatusRush",
          "offset": {
            "x": 0,
            "y": 0,
            "z": 0
          }
      },
      {
          "align": "BOTTOM",
          "type": "SHOOT_PROXY",
          "proxy": "collabChecker",
          "offset": {
            "x": 0,
            "y": 0,
            "z": 0
          }
      }
    ],
    "Boom": [
      {
        "changeType": "sub",
        "type": "CHANGE_VAR_NUMBER",
        "varName": "tmp.mothAlive",
        "value": 1
      }
    ],
    "shootCombatChecker": [
  		{
          "align": "BOTTOM",
          "type": "SHOOT_PROXY",
          "proxy": "combatChecker",
          "offset": {
            "x": 0,
            "y": 0,
            "z": 0
          }
        }
    ],
    "Idle": [
    	{
          "kind": "PLAYER",
          "type": "SET_TEMP_TARGET"
      },
      {
        "value": true,
        "type": "FACE_TO_TARGET"
      },
      {
        "minTime": 0.1,
        "maxTime": 0.3,
        "type": "WAIT_RANDOM"
      }
    ],
    "FollowMe": [
      {
        "type": "SET_RELATIVE_SPEED",
        "value": 0.7

      },
      {
        "type": "SET_HIT_STABLE",
        "value": "MEDIUM"
      },
      {
        "distance": 100,
        "entity": {
          "player": true
        },
        "forceTime": false,
        "ignoreBelow": 100,
        "maxTime": 0.5,
        "planOnly": false,
        "precise": true,
        "type": "NAVIGATE_TO_ENTITY"
      }
    ],
    "CombatIdle": [
      {
        "value": true,
        "type": "FACE_TO_TARGET"
      },
      {
        "minTime": 0.1,
        "maxTime": 0.3,
        "type": "WAIT_RANDOM"
      }
    ],
    "Adjust": [
      {
        "value": 0.7,
        "type": "SET_RELATIVE_SPEED"
      },
      {
        "maxTime": 1,
        "distance": 150,
        "throwing": true,
        "planOnly": false,
        "targetType": "ENEMY",
        "type": "NAVIGATE_ESCAPE_TARGET"
      }
    ],
    "Circle": [
      {
        "value": 0.5,
        "type": "SET_RELATIVE_SPEED"
      },
      {
        "maxTime": 1,
        "distance": 150,
        "distVariance": 80,
        "keepDirection": false,
        "throwing": true,
        "planOnly": false,
        "type": "NAVIGATE_SIDEWAYS_TARGET"
      }
    ],
    "Escape": [
      {
        "value": 1,
        "type": "SET_RELATIVE_SPEED"
      },
      {
        "value": "MEDIUM",
        "type": "SET_HIT_STABLE"
      },
      {
        "value": "IGNORE",
        "type": "SET_COLL_TYPE"
      },
      {
        "maxTime": 1,
        "distance": 200,
        "throwing": true,
        "planOnly": false,
        "targetType": "ENEMY",
        "type": "NAVIGATE_ESCAPE_TARGET"
      }
    ],
    "FireShot": [
      {
        "value": "HEAVY",
        "type": "SET_HIT_STABLE"
      },
      {
        "active": "PRE_ATTACK",
        "type": "CHANGE_ENEMY_ANNOTATION"
      },
      {
        "wait": false,
        "viaWalkConfig": false,
        "type": "SHOW_ANIMATION",
        "anim": "preShoot"
      },
      {
        "duration": -1,
        "align": "FACE",
        "rotateFace": 0,
        "flipLeftFace": false,
        "wait": false,
        "waitSkip": 0,
        "actionDetached": false,
        "type": "SHOW_EFFECT",
        "effect": {
          "sheet": "enemies.heat-dng",
          "name": "mothSmallCharge"
        },
        "offset": {
          "x": 0,
          "y": 0,
          "z": 0
        }
      },
      {
        "time": 0.1,
        "type": "WAIT"
      },
      {
        "wait": false,
        "viaWalkConfig": false,
        "type": "SHOW_ANIMATION",
        "anim": "preShoot"
      },
      {
        "time": 0.3,
        "type": "WAIT"
      },
      {
        "type": "CLEAR_EFFECTS"
      },
      {
        "duration": 0,
        "align": "FACE",
        "rotateFace": 0,
        "flipLeftFace": false,
        "wait": false,
        "waitSkip": 0,
        "actionDetached": false,
        "type": "SHOW_EFFECT",
        "effect": {
          "sheet": "enemies.heat-dng",
          "name": "mothShoot"
        },
        "offset": {
          "x": 0,
          "y": 0,
          "z": 0
        }
      },
      {
        "wait": false,
        "viaWalkConfig": false,
        "type": "SHOW_ANIMATION",
        "anim": "shoot"
      },
      {
        "active": "ATTACK",
        "type": "CHANGE_ENEMY_ANNOTATION"
      },
      {
        "align": "FACE",
        "type": "SHOOT_PROXY",
        "proxy": "fireBallProxy",
        "offset": {
          "x": 0,
          "y": 0,
          "z": 0
        }
      },
      {
        "time": 0.3,
        "type": "WAIT"
      }
    ],
    "FireShotBig": [
      {
        "value": "HEAVY",
        "type": "SET_HIT_STABLE"
      },
      {
        "active": "PRE_ATTACK",
        "type": "CHANGE_ENEMY_ANNOTATION"
      },
      {
        "wait": false,
        "viaWalkConfig": false,
        "type": "SHOW_ANIMATION",
        "anim": "charge"
      },
      {
        "duration": -1,
        "align": "FACE",
        "rotateFace": 0,
        "flipLeftFace": false,
        "wait": false,
        "waitSkip": 0,
        "actionDetached": false,
        "type": "SHOW_EFFECT",
        "effect": {
          "sheet": "enemies.heat-dng",
          "name": "mothBigCharge"
        },
        "offset": {
          "x": 0,
          "y": 0,
          "z": 0
        }
      },
      {
        "time": 0.5,
        "type": "WAIT"
      },
      {
        "time": 0.4,
        "type": "WAIT"
      },
      {
        "type": "CLEAR_EFFECTS"
      },
      {
        "wait": false,
        "viaWalkConfig": false,
        "type": "SHOW_ANIMATION",
        "anim": "shoot"
      },
      {
        "active": "ATTACK",
        "type": "CHANGE_ENEMY_ANNOTATION"
      },
      {
        "align": "FACE",
        "type": "SHOOT_PROXY",
        "proxy": "fireBallBigProxy",
        "offset": {
          "x": 0,
          "y": 0,
          "z": 0
        }
      },
      {
        "time": 0.3,
        "type": "WAIT"
      }
    ],
    "FireLaser": [
      {
        "value": 1,
        "type": "SET_RELATIVE_SPEED"
      },
      {
        "maxTime": 0.5,
        "distance": 120,
        "throwing": true,
        "planOnly": false,
        "targetType": "ENEMY",
        "type": "NAVIGATE_ESCAPE_TARGET"
      },
      {
        "type": "DISABLE_REACTION",
        "reaction": "DODGE"
      },
      {
        "value": "HEAVY",
        "type": "SET_HIT_STABLE"
      },
      {
        "type": "STOP_XY"
      },
      {
        "wait": false,
        "viaWalkConfig": false,
        "type": "SHOW_ANIMATION",
        "anim": "charge"
      },
      {
        "duration": -1,
        "align": "CENTER",
        "rotateFace": 0,
        "flipLeftFace": false,
        "wait": false,
        "waitSkip": 0,
        "actionDetached": false,
        "fixPos": false,
        "type": "SHOW_EFFECT",
        "effect": {
          "sheet": "enemies.heat-dng",
          "name": "darthMothCharge"
        },
        "offset": {
          "x": 0,
          "y": 0,
          "z": 0
        }
      },
      {
        "duration": -1,
        "align": "FACE",
        "rotateFace": 0,
        "flipLeftFace": false,
        "wait": false,
        "waitSkip": 0,
        "actionDetached": false,
        "group": "fire",
        "fixPos": false,
        "type": "SHOW_EFFECT",
        "effect": {
          "sheet": "enemies.heat-dng",
          "name": "mothBigCharge"
        },
        "offset": {
          "x": 0,
          "y": 0,
          "z": 0
        }
      },
      {
        "time": 0.8,
        "type": "WAIT"
      },
      {
        "group": "fire",
        "type": "CLEAR_EFFECTS"
      },
      {
        "duration": -1,
        "align": "FACE",
        "rotateFace": 0,
        "flipLeftFace": false,
        "wait": false,
        "waitSkip": 0,
        "actionDetached": false,
        "group": "laser",
        "fixPos": false,
        "type": "SHOW_EFFECT",
        "effect": {
          "sheet": "enemies.heat-dng",
          "name": "darthMothLaserSrc"
        },
        "offset": {
          "x": 0,
          "y": 0,
          "z": 0
        }
      },
      {
        "wait": false,
        "viaWalkConfig": false,
        "type": "SHOW_ANIMATION",
        "anim": "shoot"
      },
      {
        "value": false,
        "immediately": true,
        "type": "FACE_TO_TARGET"
      },
      {
        "align": "BASE",
        "type": "SHOOT_PROXY",
        "proxy": "laser",
        "offset": {
          "x": 0,
          "y": 0,
          "z": 8
        }
      },
      {
        "type": "WAIT_UNTIL_PROXIES_DONE"
      }
    ],
    "FireLaserCollab": [
    	{
              "changeType": "set",
              "type": "CHANGE_VAR_BOOL",
              "varName": "tmp.letsGooHeat",
              "value": false
          },
      {
        "value": 1,
        "type": "SET_RELATIVE_SPEED"
      },
      {
        "type": "DISABLE_REACTION",
        "reaction": "DODGE"
      },
      {
        "value": "HEAVY",
        "type": "SET_HIT_STABLE"
      },
      {
        "type": "STOP_XY"
      },
      {
        "poiFilter": {
          "group": "crimsonRayTriggerGroup",
          "type": "PROXY"
        },
        "distance": 2000,
        "type": "SET_POI_TEMP_TARGET"
      },
      {
        "duration": -1,
        "align": "FACE",
        "rotateFace": 0,
        "flipLeftFace": false,
        "wait": false,
        "waitSkip": 0,
        "actionDetached": false,
        "group": "laser",
        "fixPos": false,
        "type": "SHOW_EFFECT",
        "effect": {
          "sheet": "enemies.heat-dng",
          "name": "darthMothLaserSrc"
        },
        "offset": {
          "x": 0,
          "y": 0,
          "z": -8
        }
      },
      {
        "wait": false,
        "viaWalkConfig": false,
        "type": "SHOW_ANIMATION",
        "anim": "shoot"
      },
      {
        "value": false,
        "immediately": true,
        "type": "FACE_TO_TARGET"
      },
      {
        "align": "BASE",
        "type": "SHOOT_PROXY",
        "proxy": "laserStrong",
        "offset": {
          "x": 0,
          "y": 0,
          "z": 8
        }
      },
      {
        "type": "WAIT_UNTIL_PROXIES_DONE"
      },
      {
            "group": "collabGroupHeat",
            "type": "REMOVE_PROXIES"
          },
          {
              "align": "BOTTOM",
              "type": "SHOOT_PROXY",
              "proxy": "collabChecker",
              "offset": {
                "x": 0,
                "y": 0,
                "z": 0
              }
          }
    ],
    "PoleAttract": [
      {
        "distance": 0,
        "type": "SET_POI_TEMP_TARGET"
      },
      {
        "value": 42,
        "type": "SET_FLY_HEIGHT"
      },
      {
        "variance": 10,
        "type": "SET_FLOAT_PARAMS"
      },
      {
        "value": "HEAVY",
        "type": "SET_HIT_STABLE"
      },
      {
        "time": 2,
        "type": "SET_ELEMENT_POLE_TIMER"
      },
      {
        "time": 0.5,
        "type": "WAIT"
      },
      {
        "time": 5,
        "type": "SET_ELEMENT_POLE_TIMER"
      },
      {
        "maxTime": 0,
        "forceTime": false,
        "distance": 80,
        "stayBehind": false,
        "planOnly": false,
        "targetType": "ENEMY",
        "type": "NAVIGATE_TO_TARGET"
      },
      {
        "value": 0.4,
        "type": "SET_RELATIVE_SPEED"
      },
      {
        "value": "IGNORE",
        "type": "SET_COLL_TYPE"
      },
      {
        "variance": 0,
        "type": "SET_FLOAT_PARAMS"
      },
      {
        "value": 32,
        "type": "SET_FLY_HEIGHT"
      },
      {
        "time": 5,
        "type": "SET_ELEMENT_POLE_TIMER"
      },
      {
        "maxTime": 0,
        "forceTime": false,
        "distance": 12,
        "stayBehind": false,
        "planOnly": false,
        "targetType": "ENEMY",
        "type": "NAVIGATE_TO_TARGET"
      },
      {
        "time": 3,
        "type": "SET_ELEMENT_POLE_TIMER"
      },
      {
        "duration": -1,
        "align": "BOTTOM",
        "rotateFace": 0,
        "flipLeftFace": false,
        "wait": false,
        "waitSkip": 0,
        "actionDetached": false,
        "group": "weak",
        "type": "SHOW_EFFECT",
        "effect": {
          "sheet": "charge",
          "name": "light"
        },
        "offset": {
          "x": 0,
          "y": 0,
          "z": 0
        }
      },
      {
        "type": "ENABLE_REACTION",
        "reaction": "POLE_WEAK"
      },
      {
        "time": 3,
        "type": "WAIT"
      },
      {
        "type": "DISABLE_REACTION",
        "reaction": "POLE_WEAK"
      },
      {
        "type": "CLEAR_EFFECTS"
      },
      {
        "type": "CLEAR_TEMP_TARGET"
      },
      {
        "value": 1,
        "type": "SET_RELATIVE_SPEED"
      },
      {
        "wait": false,
        "viaWalkConfig": false,
        "type": "SHOW_ANIMATION",
        "anim": "charge"
      },
      {
        "duration": -1,
        "align": "FACE",
        "rotateFace": 0,
        "flipLeftFace": false,
        "wait": false,
        "waitSkip": 0,
        "actionDetached": false,
        "type": "SHOW_EFFECT",
        "effect": {
          "sheet": "enemies.heat-dng",
          "name": "mothBigCharge"
        },
        "offset": {
          "x": 0,
          "y": 0,
          "z": 0
        }
      },
      {
        "value": 48,
        "type": "SET_FLY_HEIGHT"
      },
      {
        "maxTime": 0,
        "distance": 120,
        "throwing": true,
        "planOnly": false,
        "targetType": "ENEMY",
        "type": "NAVIGATE_ESCAPE_TARGET"
      },
      {
        "time": 0.4,
        "type": "WAIT"
      },
      {
        "type": "CLEAR_EFFECTS"
      },
      {
        "wait": false,
        "viaWalkConfig": false,
        "type": "SHOW_ANIMATION",
        "anim": "shoot"
      },
      {
        "active": "ATTACK",
        "type": "CHANGE_ENEMY_ANNOTATION"
      },
      {
        "align": "FACE",
        "type": "SHOOT_PROXY",
        "proxy": "fireBallBig2Proxy",
        "offset": {
          "x": 0,
          "y": 0,
          "z": 0
        }
      },
      {
        "time": 0.6,
        "type": "WAIT"
      }
    ],
    "MoveToSpawnPoint": [
      {
        "value": 0.5,
        "type": "SET_RELATIVE_SPEED"
      },
      {
        "maxTime": 3,
        "maxDistance": 16,
        "precise": false,
        "type": "NAVIGATE_TO_SPAWN_POINT"
      }
    ],
    "MoveRandom": [
      {
        "value": 0.3,
        "type": "SET_RELATIVE_SPEED"
      },
      {
        "value": false,
        "type": "SET_JUMPING"
      },
      {
        "minTime": 0.3,
        "maxTime": 0.5,
        "dirChanges": 0,
        "type": "MOVE_RANDOM",
        "stopBeforeEdge": true
      },
      {
        "minTime": 0.5,
        "maxTime": 0.6,
        "type": "WAIT_RANDOM"
      }
    ],
    "WeakStart": [
      {
        "duration": -1,
        "align": "BOTTOM",
        "rotateFace": 0,
        "flipLeftFace": false,
        "wait": false,
        "waitSkip": 0,
        "actionDetached": true,
        "group": "weak",
        "type": "SHOW_EFFECT",
        "effect": {
          "sheet": "enemy",
          "name": "angry2"
        },
        "offset": {
          "x": 0,
          "y": 0,
          "z": 0
        }
      }
    ],
    "WeakEnd": [
      {
        "group": "weak",
        "type": "CLEAR_EFFECTS"
      }
    ],
    "dodge": [
      {
        "value": 2,
        "type": "SET_RELATIVE_SPEED"
      },
      {
        "duration": -1,
        "align": "BOTTOM",
        "rotateFace": 0,
        "flipLeftFace": false,
        "wait": false,
        "waitSkip": 0,
        "actionDetached": false,
        "type": "SHOW_EFFECT",
        "effect": {
          "sheet": "enemies.heat-dng",
          "name": "darthMothDodge"
        },
        "offset": {
          "x": 0,
          "y": 0,
          "z": 0
        }
      },
      {
        "value": 1,
        "type": "SET_INVINCIBLE"
      },
      {
        "maxTime": 0.4,
        "distance": 80,
        "planOnly": false,
        "dodgeType": "NEUTRAL",
        "type": "NAVIGATE_DODGE"
      },
      {
        "time": 0.2,
        "type": "WAIT"
      },
      {
        "value": 0,
        "type": "SET_INVINCIBLE"
      }
    ],
    "FireRespawn": [
      {
        "duration": -1,
        "align": "BOTTOM",
        "rotateFace": 0,
        "flipLeftFace": false,
        "wait": false,
        "waitSkip": 0,
        "actionDetached": false,
        "type": "SHOW_EFFECT",
        "effect": {
          "sheet": "enemies.heat-dng",
          "name": "heatGolemAura"
        },
        "offset": {
          "x": 0,
          "y": 0,
          "z": 0
        }
      },
      {
        "value": 300,
        "type": "SET_Z_VEL"
      },
      {
        "value": 80,
        "type": "SET_FLY_HEIGHT"
      },
      {
        "time": 1,
        "type": "WAIT"
      }
    ],
    "TurnOn": [
      {
        "type": "REASSIGN_TARGET"
      },
      {
        "duration": 0.3,
        "align": "BOTTOM",
        "rotateFace": 0,
        "flipLeftFace": false,
        "wait": false,
        "waitSkip": 0,
        "actionDetached": false,
        "spriteFilter": [
          1
        ],
        "type": "SHOW_EFFECT",
        "effect": {
          "sheet": "enemies.heat-dng",
          "name": "mothGlow"
        },
        "offset": {
          "x": 0,
          "y": 0,
          "z": 0
        }
      },
      {
        "wait": false,
        "viaWalkConfig": false,
        "type": "SHOW_ANIMATION",
        "anim": "turnOn"
      },
      {
        "time": 0.6,
        "type": "WAIT"
      },
      {
        "type": "SET_WALK_ANIMS",
        "config": "normal"
      },
      {
        "type": "CLEAR_ANIMATION"
      },
      {
        "value": 0.4,
        "type": "SET_RELATIVE_SPEED"
      },
      {
        "value": 64,
        "type": "SET_FLY_HEIGHT"
      },
      {
        "accel": 2,
        "type": "SET_FLOAT_PARAMS"
      },
      {
        "value": 1,
        "type": "SET_Z_GRAVITY_FACTOR"
      },
      {
        "face": "SOUTH",
        "rotate": true,
        "rotateSpeed": 3,
        "type": "SET_FACE"
      },
      {
        "time": 0.3,
        "type": "MOVE_FORWARD"
      },
      {
        "type": "UPDATE_RESPAWN_POINT"
      }
    ]
  },
  "reactions": {
  	"KILL_HIT": {
      "hitType": "KILL_HIT",
      "preAction": "Boom",
      "blockFurtherHits": false,
      "attackType": "MASSIVE",
      "flyLevel": "MASSIVE+",
      "stunChange": "FORCE_STUN",
      "alignFace": false,
      "dramaticEffect": 0,
      "conditions": [],
      "ignoreFailed": false,
      "type": "HIT_REACTION"
    },
    "COLLAB_REACT": {
      "action": "FireLaserCollab",
      "attackType": "",
      "blockFurtherHits": false,
      "checkCollision": false,
      "conditions": [
        {
              "group": "trueCollabGroup",
              "type": "HAS_PROXY"
            }
      ],
      "dramaticEffect": "",
      "flyLevel": "",
      "ignoreParty": false,
      "ignoreReplaceTargets": false,
      "maxDistance": 2000,
      "minDistance": 0,
      "preciseFace": false,
      "stunChange": "FORCE_STUN",
      "type": "TARGET_DISTANCE"
    },
    "DODGE": {
      "action": "dodge",
      "viewAngle": 1,
      "restartPrevAction": true,
      "probability": 1,
      "count": 0,
      "blockTime": 1,
      "conditions": [],
      "type": "DODGE"
    },
    "COAL_FALL": {
      "preSwitchState": "DEFAULT",
      "action": "FireRespawn",
      "terrain": "COAL",
      "blockFurtherHits": false,
      "attackType": "",
      "flyLevel": "",
      "stunChange": "FORCE_STUN",
      "alignFace": false,
      "dramaticEffect": "",
      "conditions": [],
      "type": "FALL"
    }
  },
  "meta": {
    "species": {
      "en_US": "Moth",
      "de_DE": "Motte<<C<<Geprüft: Minsu",
      "zh_CN": "蛾类",
      "zh_TW": "蛾類",
      "ja_JP": "蛾類",
      "ko_KR": "나방",
      "langUid": 1
    },
    "category": "ANIMALS",
    "descriptions": [
      {
        "condition": "",
        "text": {
          "en_US": "A mutation of the common \\v[combat.name.heat/moth] that has somehow gained the ability to shoot a laser from its eye. That's right, a laser. They're also not fooled easily by the same tricks you could use against its weaker kind. However it still is very vulnerable to cold attacks. Best wait for an opening to throw some icy balls at them.",
          "de_DE": "Eine Mutation der gemeinen Pada-Motte, die irgendwie die Fähigkeit erlangt hat, einen Laser aus ihren Augen zu schießen. Richtig gelesen, einen Laser. Sie lässt sich auch nicht so einfach durch die gleichen Tricks täuschen wie ihre schwächeren Artgenossen. Sie ist dennoch sehr anfällig gegen Kälteangriffe. Warte am besten auf eine günstige Gelegenheit, um ihr ein paar Eisbälle entgegenzuschleudern.<<C<<Geprüft: Minsu",
          "zh_CN": "普通\\v[combat.name.heat/moth]的异种，可以用双眼发射激光。你没看错，就是发激光。你用来对付它们次级同类的小手段对它们可没什么用。不过，它们也一样容易受到冰伤害。最好的办法就是看准机会朝它们发射冰球。<<A<<[CHANGED 2018/07/09]",
          "zh_TW": "普通\\v[combat.name.heat/moth]的異種，可以用雙眼發射激光。你沒看錯，就是發激光。你用來對付它們次級同類的小手段對它們可沒什麼用。不過，它們也一樣容易受到冰傷害。最好的辦法就是看準機會朝它們發射冰球。<<A<<[CHANGED 2018/07/09]",
          "ja_JP": "目からレーザーを射出する能力をどうにかして身に着けた、\\v[combat.name.heat/moth]の突然変異種。そう、その通り、レーザーだ。また、原種には有効な戦術も、この突然変異種は簡単に引っかかってくれない。しかし、冷気攻撃に弱いという点は変わっていないようだ。タイミングをうまく見計らい、氷のボールを投げつけてやろう。<<A<<[CHANGED 2018/07/09]",
          "ko_KR": "일반적인 \\v[combat.name.heat/moth]의 변종으로, 눈에서 레이저를 쏠 수 있는 능력이 생겼습니다. 네, 그 레이저요. 심지어는 같은 공격으로 약점을 노리면 잘 속지 않게 됩니다. 그래도 여전히 냉기 공격에 약하기는 합니다. 녀석들에게 얼음 발사체를 쏠 수 있을 때까지 기다리는 게 최고입니다.<<A<<[CHANGED 2018/07/09]",
          "langUid": 3
        }
      }
    ]
  }
}