{
  "level": 99,
  "params": {
    "hp": 1,
    "attack": 1,
    "defense": 1,
    "focus": 1,
    "statusInflict": [
      1,
      1,
      1,
      1
    ],
    "statusEffect": [
      1,
      1,
      1,
      1
    ]
  },
  "credit": 0,
  "exp": 0,
  "maxSp": 0,
  "enduranceScale": 2.5,
  "itemDrops": [],
  "healDropRate": 0,
  "targetDetect": {
    "detectDistance": 120,
    "loseDistance": 320,
    "notifyNeighbourRadius": 100
  },
  "boss": false,
  "bossOrder": 0,
  "hpBreaks": [],
  "size": {
    "x": 16,
    "y": 16,
    "z": 24
  },
  "padding": {
    "x": 4,
    "y": 4
  },
  "anims": "enemies.seahorse",
  "defaultState": "IDLE",
  "walkConfigs": {
    "normal": {
      "idle": "idle",
      "damage": "damage"
    }
  },
  "material": "METAL",
  "aiGroup": "seahorse",
  "aiLearnType": "REGULAR",
  "_wm": null,
  "walkAnims": "normal",
  "weight": 50,
  "maxVel": 180,
  "jumpingEnabled": true,
  "shadow": 20,
  "floatVariance": 4,
  "floatMaxSpeed": 500,
  "floatAccel": 3,
  "flyHeight": 4,
  "ballFactor": 1,
  "hitStable": "MEDIUM",
  "annotate": {
    "active": "NONE",
    "passive": "NONE",
    "weapon": "RANGED",
    "extra": [],
    "element": "ANY"
  },
  "DOCTYPE": "ENEMY",
  "trackers": {
    "MOVE": {
      "target": 3,
      "initRandom": 1,
      "resetRandom": 0.3,
      "noStateReset": false,
      "noAssist": false,
      "type": "TIME"
    }
  },
  "states": {
    "IDLE": {
      "choices": [
      	{
          "action": "Init",
          "req": [
            {
              "sticking": true,
              "type": "!HAS_PROXY"
            }
          ]
        },
        {
          "action": "shootCombatChecker",
          "req": [
            {
              "group": "allyWarnerGroup",
              "type": "!HAS_PROXY"
            }
          ]
        },
        {
          "postSwitchState": "DEFAULT",
          "req": [
            {
              "group": "trueCombatGroup",
              "type": "HAS_PROXY"
            }
          ]
        },
        {
          "action": "FollowMe",
          "req": [
            {
              "distance": 100,
              "entity": {
                "player": true
              },
              "negated": false,
              "type": "ENTITY_DISTANCE_OVER"
            }
          ]
        },
        {
          "action": "Idle",
          "req": [
            {
              "distance": 100,
              "entity": {
                "player": true
              },
              "negated": false,
              "type": "!ENTITY_DISTANCE_OVER"
            }
          ]
        }
      ],
      "enabledReactions": [ 
        "KILL_HIT",
        "DODGE",
        "COLLAB_REACT"
      ]
    },
    "DEFAULT": {
      "enabledReactions": [ 
        "KILL_HIT",
        "DODGE",
        "COLLAB_REACT"
      ],
      "choices": [
        {
          "action": "Init",
          "req": [
            {
              "sticking": true,
              "type": "!HAS_PROXY"
            }
          ]
        },
        {
          "preSwitchState": "IDLE",
          "action": "FollowMe",
          "req": [
            {
              "group": "falseCombatGroup",
              "type": "HAS_PROXY"
            }
          ]
        },
        {
          "action": "shootCombatChecker",
          "req": [
            {
              "group": "allyWarnerGroup",
              "type": "!HAS_PROXY"
            }
          ]
        },
        {
          "req": [
            {
              "distance": 200,
              "throwing": true,
              "type": "!TARGET_REACHABLE"
            }
          ],
          "action": "Adjust"
        },
        {
          "req": [
            {
              "min": 0,
              "max": 80,
              "negated": false,
              "type": "TARGET_DISTANCE"
            },
            {
              "name": "RUN_AWAY",
              "negated": false,
              "time": 3,
              "type": "ACTION_TOKEN"
            }
          ],
          "action": "Escape",
          "ignoreStun": true
        },
        {
          "action": "BubbleSingle",
          "frequency": "OFTEN"
        },
        {
          "action": "BubbleShoot",
          "frequency": "NORMAL"
        },
        {
          "req": [
            {
              "negated": false,
              "type": "TRACKER_READY",
              "name": "MOVE"
            }
          ],
          "sub": [
            {
              "action": "Circle"
            }
          ]
        },
        {
          "action": "BattleIdle"
        }
      ]
    },
    "PASSIVE_INVIS": {
      "weight": -1,
      "hitIgnore": true,
      "aggression": "PEACEFUL",
      "annotate": {
        "active": "NONE",
        "passive": "IMMUNE",
        "weapon": "ANY",
        "element": "ANY",
        "extra": []
      },
      "choices": []
    }
  },
  "proxies": {
  	"enemyStatsAttack": {
      "copyOwnerAnims": false,
      "breakType": "COMBATANT",
      "action": [
        {
            "attribName": "playerAttackValue",
            "changeType": "set",
            "type": "SET_ATTRIB_NUMBER",
            "value":
            {
                "varName": "player.param.attack"
            }
        },
        {
            "attribName": "playerAttackValue",
            "changeType": "mul",
            "type": "SET_ATTRIB_NUMBER",
            "value": 0.85
        },
        {
          "target": "PROXY_OWNER",
          "name": "ownerStatsAttack",
          "param": "attack",
          "changeType": "set",
          "value": {
                         "varName": "entity.attrib.playerAttackValue"
                       },
          "type": "MOD_ACTION_BUFF_PARAM"
        },
        {
                    "time": -1,
                    "type": "WAIT"
                }
      ],
      "invisible": false,
      "hp": 0,
      "stickToSource": "OWNER",
      "stickFaceAlign": false,
      "group": "statsGroup",
      "size": {
        "x": 12,
        "y": 12,
        "z": 24
      },
      "config": {
        "collType": "NONE"
      },
      "type": "GENERIC"
    },
    "enemyStatsDefense": {
      "copyOwnerAnims": false,
      "breakType": "COMBATANT",
      "action": [
        {
            "attribName": "playerDefenseValue",
            "changeType": "set",
            "type": "SET_ATTRIB_NUMBER",
            "value":
            {
                "varName": "player.param.defense"
            }
        },
        {
            "attribName": "playerDefenseValue",
            "changeType": "mul",
            "type": "SET_ATTRIB_NUMBER",
            "value": 0.4
        },
        {
          "target": "PROXY_OWNER",
          "name": "ownerStatsDefense",
          "param": "defense",
          "changeType": "set",
          "value": {
                         "varName": "entity.attrib.playerDefenseValue"
                       },
          "type": "MOD_ACTION_BUFF_PARAM"
        },
        {
                    "time": -1,
                    "type": "WAIT"
                }
      ],
      "invisible": false,
      "hp": 0,
      "stickToSource": "OWNER",
      "stickFaceAlign": false,
      "group": "statsGroup",
      "size": {
        "x": 12,
        "y": 12,
        "z": 24
      },
      "config": {
        "collType": "NONE"
      },
      "type": "GENERIC"
    },
    "enemyStatsFocus": {
      "copyOwnerAnims": false,
      "breakType": "COMBATANT",
      "action": [
        {
            "attribName": "playerFocusValue",
            "changeType": "set",
            "type": "SET_ATTRIB_NUMBER",
            "value":
            {
                "varName": "player.param.focus"
            }
        },
        {
            "attribName": "playerFocusValue",
            "changeType": "mul",
            "type": "SET_ATTRIB_NUMBER",
            "value": 1.2
        },
        {
          "target": "PROXY_OWNER",
          "name": "ownerStatsFocus",
          "param": "focus",
          "changeType": "set",
          "value": {
                         "varName": "entity.attrib.playerFocusValue"
                       },
          "type": "MOD_ACTION_BUFF_PARAM"
        },
        {
                    "time": -1,
                    "type": "WAIT"
                }
      ],
      "invisible": false,
      "hp": 0,
      "stickToSource": "OWNER",
      "stickFaceAlign": false,
      "group": "statsGroup",
      "size": {
        "x": 12,
        "y": 12,
        "z": 24
      },
      "config": {
        "collType": "NONE"
      },
      "type": "GENERIC"
    },
    "enemyStatsHp": {
      "copyOwnerAnims": false,
      "breakType": "COMBATANT",
      "action": [
        {
            "attribName": "playerHpValue",
            "changeType": "set",
            "type": "SET_ATTRIB_NUMBER",
            "value":
            {
                "varName": "player.param.hp"
            }
        },
        {
            "attribName": "playerHpValue",
            "changeType": "mul",
            "type": "SET_ATTRIB_NUMBER",
            "value": 0.5
        },
        {
          "target": "PROXY_OWNER",
          "name": "ownerStatsHp",
          "param": "hp",
          "changeType": "set",
          "value": {
                         "varName": "entity.attrib.playerHpValue"
                       },
          "type": "MOD_ACTION_BUFF_PARAM"
        },
        {
                    "time": -1,
                    "type": "WAIT"
                }
      ],
      "invisible": false,
      "hp": 0,
      "stickToSource": "OWNER",
      "stickFaceAlign": false,
      "group": "statsGroup",
      "size": {
        "x": 12,
        "y": 12,
        "z": 24
      },
      "config": {
        "collType": "NONE"
      },
      "type": "GENERIC"
    },
    "enemyStatsShooter": {
      "copyOwnerAnims": false,
      "breakType": "NEVER",
      "action": [
        {
          "align": "BOTTOM",
          "type": "SHOOT_PROXY",
          "proxy": "enemyStatsAttack",
          "offset": {
            "x": 0,
            "y": 0,
            "z": 12
          }
        },
        {
          "align": "BOTTOM",
          "type": "SHOOT_PROXY",
          "proxy": "enemyStatsDefense",
          "offset": {
            "x": 0,
            "y": 0,
            "z": 12
          }
        },
        {
          "align": "BOTTOM",
          "type": "SHOOT_PROXY",
          "proxy": "enemyStatsFocus",
          "offset": {
            "x": 0,
            "y": 0,
            "z": 12
          }
        },
        {
          "align": "BOTTOM",
          "type": "SHOOT_PROXY",
          "proxy": "enemyStatsHp",
          "offset": {
            "x": 0,
            "y": 0,
            "z": 12
          }
        },
        {
                    "time": 0.2,
                    "type": "WAIT"
                }
      ],
      "invisible": false,
      "hp": 0,
      "stickToSource": "OWNER",
      "stickFaceAlign": false,
      "group": "",
      "size": {
        "x": 12,
        "y": 12,
        "z": 24
      },
      "config": {
        "collType": "NONE"
      },
      "type": "GENERIC"
    },
    "elementCheck": {
      "copyOwnerAnims": false,
      "breakType": "NEVER",
      "action": [
        {
          "target": "PROXY_OWNER",
          "name": "ownerStatsHp",
          "type": "ADD_ACTION_BUFF",
          "stats": [
            "HACK"
          ]
        },
        {
          "target": "PROXY_OWNER",
          "name": "ownerStatsFocus",
          "type": "ADD_ACTION_BUFF",
          "stats": [
            "HACK"
          ]
        },
        {
          "target": "PROXY_OWNER",
          "name": "ownerStatsDefense",
          "type": "ADD_ACTION_BUFF",
          "stats": [
            "HACK"
          ]
        },
        {
          "target": "PROXY_OWNER",
          "name": "ownerStatsAttack",
          "type": "ADD_ACTION_BUFF",
          "stats": [
            "HACK"
          ]
        },
        {
          "name": "repeat",
          "type": "LABEL"
        },
        {
          "group": "statsGroup",
          "type": "REMOVE_PROXIES"
        },
        {
          "align": "BOTTOM",
          "type": "SHOOT_PROXY",
          "proxy": "enemyStatsShooter",
          "offset": {
            "x": 0,
            "y": 0,
            "z": 12
          }
        },
        {
            "attribName": "playerLastElement",
            "changeType": "set",
            "type": "SET_ATTRIB_NUMBER",
            "value":
            {
                "varName": "player.element"
            }
        },
        {
          "type": "WAIT_UNTIL",
          "condition": "player.element != entity.attrib.playerLastElement"
        },
        {
          "time": 0.2,
          "type": "WAIT"
        },
        {
          "name": "repeat",
          "type": "GOTO_LABEL"
        }
      ],
      "invisible": false,
      "hp": 0,
      "stickToSource": "OWNER",
      "stickFaceAlign": false,
      "group": "",
      "size": {
        "x": 12,
        "y": 12,
        "z": 24
      },
      "config": {
        "collType": "NONE"
      },
      "type": "GENERIC"
    },
    "modifierCheckAssault": {
      "copyOwnerAnims": false,
      "breakType": "NEVER",
      "action": [
        {
          "name": "repeat",
          "type": "LABEL"
        },
        {
          "group": "assaultModifierGroup",
          "type": "REMOVE_PROXIES"
        },
        {
            "attribName": "myAssaultValue",
            "changeType": "set",
            "type": "SET_ATTRIB_NUMBER",
            "value": 0
        },
        {
          "align": "BOTTOM",
          "type": "SHOOT_PROXY",
          "proxy": "enemyAssaultModifierShooter",
          "offset": {
            "x": 0,
            "y": 0,
            "z": 12
          }
        },
        {
            "attribName": "playerLastAssaultValue",
            "changeType": "set",
            "type": "SET_ATTRIB_NUMBER",
            "value":
            {
                "varName": "player.modifierRounded.ASSAULT"
            }
        },
        {
          "type": "WAIT_UNTIL",
          "condition": "player.modifierRounded.ASSAULT != entity.attrib.playerLastAssaultValue"
        },
        {
          "time": 0.2,
          "type": "WAIT"
        },
        {
          "name": "repeat",
          "type": "GOTO_LABEL"
        }
      ],
      "invisible": false,
      "hp": 0,
      "stickToSource": "OWNER",
      "stickFaceAlign": false,
      "group": "",
      "size": {
        "x": 12,
        "y": 12,
        "z": 24
      },
      "config": {
        "collType": "NONE"
      },
      "type": "GENERIC"
    },
    "enemyAssaultModifierShooter": {
      "copyOwnerAnims": false,
      "breakType": "COMBATANT",
      "action": [
        {
          "name": "repeat",
          "type": "LABEL"
        },
        {
          "withElse": false,
          "type": "IF",
          "condition": "entity.srcAttrib.playerLastAssaultValue > entity.srcAttrib.myAssaultValue",
          "thenStep": [
            {
              "align": "BOTTOM",
              "type": "SHOOT_PROXY",
              "proxy": "enemyStatAssaultModifier",
              "offset": {
                "x": 0,
                "y": 0,
                "z": 12
              }
            },
            {
                "attribName": "myAssaultValue",
                "changeType": "add",
                "changeConnected": "PROXY_SOURCE",
                "type": "SET_ATTRIB_NUMBER",
                "value": 0.1
            }
          ]
        },
        {
          "time": 0.2,
          "type": "WAIT"
        },
        {
          "name": "repeat",
          "type": "GOTO_LABEL"
        }
      ],
      "invisible": false,
      "hp": 0,
      "stickToSource": "OWNER",
      "stickFaceAlign": false,
      "group": "assaultModifierGroup",
      "size": {
        "x": 12,
        "y": 12,
        "z": 24
      },
      "config": {
        "collType": "NONE"
      },
      "type": "GENERIC"
    },
    "enemyStatAssaultModifier": {
      "copyOwnerAnims": false,
      "breakType": "ACTION",
      "action": [
        {
          "target": "PROXY_OWNER",
          "type": "ADD_ACTION_BUFF",
          "stats": [
            "ASSAULT-001"
          ]
        },
        {
                    "time": -1,
                    "type": "WAIT"
                }
      ],
      "invisible": false,
      "hp": 0,
      "stickToSource": "OWNER",
      "stickFaceAlign": false,
      "group": "assaultModifierGroup",
      "size": {
        "x": 12,
        "y": 12,
        "z": 24
      },
      "config": {
        "collType": "NONE"
      },
      "type": "GENERIC"
    },
    "modifierCheckBullseye": {
      "copyOwnerAnims": false,
      "breakType": "NEVER",
      "action": [
        {
          "name": "repeat",
          "type": "LABEL"
        },
        {
          "group": "bullseyeModifierGroup",
          "type": "REMOVE_PROXIES"
        },
        {
            "attribName": "myBullseyeValue",
            "changeType": "set",
            "type": "SET_ATTRIB_NUMBER",
            "value": 0
        },
        {
          "align": "BOTTOM",
          "type": "SHOOT_PROXY",
          "proxy": "enemyBullseyeModifierShooter",
          "offset": {
            "x": 0,
            "y": 0,
            "z": 12
          }
        },
        {
            "attribName": "playerLastBullseyeValue",
            "changeType": "set",
            "type": "SET_ATTRIB_NUMBER",
            "value":
            {
                "varName": "player.modifierRounded.CRITICAL_DMG"
            }
        },
        {
          "type": "WAIT_UNTIL",
          "condition": "player.modifierRounded.CRITICAL_DMG != entity.attrib.playerLastBullseyeValue"
        },
        {
          "time": 0.2,
          "type": "WAIT"
        },
        {
          "name": "repeat",
          "type": "GOTO_LABEL"
        }
      ],
      "invisible": false,
      "hp": 0,
      "stickToSource": "OWNER",
      "stickFaceAlign": false,
      "group": "",
      "size": {
        "x": 12,
        "y": 12,
        "z": 24
      },
      "config": {
        "collType": "NONE"
      },
      "type": "GENERIC"
    },
    "enemyBullseyeModifierShooter": {
      "copyOwnerAnims": false,
      "breakType": "COMBATANT",
      "action": [
        {
          "name": "repeat",
          "type": "LABEL"
        },
        {
          "withElse": false,
          "type": "IF",
          "condition": "entity.srcAttrib.playerLastBullseyeValue > entity.srcAttrib.myBullseyeValue",
          "thenStep": [
            {
              "align": "BOTTOM",
              "type": "SHOOT_PROXY",
              "proxy": "enemyStatBullseyeModifier",
              "offset": {
                "x": 0,
                "y": 0,
                "z": 12
              }
            },
            {
                "attribName": "myBullseyeValue",
                "changeType": "add",
                "changeConnected": "PROXY_SOURCE",
                "type": "SET_ATTRIB_NUMBER",
                "value": 0.1
            }
          ]
        },
        {
          "time": 0.2,
          "type": "WAIT"
        },
        {
          "name": "repeat",
          "type": "GOTO_LABEL"
        }
      ],
      "invisible": false,
      "hp": 0,
      "stickToSource": "OWNER",
      "stickFaceAlign": false,
      "group": "bullseyeModifierGroup",
      "size": {
        "x": 12,
        "y": 12,
        "z": 24
      },
      "config": {
        "collType": "NONE"
      },
      "type": "GENERIC"
    },
    "enemyStatBullseyeModifier": {
      "copyOwnerAnims": false,
      "breakType": "ACTION",
      "action": [
        {
          "target": "PROXY_OWNER",
          "type": "ADD_ACTION_BUFF",
          "stats": [
            "CRITICAL_DMG-003"
          ]
        },
        {
                    "time": -1,
                    "type": "WAIT"
                }
      ],
      "invisible": false,
      "hp": 0,
      "stickToSource": "OWNER",
      "stickFaceAlign": false,
      "group": "bullseyeModifierGroup",
      "size": {
        "x": 12,
        "y": 12,
        "z": 24
      },
      "config": {
        "collType": "NONE"
      },
      "type": "GENERIC"
    },
  	"combatChecker": {
      "copyOwnerAnims": false,
      "breakType": "COMBATANT",
      "action": [
        {
          "attribName": "present",
          "changeType": "add",
          "type": "SET_ATTRIB_NUMBER",
          "value": 1
        },
        {
                "withElse": false,
                "type": "IF",
                "condition": "!combat.active",
                "thenStep": [
                  {
                    "name": "instance1",
                    "type": "GOTO_LABEL"
                  }
                ]
              },
        {
                "name": "loop",
                "type": "LABEL"
              },
        {
          "type": "WAIT_UNTIL",
          "condition": "combat.active"
        },
        {
            "group": "falseCombatGroup",
            "type": "REMOVE_PROXIES"
          },
       {
                "align": "BOTTOM",
                "type": "SHOOT_PROXY",
                "proxy": "combatIsActive",
                "offset": {
                  "x": 0,
                  "y": 0,
                  "z": 12
                }
              },
        {
          "type": "WAIT_UNTIL",
          "condition": "!combat.active"
        },
        {
                    "name": "instance1",
                    "type": "LABEL"
        },
        {
            "group": "trueCombatGroup",
            "type": "REMOVE_PROXIES"
          },
        {
                "align": "BOTTOM",
                "type": "SHOOT_PROXY",
                "proxy": "combatIsNotActive",
                "offset": {
                  "x": 0,
                  "y": 0,
                  "z": 12
                }
              },
        {
                "name": "loop",
                "type": "GOTO_LABEL"
              }
      ],
      "invisible": false,
      "hp": 0,
      "stickToSource": "NONE",
      "stickFaceAlign": false,
      "group": "allyWarnerGroup",
      "size": {
        "x": 12,
        "y": 12,
        "z": 24
      },
      "config": {
        "collType": "NONE"
      },
      "type": "GENERIC"
    },
    "combatIsActive": {
      "copyOwnerAnims": false,
      "breakType": "COMBATANT",
      "action": [
                {
          "target": "SELF",
          "align": "BOTTOM",
          "duration": -1,
          "type": "STICK_TO_TARGET",
          "offset": {
            "x": 0,
            "y": 0,
            "z": 0
          }
        },
                {
                    "time": -1,
                    "type": "WAIT"
                }
      ],
      "invisible": false,
      "hp": 0,
      "stickToSource": "OWNER",
      "stickFaceAlign": false,
      "group": "trueCombatGroup",
      "size": {
        "x": 12,
        "y": 12,
        "z": 24
      },
      "config": {
        "collType": "NONE"
      },
      "type": "GENERIC"
    },
    "combatIsNotActive": {
      "copyOwnerAnims": false,
      "breakType": "COMBATANT",
      "action": [
                {
          "target": "SELF",
          "align": "BOTTOM",
          "duration": -1,
          "type": "STICK_TO_TARGET",
          "offset": {
            "x": 0,
            "y": 0,
            "z": 0
          }
        },
                {
                    "time": -1,
                    "type": "WAIT"
                }
      ],
      "invisible": false,
      "hp": 0,
      "stickToSource": "OWNER",
      "stickFaceAlign": false,
      "group": "falseCombatGroup",
      "size": {
        "x": 12,
        "y": 12,
        "z": 24
      },
      "config": {
        "collType": "NONE"
      },
      "type": "GENERIC"
    },
    "collabChecker": {
      "copyOwnerAnims": false,
      "breakType": "COMBATANT",
      "action": [
        {
            "poiFilter": {
              "group": "collabGroupAirborne",
              "type": "PROXY"
            },
            "distance": 2000,
            "type": "SET_POI_TEMP_TARGET"
          },
          {
            "withElse": false,
            "type": "IF",
            "condition": "!entity.hasTmpTarget",
            "thenStep": [
              {
                    "name": "instance1",
                    "type": "GOTO_LABEL"
                  }
            ]
          },
        {
                "name": "loop",
                "type": "LABEL"
              },
        {
            "name": "loopStart",
            "type": "LABEL"
          },
          {
            "poiFilter": {
              "group": "collabGroupAirborne",
              "type": "PROXY"
            },
            "distance": 2000,
            "type": "SET_POI_TEMP_TARGET"
          },
          {
            "time": 0.2,
            "type": "WAIT"
          },
          {
            "withElse": false,
            "type": "IF",
            "condition": "!entity.hasTmpTarget",
            "thenStep": [
              {
                "name": "loopStart",
                "type": "GOTO_LABEL"
              }
            ]
          },
        {
            "group": "falseCollabGroupAirborne",
            "type": "REMOVE_PROXIES"
          },
       {
                "align": "BOTTOM",
                "type": "SHOOT_PROXY",
                "proxy": "collabIsActive",
                "offset": {
                  "x": 0,
                  "y": 0,
                  "z": 12
                }
              },
        {
            "name": "loopStartSecond",
            "type": "LABEL"
          },
          {
            "poiFilter": {
              "group": "collabGroupAirborne",
              "type": "PROXY"
            },
            "distance": 2000,
            "type": "SET_POI_TEMP_TARGET"
          },
          {
            "time": 0.2,
            "type": "WAIT"
          },
          {
            "withElse": false,
            "type": "IF",
            "condition": "entity.hasTmpTarget",
            "thenStep": [
              {
                "name": "loopStartSecond",
                "type": "GOTO_LABEL"
              }
            ]
          },
        {
                    "name": "instance1",
                    "type": "LABEL"
        },
        {
            "group": "trueCollabGroupAirborne",
            "type": "REMOVE_PROXIES"
          },
        {
                "align": "BOTTOM",
                "type": "SHOOT_PROXY",
                "proxy": "collabIsNotActive",
                "offset": {
                  "x": 0,
                  "y": 0,
                  "z": 12
                }
              },
        {
                "name": "loop",
                "type": "GOTO_LABEL"
              }
      ],
      "invisible": false,
      "hp": 0,
      "stickToSource": "NONE",
      "stickFaceAlign": false,
      "group": "collabGroupAirborne",
      "size": {
        "x": 12,
        "y": 12,
        "z": 24
      },
      "config": {
        "collType": "NONE"
      },
      "type": "GENERIC"
    },
    "collabIsActive": {
      "copyOwnerAnims": false,
      "breakType": "COMBATANT",
      "action": [
                {
          "target": "SELF",
          "align": "BOTTOM",
          "duration": -1,
          "type": "STICK_TO_TARGET",
          "offset": {
            "x": 0,
            "y": 0,
            "z": 0
          }
        },
                {
                    "time": -1,
                    "type": "WAIT"
                }
      ],
      "invisible": false,
      "hp": 0,
      "stickToSource": "OWNER",
      "stickFaceAlign": false,
      "group": "trueCollabGroupAirborne",
      "size": {
        "x": 12,
        "y": 12,
        "z": 24
      },
      "config": {
        "collType": "NONE"
      },
      "type": "GENERIC"
    },
    "collabIsNotActive": {
      "copyOwnerAnims": false,
      "breakType": "COMBATANT",
      "action": [
                {
          "target": "SELF",
          "align": "BOTTOM",
          "duration": -1,
          "type": "STICK_TO_TARGET",
          "offset": {
            "x": 0,
            "y": 0,
            "z": 0
          }
        },
                {
                    "time": -1,
                    "type": "WAIT"
                }
      ],
      "invisible": false,
      "hp": 0,
      "stickToSource": "OWNER",
      "stickFaceAlign": false,
      "group": "falseCollabGroupAirborne",
      "size": {
        "x": 12,
        "y": 12,
        "z": 24
      },
      "config": {
        "collType": "NONE"
      },
      "type": "GENERIC"
    },
    "placeHolderStickingProxy": {
      "action": [
        {
          "name": "loop",
          "type": "LABEL"
        },
        {
          "time": 0.3,
          "type": "WAIT"
        },
        {
          "name": "loop",
          "type": "GOTO_LABEL"
        }
      ],
      "breakType": "COMBATANT",
      "config": {
        "collType": "NONE"
      },
      "copyOwnerAnims": false,
      "group": "phspGroup",
      "hp": 0,
      "invisible": false,
      "label": "",
      "size": {
        "x": 24,
        "y": 24,
        "z": 32
      },
      "startAnim": "",
      "stickFaceAlign": false,
      "stickToSource": "OWNER",
      "type": "GENERIC"
    },
    "water":
        {
            "size":
            {
                "x": 16,
                "y": 16,
                "z": 32
            },
            "effects": "specials.neutral-LSM",
            "effectKeys":
            {
                "wall": "waterKill"
            },
            "speed": 500,
            "maxBounce": 0,
            "timer": 0.8,
            "trail": false,
            "multiHit": true,
            "light": "XL",
            "noLightGlow": true,
            "type": "BALL",
            "effect": "ar",
            "maxBounds": 0,
            "animation":
            {
                "name": "default",
                "sheet":
                {
                    "src": "media/entity/effects/water-seahorse.png",
                    "xCount": 6,
                    "offX": 0,
                    "offY": 0,
                    "width": 48,
                    "height": 48
                },
                "guiSprites": true,
                "time": 0.07,
                "repeat": false,
                "frames":
                [
                    0,
                    1,
                    2,
                    3,
                    4,
                    5,
                    6,
                    7,
                    8,
                    9,
                    10,
                    11
                ]
            },
            "attack":
            {
                "type": "LIGHT",
                "element": "NEUTRAL",
                "damageFactor": 0.375,
                "reverse": false,
                "spFactor": 0,
                "guardable": "",
                "skillBonus": "RANGED_DMG",
                "limiter": ""
            },
            "behaviors":
            [
                {
                    "type": "SLOW_DOWN",
                    "speedFactor": 0,
                    "fadeOut": 0.15,
                    "pause": 5,
                    "fadeIn": 0.2,
                    "startWait": 0.2,
                    "fadeOutVary": 0.15
                }
            ],
            "timeBoni": null
        },
    "bubble": {
      "animation": {
        "name": "default",
        "sheet": {
          "src": "media/entity/effects/crab-effects.png",
          "width": 16,
          "height": 16,
          "offY": 144
        },
        "time": 0.05,
        "repeat": true,
        "frames": [
          0
        ]
      },
      "effects": "turret",
      "speed": 450,
      "maxBounce": 0,
      "timer": 3,
      "attack": {
        "type": "MASSIVE",
        "element": "NEUTRAL",
        "damageFactor": 1,
        "reverse": false,
        "guardable": "",
        "skillBonus": "RANGED_DMG",
        "limiter": ""
      },
      "timeBoni": null,
      "behaviors": [
        {
          "type": "FOLLOW_TARGET",
          "steerDegree": 1,
          "adjustTime": 0.2
        },
        {
          "type": "SLOW_DOWN",
          "speedFactor": 0.6,
          "fadeOut": 0.3,
          "fadeOutVary": 0.3,
          "pause": 0.4,
          "fadeIn": 0.4
        }
      ],
      "trail": false,
      "multiHit": false,
      "noLightGlow": false,
      "type": "BALL",
      "effect": "ar",
      "maxBounds": 0
    },
    "bubbleSingle": {
      "effects": "turret",
      "speed": 250,
      "maxBounce": 0,
      "timer": 3,
      "trail": false,
      "multiHit": false,
      "noLightGlow": false,
      "type": "BALL",
      "animation": {
        "name": "default",
        "sheet": {
          "src": "media/entity/effects/crab-effects.png",
          "width": 16,
          "height": 16,
          "offY": 144
        },
        "time": 0.05,
        "repeat": true,
        "frames": [
          0
        ]
      },
      "attack": {
        "type": "MEDIUM",
        "element": "NEUTRAL",
        "damageFactor": 4,
        "reverse": false,
        "guardable": "",
        "skillBonus": "RANGED_DMG",
        "limiter": ""
      },
      "behaviors": [
        {
          "type": "FOLLOW_TARGET",
          "steerDegree": 1,
          "adjustTime": 0.2
        },
        {
          "type": "WIRL_SIDEWAYS",
          "relWirl": 0.1,
          "wirlTime": 0.3,
          "delay": 0.3
        }
      ],
      "timeBoni": null
    }
  },
  "actions": {
  	"Init": [
      {
        "value": 0.2,
        "type": "SET_INVINCIBLE"
      },
      {
        "group": "phspGroup",
        "ignoreSelf": false,
        "sticking": true,
        "target": "SELF",
        "type": "REMOVE_PROXIES"
      },
      {
        "align": "BOTTOM",
        "offset": {
          "x": 0,
          "y": 0,
          "z": 0
        },
        "proxy": "placeHolderStickingProxy",
        "type": "SHOOT_PROXY"
      },
      {
          "align": "BOTTOM",
          "type": "SHOOT_PROXY",
          "proxy": "elementCheck",
          "offset": {
            "x": 0,
            "y": 0,
            "z": 0
          }
      },
      {
          "align": "BOTTOM",
          "type": "SHOOT_PROXY",
          "proxy": "modifierCheckAssault",
          "offset": {
            "x": 0,
            "y": 0,
            "z": 0
          }
      },
      {
          "align": "BOTTOM",
          "type": "SHOOT_PROXY",
          "proxy": "modifierCheckBullseye",
          "offset": {
            "x": 0,
            "y": 0,
            "z": 0
          }
      },
      {
          "align": "BOTTOM",
          "type": "SHOOT_PROXY",
          "proxy": "collabChecker",
          "offset": {
            "x": 0,
            "y": 0,
            "z": 0
          }
      }
    ],
    "Boom": [
      {
        "changeType": "sub",
        "type": "CHANGE_VAR_NUMBER",
        "varName": "tmp.seahorseAlive",
        "value": 1
      }
    ],
    "shootCombatChecker": [
      {
          "align": "BOTTOM",
          "type": "SHOOT_PROXY",
          "proxy": "combatChecker",
          "offset": {
            "x": 0,
            "y": 0,
            "z": 0
          }
        }
    ],
    "Dodge": [
      {
        "type": "SET_INVINCIBLE",
        "value": 0.3
      },
      {
        "type": "SET_RELATIVE_SPEED",
        "value": 3
      },
      {
        "type": "SET_ACCEL_SPEED",
        "value": 3
      },
      {
        "type": "SET_FRICTION",
        "value": 2
      },
      {
        "type": "SET_JUMPING",
        "value": false
      },
      {
        "type": "SET_COLL_TYPE",
        "value": "IGNORE"
      },
      {
        "distance": 64,
        "dodgeType": "GET_AWAY",
        "maxTime": 0.2,
        "planOnly": false,
        "type": "NAVIGATE_DODGE"
      },
      {
        "stopBeforeEdge": false,
        "time": 0.1,
        "type": "SLIDE_OUT"
      },
      {
        "type": "CLEAR_EFFECTS"
      },
      {
        "immediately": true,
        "type": "FACE_TO_TARGET",
        "value": true
      }
    ],
    "FollowMe": [
      {
        "type": "SET_RELATIVE_SPEED",
        "value": 0.85

      },
      {
        "type": "SET_HIT_STABLE",
        "value": "MEDIUM"
      },
      {
        "distance": 100,
        "entity": {
          "player": true
        },
        "forceTime": false,
        "ignoreBelow": 80,
        "maxTime": 0.5,
        "planOnly": false,
        "precise": true,
        "type": "NAVIGATE_TO_ENTITY"
      }
    ],
    "Idle": [
    	{
          "kind": "ENEMY_OWNER",
          "type": "SET_TEMP_TARGET"
      },
      {
        "value": true,
        "type": "FACE_TO_TARGET"
      },
      {
        "minTime": 0.1,
        "maxTime": 0.3,
        "type": "WAIT_RANDOM"
      }
    ],
    "BattleIdle": [
      {
        "value": true,
        "type": "FACE_TO_TARGET"
      },
      {
        "minTime": 0.1,
        "maxTime": 0.3,
        "type": "WAIT_RANDOM"
      }
    ],
    "Adjust": [
      {
        "value": 0.7,
        "type": "SET_RELATIVE_SPEED"
      },
      {
          "value": true,
          "type": "SET_FACE_FIX"
      },
      {
        "distance": 150,
        "forceTime": false,
        "maxTime": 1,
        "planOnly": false,
        "precise": false,
        "stayBehind": false,
        "targetType": "ENEMY",
        "type": "NAVIGATE_TO_TARGET"
      }
    ],
    "Circle": [
      {
        "value": 0.5,
        "type": "SET_RELATIVE_SPEED"
      },
      {
        "maxTime": 1,
        "distance": 150,
        "distVariance": 80,
        "throwing": true,
        "planOnly": false,
        "type": "NAVIGATE_SIDEWAYS_TARGET"
      }
    ],
    "Escape": [
      {
        "value": 24,
        "type": "SET_FLY_HEIGHT"
      },
      {
        "value": 1,
        "type": "SET_RELATIVE_SPEED"
      },
      {
        "value": "MEDIUM",
        "type": "SET_HIT_STABLE"
      },
      {
        "value": "IGNORE",
        "type": "SET_COLL_TYPE"
      },
      {
        "maxTime": 1,
        "distance": 200,
        "throwing": true,
        "planOnly": false,
        "targetType": "ENEMY",
        "type": "NAVIGATE_ESCAPE_TARGET"
      }
    ],
    "WaterBlast": [
      {
          "changeType": "set",
          "type": "CHANGE_VAR_BOOL",
          "varName": "tmp.letsGooBig",
          "value": false
      },
      {
        "poiFilter": {
          "group": "meerkatTriggerGroup",
          "type": "PROXY"
        },
        "distance": 2000,
        "type": "SET_POI_TEMP_TARGET"
      },
      {
        "type": "SET_RELATIVE_SPEED",
        "value": 5
      },
      {
        "distance": 120,
        "forceTime": false,
        "maxTime": 0.5,
        "planOnly": false,
        "precise": false,
        "stayBehind": false,
        "targetType": "ENEMY",
        "type": "NAVIGATE_TO_TARGET"
      },
      {
        "volume": 1,
        "variance": 0.1,
        "global": false,
        "loop": false,
        "speed": 1.4,
        "type": "PLAY_SOUND",
        "sound": "media/sound/battle/enemies/beach-fish/beach-fish-inflate.ogg"
      },
      {
        "value": true,
        "type": "FACE_TO_TARGET"
      },
      {
        "active": "PRE_ATTACK",
        "type": "CHANGE_ENEMY_ANNOTATION"
      },
      {
        "duration": 0.5,
        "align": "BOTTOM",
        "rotateFace": 0,
        "flipLeftFace": false,
        "wait": false,
        "waitSkip": 0,
        "actionDetached": false,
        "fixPos": false,
        "type": "SHOW_EFFECT",
        "effect": {
          "sheet": "charge",
          "name": "light"
        },
        "offset": {
          "x": 0,
          "y": 0,
          "z": 0
        }
      },
      {
        "wait": false,
        "viaWalkConfig": false,
        "type": "SHOW_ANIMATION",
        "anim": "preShoot"
      },
      {
        "duration": -1,
        "align": "BOTTOM",
        "rotateFace": 0,
        "flipLeftFace": false,
        "wait": false,
        "waitSkip": 0,
        "actionDetached": false,
        "fixPos": false,
        "type": "SHOW_EFFECT",
        "effect": {
          "sheet": "enemy",
          "name": "angry2"
        },
        "offset": {
          "x": 0,
          "y": 0,
          "z": 0
        }
      },
      {
        "time": 0.5,
        "type": "WAIT"
      },
      {
        "type": "CLEAR_EFFECTS"
      },
      {
        "active": "ATTACK",
        "type": "CHANGE_ENEMY_ANNOTATION"
      },
      {
        "duration": -1,
        "align": "BOTTOM",
        "rotateFace": 0,
        "flipLeftFace": false,
        "wait": false,
        "waitSkip": 0,
        "actionDetached": false,
        "group": "flames",
        "fixPos": false,
        "type": "SHOW_EFFECT",
        "effect": {
          "sheet": "specials.neutral-LSM",
          "name": "waterSpray"
        },
        "offset": {
          "x": 0,
          "y": 0,
          "z": 0
        }
      },
      {
        "wait": false,
        "viaWalkConfig": false,
        "type": "SHOW_ANIMATION",
        "anim": "shoot"
      },
      {
        "align": "FACE",
        "centralAngle": 0.05,
        "angleVary": 0,
        "startDist": 10,
        "startDistCollide": "NONE",
        "random": false,
        "count": 30,
        "duration": 0.65,
        "clockwise": false,
        "flipLeftFace": 0,
        "circularArea": false,
        "uniformDir": 0,
        "delay": 0,
        "repeat": false,
        "type": "SHOOT_PROXY_RANGE",
        "proxy": "water",
        "offset": {
          "x": 0,
          "y": 0,
          "z": 2
        }
      },
      {
        "time": 0.65,
        "type": "WAIT"
      },
      {
            "group": "collabGroupAirborne",
            "type": "REMOVE_PROXIES"
          },
          {
              "align": "BOTTOM",
              "type": "SHOOT_PROXY",
              "proxy": "collabChecker",
              "offset": {
                "x": 0,
                "y": 0,
                "z": 0
              }
          }
    ],
    "BubbleSingle": [
    	{
        "value": true,
        "type": "FACE_TO_TARGET"
      },
      {
        "volume": 0.5,
        "variance": 0.1,
        "global": false,
        "loop": false,
        "speed": 1.2,
        "type": "PLAY_SOUND",
        "sound": "media/sound/battle/enemies/seahorse/seahorse-01.ogg"
      },
      {
        "active": "PRE_ATTACK",
        "type": "CHANGE_ENEMY_ANNOTATION"
      },
      {
        "duration": 0.2,
        "align": "BOTTOM",
        "rotateFace": 0,
        "flipLeftFace": false,
        "wait": false,
        "waitSkip": 0,
        "actionDetached": false,
        "fixPos": false,
        "type": "SHOW_EFFECT",
        "effect": {
          "sheet": "charge",
          "name": "light"
        },
        "offset": {
          "x": 0,
          "y": 0,
          "z": 0
        }
      },
      {
        "wait": false,
        "viaWalkConfig": false,
        "type": "SHOW_ANIMATION",
        "anim": "preShoot"
      },
      {
        "duration": -1,
        "align": "BOTTOM",
        "rotateFace": 0,
        "flipLeftFace": false,
        "wait": false,
        "waitSkip": 0,
        "actionDetached": false,
        "fixPos": false,
        "type": "SHOW_EFFECT",
        "effect": {
          "sheet": "enemy",
          "name": "angry2"
        },
        "offset": {
          "x": 0,
          "y": 0,
          "z": 0
        }
      },
      {
        "time": 0.2,
        "type": "WAIT"
      },
      {
        "type": "CLEAR_EFFECTS"
      },
      {
        "active": "ATTACK",
        "type": "CHANGE_ENEMY_ANNOTATION"
      },
      {
        "wait": false,
        "viaWalkConfig": false,
        "type": "SHOW_ANIMATION",
        "anim": "shoot"
      },
      {
        "align": "BOTTOM",
        "centralAngle": 0.05,
        "angleVary": 0,
        "startDistCollide": "NONE",
        "random": false,
        "count": 3,
        "duration": 0.2,
        "clockwise": false,
        "flipLeftFace": 0,
        "circularArea": false,
        "uniformDir": 0,
        "delay": 0,
        "repeat": false,
        "type": "SHOOT_PROXY_RANGE",
        "proxy": "bubbleSingle",
        "offset": {
          "x": 0,
          "y": 0,
          "z": 2
        }
      },
      {
        "volume": 1,
        "variance": 0.1,
        "global": false,
        "loop": false,
        "type": "PLAY_SOUND",
        "sound": "media/sound/battle/blubb-charge.ogg"
      },
      {
        "time": 0.1,
        "type": "WAIT"
      },
      {
        "volume": 1,
        "variance": 0.1,
        "global": false,
        "loop": false,
        "type": "PLAY_SOUND",
        "sound": "media/sound/battle/blubb-3.ogg"
      },
      {
        "time": 0.1,
        "type": "WAIT"
      },
      {
        "volume": 1,
        "variance": 0.1,
        "global": false,
        "loop": false,
        "type": "PLAY_SOUND",
        "sound": "media/sound/battle/blubb-4.ogg"
      },
      {
        "time": 0.3,
        "type": "WAIT"
      }
    ],
    "BubbleShoot": [
    	{
        "value": true,
        "type": "FACE_TO_TARGET"
      },
      {
        "volume": 0.6,
        "global": false,
        "loop": false,
        "type": "PLAY_SOUND",
        "sound": "media/sound/battle/enemies/seahorse/seahorse-02.ogg"
      },
      {
        "active": "PRE_ATTACK",
        "type": "CHANGE_ENEMY_ANNOTATION"
      },
      {
        "duration": 0.4,
        "align": "BOTTOM",
        "rotateFace": 0,
        "flipLeftFace": false,
        "wait": false,
        "waitSkip": 0,
        "actionDetached": false,
        "fixPos": false,
        "type": "SHOW_EFFECT",
        "effect": {
          "sheet": "charge",
          "name": "light"
        },
        "offset": {
          "x": 0,
          "y": 0,
          "z": 0
        }
      },
      {
        "wait": false,
        "viaWalkConfig": false,
        "type": "SHOW_ANIMATION",
        "anim": "preShoot"
      },
      {
        "duration": -1,
        "align": "BOTTOM",
        "rotateFace": 0,
        "flipLeftFace": false,
        "wait": false,
        "waitSkip": 0,
        "actionDetached": false,
        "fixPos": false,
        "type": "SHOW_EFFECT",
        "effect": {
          "sheet": "enemy",
          "name": "angry2"
        },
        "offset": {
          "x": 0,
          "y": 0,
          "z": 0
        }
      },
      {
        "time": 0.4,
        "type": "WAIT"
      },
      {
        "type": "CLEAR_EFFECTS"
      },
      {
        "active": "ATTACK",
        "type": "CHANGE_ENEMY_ANNOTATION"
      },
      {
        "wait": false,
        "viaWalkConfig": false,
        "type": "SHOW_ANIMATION",
        "anim": "shoot"
      },
      {
        "align": "BOTTOM",
        "centralAngle": 0.15,
        "angleVary": 0,
        "startDistCollide": "NONE",
        "random": false,
        "count": 12,
        "duration": 0.2,
        "clockwise": false,
        "flipLeftFace": 0,
        "circularArea": false,
        "uniformDir": 0,
        "delay": 0,
        "repeat": false,
        "type": "SHOOT_PROXY_RANGE",
        "proxy": "bubble",
        "offset": {
          "x": 0,
          "y": 0,
          "z": 2
        }
      },
      {
        "volume": 1,
        "variance": 0.1,
        "global": false,
        "loop": false,
        "type": "PLAY_SOUND",
        "sound": "media/sound/battle/blubb-charge.ogg"
      },
      {
        "time": 0.1,
        "type": "WAIT"
      },
      {
        "volume": 1,
        "variance": 0.1,
        "global": false,
        "loop": false,
        "type": "PLAY_SOUND",
        "sound": "media/sound/battle/blubb-3.ogg"
      },
      {
        "time": 0.1,
        "type": "WAIT"
      },
      {
        "volume": 1,
        "variance": 0.1,
        "global": false,
        "loop": false,
        "type": "PLAY_SOUND",
        "sound": "media/sound/battle/blubb-4.ogg"
      },
      {
        "time": 0.3,
        "type": "WAIT"
      }
    ],
    "MoveToSpawnPoint": [
      {
        "value": 0.5,
        "type": "SET_RELATIVE_SPEED"
      },
      {
        "maxTime": 3,
        "maxDistance": 16,
        "precise": false,
        "type": "NAVIGATE_TO_SPAWN_POINT"
      }
    ],
    "MoveRandom": [
      {
        "value": 0.3,
        "type": "SET_RELATIVE_SPEED"
      },
      {
        "value": false,
        "type": "SET_JUMPING"
      },
      {
        "minTime": 0.3,
        "maxTime": 0.5,
        "dirChanges": 0,
        "type": "MOVE_RANDOM",
        "stopBeforeEdge": true
      },
      {
        "minTime": 0.5,
        "maxTime": 0.6,
        "type": "WAIT_RANDOM"
      }
    ]
  },
  "reactions": {
  	"DODGE": {
      "action": "Dodge",
      "blockTime": 2,
      "conditions": [],
      "count": 0,
      "probability": 1,
      "restartPrevAction": true,
      "type": "DODGE",
      "viewAngle": 0.75
    },
  	"KILL_HIT": {
      "hitType": "KILL_HIT",
      "preAction": "Boom",
      "blockFurtherHits": false,
      "attackType": "MASSIVE",
      "flyLevel": "MASSIVE+",
      "stunChange": "FORCE_STUN",
      "alignFace": false,
      "dramaticEffect": 0,
      "conditions": [],
      "ignoreFailed": false,
      "type": "HIT_REACTION"
    },
    "COLLAB_REACT": {
      "action": "WaterBlast",
      "checkCollision": false,
      "conditions": [
        {
              "group": "trueCollabGroupAirborne",
              "type": "HAS_PROXY"
            }
      ],
      "ignoreParty": false,
      "ignoreReplaceTargets": false,
      "maxDistance": 2000,
      "minDistance": 0,
      "preciseFace": false,
      "type": "TARGET_DISTANCE"
    }
  },
  "meta": {
    "species": {
      "en_US": "Flying Seahorse",
      "de_DE": "Fliegendes Seepferdchen<<C<<Geprüft: Minsu",
      "zh_CN": "飞海马",
      "zh_TW": "飛海馬",
      "ja_JP": "空飛ぶタツノオトシゴ",
      "ko_KR": "날아다니는 해마",
      "langUid": 1
    },
    "category": "ANIMALS",
    "descriptions": [
      {
        "condition": "",
        "text": {
          "en_US": "This seahorse has transcended its sea life and grew wings that allow it be part of the busy fauna of the land. It usually spends its day eating plants and flying around. \nWhen attacked it will use its unique mouth to shoot bubbles at its enemies that contain a light poison that can damage the skin on contact. Pushed against a wall it can also use a volley of such bubbles that make it hard to just dodge. Better shield up!",
          "de_DE": "Dieses Seepferdchen hat sein Leben im Meer hinter sich gelassen und Flügel entwickelt, die es ihm ermöglichen, Teil der belebten Fauna des Landes zu sein. Es verbringt seine meiste Zeit damit, Pflanzen zu fressen und herumzufliegen.\nBei einem Angriff schießt es mit seinem einzigartigen Mund Blasen auf seine Feinde, die ein leichtes Gift enthalten, das bei Kontakt die Haut schädigen kann. Wenn es eingeengt wird, kann es auch ganze Salven solcher Blasen abfeuern, die einfaches Ausweichen erschweren, also Vorsicht!<<C<<Geprüft: Minsu",
          "zh_CN": "一种脱离了海洋生活长出了翅膀前往陆地生活的海马。一般情况下它们只是整日的飞来飞去，吃吃植物。如果受到攻击，它们会从它们独特的嘴里喷出带有毒素的气泡攻击敌人，这种毒素会灼伤皮肤。如果被推到墙边它还会射出一整排的气泡，很难躲闪，最好使用防御来阻挡伤害。<<A<<[CHANGED 2018/07/09]",
          "zh_TW": "一種脫離了海洋生活長出了翅膀前往陸地生活的海馬。一般情況下它們只是整日的飛來飛去，吃吃植物。如果受到攻擊，它們會從它們獨特的嘴裡噴出帶有毒素的氣泡攻擊敵人，這種毒素會灼傷皮膚。如果被推到牆邊它還會射出一整排的氣泡，很難躲閃，最好使用防禦來阻擋傷害。<<A<<[CHANGED 2018/07/09]",
          "ja_JP": "海の生活を捨て去り、背中に翼を手に入れたことで、陸地での生活を可能にしたタツノオトシゴ。植物を食べたり、辺りを飛び回ったりすることで1日の大半を過ごしている。\n攻撃された時は、その独特な形をした口から、泡を敵に向かって噴出する。この泡には弱い毒が含まれているため、肌に触れるとダメージを受けてしまう。壁際へと追い込むと、大量の泡を一斉掃射してくる。この攻撃を回避することは非常に難しいので、シールドを利用して耐え抜こう！<<A<<[CHANGED 2018/07/09]",
          "ko_KR": "이 해마는 바다에서의 삶을 초월해 날개가 돋아 지상의 바쁜 동물군 중 하나가 되었습니다. 이 녀석은 대부분 식물을 먹고 날아다니면서 하루를 보냅니다.\n공격을 받으면 독특한 입에서 얕은 독성의 거품을 쏘며, 이 거품이 피부에 닿으면 피해를 입습니다. 구석에 몰리면 이런 거품을 거의 피할 수 없을 정도로 마구 쏩니다. 그러니 방패를 드는 것이 좋겠네요!<<A<<[CHANGED 2018/07/09]",
          "langUid": 3
        }
      }
    ]
  }
}