{
  "DOCTYPE": "ENEMY",
  "_wm": {
    "attributes": ""
  },
  "modifiers": {
  },
  "actions": {
    "Boom": [
      {
        "changeType": "sub",
        "type": "CHANGE_VAR_NUMBER",
        "varName": "tmp.shockatAlive",
        "value": 1
      }
    ],
    "Overloaded": [
      {
        "anim": "damage",
        "type": "SHOW_ANIMATION",
        "viaWalkConfig": false,
        "wait": false
      },
      {
           "time": 0.5,
           "type": "WAIT"
       },
       {
        "changeType": "sub",
        "type": "CHANGE_VAR_NUMBER",
        "varName": "tmp.shockatAlive",
        "value": 1
      },
       {
          "changeType": "set",
          "type": "CHANGE_VAR_BOOL",
          "varName": "tmp.weGotTheZoomies",
          "value": false
      },
      {
          "changeType": "set",
          "type": "CHANGE_VAR_BOOL",
          "varName": "tmp.youMonster",
          "value": false
      },
      {
        "type": "SELF_DESTRUCT"
      }
    ],
    "GetAway": [
      {
        "value": true,
        "type": "FACE_TO_TARGET"
      },
      {
        "value": 0.3,
        "type": "SET_RELATIVE_SPEED"
      },
      {
        "maxTime": 1,
        "forceTime": false,
        "distance": 90,
        "throwing": true,
        "planOnly": false,
        "targetType": "ENEMY",
        "type": "NAVIGATE_ESCAPE_TARGET"
      }
    ],
    "GetZoomies": [
       {
         "align": "BOTTOM",
         "type": "SHOOT_PROXY",
         "proxy": "zoomiesBuffs",
         "offset": {
           "x": 0,
           "y": 0,
           "z": 0
         }
       },
       {
         "type": "RESET_TRACKER",
         "tracker": "hyperDuration"
       },
       {
           "time": 0.2,
           "type": "WAIT"
       },
       {
           "changeType": "set",
           "type": "CHANGE_VAR_BOOL",
           "varName": "tmp.weGotTheZoomies",
           "value": false
       }
    ],
    "weakStart": [
       {
         "group": "hyperBuffs",
         "type": "REMOVE_PROXIES"
       },
       {
           "changeType": "set",
           "type": "CHANGE_VAR_BOOL",
           "varName": "tmp.imTiredBoss",
           "value": true
       },
       {
         "group": "weak",
         "type": "CLEAR_EFFECTS"
       },
       {
         "duration": -1,
         "align": "BOTTOM",
         "rotateFace": 0,
         "flipLeftFace": false,
         "wait": false,
         "waitSkip": 0,
         "actionDetached": true,
         "group": "weak",
         "fixPos": false,
         "type": "SHOW_EFFECT",
         "effect": {
           "sheet": "enemy",
           "name": "angry2"
         },
         "offset": {
           "x": 0,
           "y": 0,
           "z": 0
         }
       },
       {
         "type": "RESET_TRACKER",
         "tracker": "weakDuration"
       },
       {
           "time": 0.2,
           "type": "WAIT"
       }
    ],
    "GetStored": [
      {
        "reaction": "STORE_REACT",
        "type": "DISABLE_REACTION"
      },
      {
        "maxTime": 0.3,
        "minTime": 0,
        "type": "WAIT_RANDOM"
      },
      {
          "value": 275,
          "type": "SET_Z_VEL"
      },
      {
          "value": "IGNORE",
          "type": "SET_COLL_TYPE"
      },
      {
           "value": -1,
          "type": "SET_WEIGHT"
      },
      {
          "duration": -1,
          "align": "CENTER",
          "rotateFace": 0,
          "flipLeftFace": false,
          "wait": false,
          "waitSkip": 0,
          "actionDetached": false,
          "fixPos": false,
          "type": "SHOW_EFFECT",
          "effect":
          {
              "sheet": "specials.neutral-LSM",
              "name": "recallEffect"
          },
          "offset":
          {
              "x": 0,
              "y": 0,
              "z": 0
          }
      },
      {
        "hpBar": "HIDDEN",
        "analyzable": false,
        "type": "SET_ENEMY_STATUS_VISIBILITY"
      },
      {
          "minWait": 1,
          "type": "STOP_Z_ZENITH"
      },
      {
          "kind": "PLAYER",
          "type": "SET_TEMP_TARGET"
      },
      {
          "value": -1,
          "type": "SET_INVINCIBLE"
      },
      {
          "target": "TARGET",
          "distance": 0,
          "duration": 0.4,
          "ccw": false,
          "distAdjustSpeed": 2000,
          "waitUntil": "!tmp.joinMeCats",
          "waitTargetAlign": false,
          "collision": false,
          "type": "STICKY_CIRCLE_AROUND"
      },
      {
          "duration": 0,
          "align": "CENTER",
          "rotateFace": 0,
          "flipLeftFace": false,
          "wait": false,
          "waitSkip": 0,
          "actionDetached": false,
          "fixPos": false,
          "type": "SHOW_EFFECT",
          "effect":
          {
              "sheet": "specials.neutral-LSM",
              "name": "appearSimple"
          },
          "offset":
          {
              "x": 0,
              "y": 0,
              "z": 0
          }
      },
      {
          "time": 0.5,
          "type": "WAIT"
      }
    ],
    "AmberThrust": [
          {
              "poiFilter":
              {
                  "conditions":
                  [
                      {
                          "sticking": true,
                          "group": "vulnerableEnemyGroup",
                          "negated": false,
                          "type": "HAS_PROXY"
                      }
                  ],
                  "allEnemies": true,
                  "type": "ACTIVE_ENEMIES"
              },
              "distance": 2000,
              "type": "SET_POI_TEMP_TARGET"
          },
          {
            "reaction": "DODGE",
            "type": "DISABLE_REACTION"
          },
          {
            "actionDetached": false,
            "align": "BOTTOM",
            "duration": 0.3,
            "effect": {
              "name": "catAttackDash",
              "sheet": "enemies.jungle"
            },
            "fixPos": false,
            "flipLeftFace": false,
            "offset": {
              "x": 0,
              "y": 0,
              "z": 0
            },
            "rotateFace": 0,
            "type": "SHOW_EFFECT",
            "wait": false,
            "waitSkip": 0
          },
          {
            "time": 0.3,
            "type": "WAIT"
          },
          {
            "global": false,
            "loop": false,
            "speed": 1.2,
            "sound": "media/sound/scenes/dash.ogg",
            "type": "PLAY_SOUND",
            "volume": 1
          },
          {
            "distance": 120,
            "forceTime": false,
            "maxTime": 1,
            "planOnly": false,
            "precise": false,
            "stayBehind": false,
            "targetType": "ENEMY",
            "type": "NAVIGATE_TO_TARGET"
          },
          {
            "immediately": true,
            "type": "FACE_TO_TARGET",
            "value": false
          },
          {
            "forceTime": false,
            "max": 100,
            "maxTime": 0.5,
            "min": 0,
            "missReactTime": 0.1,
            "rotateSpeed": 0.7,
            "stopBeforeEdge": false,
            "type": "MOVE_TO_DISTANCE"
          },
          {
            "duration": -1,
            "align": "BOTTOM",
            "rotateFace": 0,
            "flipLeftFace": false,
            "wait": false,
            "waitSkip": 0,
            "actionDetached": false,
            "fixPos": false,
            "type": "SHOW_EFFECT",
            "effect": {
              "sheet": "specials.shock",
              "name": "dashFast"
            },
            "offset": {
              "x": 0,
              "y": 0,
              "z": 0
            }
          },
          {
            "value": "HEAVY",
            "type": "SET_HIT_STABLE"
          },
          {
            "value": false,
            "type": "SET_JUMPING"
          },
          {
            "value": 800,
            "type": "SET_SPEED"
          },
          {
            "value": 2,
            "type": "SET_ACCEL_SPEED"
          },
          {
            "duration": 0.375,
            "align": "BOTTOM",
            "rotateFace": 0,
            "flipLeftFace": false,
            "wait": false,
            "waitSkip": 0,
            "actionDetached": false,
            "fixPos": false,
            "type": "SHOW_EFFECT",
            "effect": {
              "sheet": "dust",
              "name": "line"
            },
            "offset": {
              "x": 0,
              "y": 3,
              "z": 6
            }
          },
          {
            "value": true,
            "immediately": true,
            "type": "FACE_TO_TARGET"
          },
          {
            "value": false,
            "immediately": true,
            "type": "FACE_TO_TARGET"
          },
          {
            "value": 0.4,
            "type": "SET_INVINCIBLE"
          },
          {
            "value": "IGNORE",
            "type": "SET_COLL_TYPE"
          },
          {
            "attribName": "dashCnt",
            "changeType": "set",
            "proxyOwner": false,
            "type": "SET_ATTRIB_NUMBER",
            "value": 3
          },
          {
            "proxy": "allyHitProxy",
            "type": "SET_HIT_PROXY"
          },
          {
            "time": 0.375,
            "cancelOnHit": true,
            "withBranches": true,
            "orthoDirFactor": 0,
            "ignoreLastHit": false,
            "type": "TACKLE",
            "attack": {
              "type": "MASSIVE",
              "element": "SHOCK",
              "damageFactor": 0.75,
              "fly": "HEAVY",
              "reverse": false,
              "spFactor": 0,
              "stunSteps": [
                {
                  "type": "START_LOCK"
                },
                {
                  "type": "BLOCK_XY"
                }
              ],
              "status": 1,
              "guardable": "",
              "skillBonus": "MELEE_DMG"
            },
            "hit": [
              {
                "name": "loop",
                "type": "LABEL"
              },
              {
                "wait": false,
                "viaWalkConfig": false,
                "type": "SHOW_ANIMATION",
                "anim": "specialHit"
              },
              {
                "time": 0.066,
                "stopBeforeEdge": true,
                "type": "MOVE_FORWARD"
              },
              {
                "duration": 0,
                "align": "CENTER",
                "rotateFace": -1,
                "flipLeftFace": false,
                "wait": false,
                "waitSkip": 0,
                "actionDetached": false,
                "fixPos": false,
                "type": "SHOW_EFFECT",
                "effect": {
                  "sheet": "specials.shock",
                  "name": "dashHit"
                },
                "offset": {
                  "x": 0,
                  "y": 0,
                  "z": 0
                }
              },
              {
                "attribName": "dashCnt",
                "changeType": "sub",
                "proxyOwner": false,
                "type": "SET_ATTRIB_NUMBER",
                "value": 1
              },
              {
                "type": "STOP_XY"
              },
              {
                "value": true,
                "type": "SET_FACE_FIX"
              },
              {
                "value": 120,
                "type": "SET_SPEED"
              },
              {
                "time": 0.05,
                "stopBeforeEdge": true,
                "type": "MOVE_FORWARD"
              },
              {
                "value": 600,
                "type": "SET_SPEED"
              },
              {
                "wait": false,
                "viaWalkConfig": false,
                "type": "SHOW_ANIMATION",
                "anim": "attackEnd"
              },
              {
                "value": false,
                "immediately": true,
                "type": "FACE_TO_TARGET"
              },
              {
                "withElse": true,
                "type": "IF",
                "condition": "entity.attrib.dashCnt > 1",
                "thenStep": [
                  {
                    "time": 0.5,
                    "cancelOnHit": true,
                    "withBranches": true,
                    "orthoDirFactor": 0,
                    "ignoreLastHit": false,
                    "type": "TACKLE",
                    "attack": {
                      "type": "MASSIVE",
                      "element": "SHOCK",
                      "damageFactor": 0.5,
                      "fly": "HEAVY",
                      "reverse": false,
                      "spFactor": 0,
                      "stunSteps": [
                        {
                          "type": "START_LOCK"
                        },
                        {
                          "type": "BLOCK_XY"
                        }
                      ],
                      "status": 1,
                      "guardable": "",
                      "skillBonus": "MELEE_DMG"
                    },
                    "hit": [
                      {
                        "name": "loop",
                        "type": "GOTO_LABEL"
                      }
                    ],
                    "missed": []
                  }
                ],
                "elseStep": [
                  {
                    "value": "VIRTUAL",
                    "type": "SET_COLL_TYPE"
                  },
                  {
                    "time": 0.5,
                    "cancelOnHit": true,
                    "withBranches": true,
                    "orthoDirFactor": 0,
                    "ignoreLastHit": false,
                    "type": "TACKLE",
                    "attack": {
                      "type": "MASSIVE",
                      "element": "SHOCK",
                      "damageFactor": 1.75,
                      "fly": "MASSIVE",
                      "reverse": false,
                      "spFactor": 0,
                      "stunSteps": [
                        {
                          "type": "END_LOCK"
                        }
                      ],
                      "status": 1,
                      "guardable": "",
                      "skillBonus": "MELEE_DMG"
                    },
                    "hit": [
                      {
                        "duration": 0,
                        "align": "CENTER",
                        "rotateFace": -1,
                        "flipLeftFace": false,
                        "wait": false,
                        "waitSkip": 0,
                        "actionDetached": false,
                        "fixPos": false,
                        "type": "SHOW_EFFECT",
                        "effect": {
                          "sheet": "specials.shock",
                          "name": "dashHit"
                        },
                        "offset": {
                          "x": 0,
                          "y": 0,
                          "z": 0
                        }
                      }
                    ],
                    "missed": []
                  },
                  {
                    "wait": false,
                    "viaWalkConfig": false,
                    "type": "SHOW_ANIMATION",
                    "anim": "attackEnd"
                  }
                ]
              },
              {
                "type": "CLEAR_STUN_LOCKED"
              },
              {
                "type": "CLEAR_EFFECTS"
              },
              {
                "value": 300,
                "type": "SET_SPEED"
              },
              {
                "time": 0.1,
                "stopBeforeEdge": true,
                "type": "MOVE_FORWARD"
              },
              {
                "time": 0.3,
                "type": "WAIT"
              }
            ],
            "missed": []
          },
          {
            "type": "COMBAT_IF",
            "conditions":
              [
                  {
                      "negated": false,
                      "type": "!TARGET_ALIVE"
                  }
              ],
              "withElse": false,
              "thenStep": [
                 {
                   "type": "SET_ENEMY_STATE",
                   "state": "IDLE"
                 },
                 {
                   "actionName": "FollowMe",
                   "type": "DO_ENEMY_ACTION"
                 }
              ]
          }
    ],
    "AmberThrustCollab": [
          {
              "poiFilter":
              {
                  "conditions":
                  [
                      {
                          "sticking": true,
                          "group": "vulnerableEnemyGroup",
                          "negated": false,
                          "type": "HAS_PROXY"
                      }
                  ],
                  "allEnemies": true,
                  "type": "ACTIVE_ENEMIES"
              },
              "distance": 2000,
              "type": "SET_POI_TEMP_TARGET"
          },
          {
            "reaction": "DODGE",
            "type": "DISABLE_REACTION"
          },
          {
            "reaction": "DODGE_ENHANCED",
            "type": "DISABLE_REACTION"
          },
          {
              "changeType": "set",
              "type": "CHANGE_VAR_BOOL",
              "varName": "tmp.letsGoo",
              "value": false
          },
          {
            "actionDetached": false,
            "align": "BOTTOM",
            "duration": 0.3,
            "effect": {
              "name": "catAttackDash",
              "sheet": "enemies.jungle"
            },
            "fixPos": false,
            "flipLeftFace": false,
            "offset": {
              "x": 0,
              "y": 0,
              "z": 0
            },
            "rotateFace": 0,
            "type": "SHOW_EFFECT",
            "wait": false,
            "waitSkip": 0
          },
          {
            "time": 0.3,
            "type": "WAIT"
          },
          {
            "global": false,
            "loop": false,
            "speed": 1.2,
            "sound": "media/sound/scenes/dash.ogg",
            "type": "PLAY_SOUND",
            "volume": 1
          },
          {
            "distance": 120,
            "forceTime": false,
            "maxTime": 1,
            "planOnly": false,
            "precise": false,
            "stayBehind": false,
            "targetType": "ENEMY",
            "type": "NAVIGATE_TO_TARGET"
          },
          {
            "immediately": true,
            "type": "FACE_TO_TARGET",
            "value": false
          },
          {
            "forceTime": false,
            "max": 100,
            "maxTime": 0.5,
            "min": 0,
            "missReactTime": 0.1,
            "rotateSpeed": 0.7,
            "stopBeforeEdge": false,
            "type": "MOVE_TO_DISTANCE"
          },
          {
            "duration": -1,
            "align": "BOTTOM",
            "rotateFace": 0,
            "flipLeftFace": false,
            "wait": false,
            "waitSkip": 0,
            "actionDetached": false,
            "fixPos": false,
            "type": "SHOW_EFFECT",
            "effect": {
              "sheet": "specials.shock",
              "name": "dashFast"
            },
            "offset": {
              "x": 0,
              "y": 0,
              "z": 0
            }
          },
          {
            "value": "HEAVY",
            "type": "SET_HIT_STABLE"
          },
          {
            "value": false,
            "type": "SET_JUMPING"
          },
          {
            "value": 800,
            "type": "SET_SPEED"
          },
          {
            "value": 2,
            "type": "SET_ACCEL_SPEED"
          },
          {
            "duration": 0.375,
            "align": "BOTTOM",
            "rotateFace": 0,
            "flipLeftFace": false,
            "wait": false,
            "waitSkip": 0,
            "actionDetached": false,
            "fixPos": false,
            "type": "SHOW_EFFECT",
            "effect": {
              "sheet": "dust",
              "name": "line"
            },
            "offset": {
              "x": 0,
              "y": 3,
              "z": 6
            }
          },
          {
            "value": true,
            "immediately": true,
            "type": "FACE_TO_TARGET"
          },
          {
            "value": false,
            "immediately": true,
            "type": "FACE_TO_TARGET"
          },
          {
            "value": 0.4,
            "type": "SET_INVINCIBLE"
          },
          {
            "value": "IGNORE",
            "type": "SET_COLL_TYPE"
          },
          {
            "attribName": "dashCnt",
            "changeType": "set",
            "proxyOwner": false,
            "type": "SET_ATTRIB_NUMBER",
            "value": 3
          },
          {
            "proxy": "allyHitProxy",
            "type": "SET_HIT_PROXY"
          },
          {
            "time": 0.375,
            "cancelOnHit": true,
            "withBranches": true,
            "orthoDirFactor": 0,
            "ignoreLastHit": false,
            "type": "TACKLE",
            "attack": {
              "type": "MASSIVE",
              "element": "SHOCK",
              "damageFactor": 0.75,
              "fly": "HEAVY",
              "reverse": false,
              "spFactor": 0,
              "stunSteps": [
                {
                  "type": "START_LOCK"
                },
                {
                  "type": "BLOCK_XY"
                }
              ],
              "status": 1,
              "guardable": "",
              "skillBonus": "MELEE_DMG"
            },
            "hit": [
              {
                "name": "loop",
                "type": "LABEL"
              },
              {
                "wait": false,
                "viaWalkConfig": false,
                "type": "SHOW_ANIMATION",
                "anim": "specialHit"
              },
              {
                "time": 0.066,
                "stopBeforeEdge": true,
                "type": "MOVE_FORWARD"
              },
              {
                "duration": 0,
                "align": "CENTER",
                "rotateFace": -1,
                "flipLeftFace": false,
                "wait": false,
                "waitSkip": 0,
                "actionDetached": false,
                "fixPos": false,
                "type": "SHOW_EFFECT",
                "effect": {
                  "sheet": "specials.shock",
                  "name": "dashHit"
                },
                "offset": {
                  "x": 0,
                  "y": 0,
                  "z": 0
                }
              },
              {
                "attribName": "dashCnt",
                "changeType": "sub",
                "proxyOwner": false,
                "type": "SET_ATTRIB_NUMBER",
                "value": 1
              },
              {
                "type": "STOP_XY"
              },
              {
                "value": true,
                "type": "SET_FACE_FIX"
              },
              {
                "value": 120,
                "type": "SET_SPEED"
              },
              {
                "time": 0.05,
                "stopBeforeEdge": true,
                "type": "MOVE_FORWARD"
              },
              {
                "value": 600,
                "type": "SET_SPEED"
              },
              {
                "wait": false,
                "viaWalkConfig": false,
                "type": "SHOW_ANIMATION",
                "anim": "attackEnd"
              },
              {
                "value": false,
                "immediately": true,
                "type": "FACE_TO_TARGET"
              },
              {
                "withElse": true,
                "type": "IF",
                "condition": "entity.attrib.dashCnt > 1",
                "thenStep": [
                  {
                    "time": 0.5,
                    "cancelOnHit": true,
                    "withBranches": true,
                    "orthoDirFactor": 0,
                    "ignoreLastHit": false,
                    "type": "TACKLE",
                    "attack": {
                      "type": "MASSIVE",
                      "element": "SHOCK",
                      "damageFactor": 0.5,
                      "fly": "HEAVY",
                      "reverse": false,
                      "spFactor": 0,
                      "stunSteps": [
                        {
                          "type": "START_LOCK"
                        },
                        {
                          "type": "BLOCK_XY"
                        }
                      ],
                      "status": 1,
                      "guardable": "",
                      "skillBonus": "MELEE_DMG"
                    },
                    "hit": [
                      {
                        "name": "loop",
                        "type": "GOTO_LABEL"
                      }
                    ],
                    "missed": []
                  }
                ],
                "elseStep": [
                  {
                    "value": "VIRTUAL",
                    "type": "SET_COLL_TYPE"
                  },
                  {
                    "time": 0.5,
                    "cancelOnHit": true,
                    "withBranches": true,
                    "orthoDirFactor": 0,
                    "ignoreLastHit": false,
                    "type": "TACKLE",
                    "attack": {
                      "type": "MASSIVE",
                      "element": "SHOCK",
                      "damageFactor": 1.75,
                      "fly": "MASSIVE",
                      "reverse": false,
                      "spFactor": 0,
                      "stunSteps": [
                        {
                          "type": "END_LOCK"
                        }
                      ],
                      "status": 1,
                      "guardable": "",
                      "skillBonus": "MELEE_DMG"
                    },
                    "hit": [
                      {
                        "duration": 0,
                        "align": "CENTER",
                        "rotateFace": -1,
                        "flipLeftFace": false,
                        "wait": false,
                        "waitSkip": 0,
                        "actionDetached": false,
                        "fixPos": false,
                        "type": "SHOW_EFFECT",
                        "effect": {
                          "sheet": "specials.shock",
                          "name": "dashHit"
                        },
                        "offset": {
                          "x": 0,
                          "y": 0,
                          "z": 0
                        }
                      }
                    ],
                    "missed": []
                  },
                  {
                    "wait": false,
                    "viaWalkConfig": false,
                    "type": "SHOW_ANIMATION",
                    "anim": "attackEnd"
                  }
                ]
              },
              {
                "type": "CLEAR_STUN_LOCKED"
              },
              {
                "type": "CLEAR_EFFECTS"
              },
              {
                "value": 300,
                "type": "SET_SPEED"
              },
              {
                "time": 0.1,
                "stopBeforeEdge": true,
                "type": "MOVE_FORWARD"
              },
              {
                "time": 0.3,
                "type": "WAIT"
              }
            ],
            "missed": []
          },
          {
            "group": "collabGroup",
            "type": "REMOVE_PROXIES"
          },
          {
              "align": "BOTTOM",
              "type": "SHOOT_PROXY",
              "proxy": "collabChecker",
              "offset": {
                "x": 0,
                "y": 0,
                "z": 0
              }
          }
    ],
  	"shootCombatChecker": [
      {
          "align": "BOTTOM",
          "type": "SHOOT_PROXY",
          "proxy": "combatChecker",
          "offset": {
            "x": 0,
            "y": 0,
            "z": 0
          }
        }
    ],
    "Adjust": [
      {
        "type": "SET_RELATIVE_SPEED",
        "value": 1.5
      },
      {
        "actionDetached": false,
        "align": "BOTTOM",
        "duration": -1,
        "effect": {
          "name": "catAdjust",
          "sheet": "enemies.jungle"
        },
        "fixPos": false,
        "flipLeftFace": false,
        "offset": {
          "x": 0,
          "y": 0,
          "z": 0
        },
        "rotateFace": 0,
        "type": "SHOW_EFFECT",
        "wait": false,
        "waitSkip": 0
      },
      {
        "distance": 100,
        "forceTime": false,
        "maxTime": 1,
        "planOnly": false,
        "precise": false,
        "stayBehind": false,
        "targetType": "ENEMY",
        "type": "NAVIGATE_TO_TARGET"
      },
      {
        "type": "CLEAR_EFFECTS"
      },
      {
        "time": 0.3,
        "type": "WAIT"
      }
    ],
    "Attack": [
      {
        "active": "PRE_ATTACK",
        "type": "CHANGE_ENEMY_ANNOTATION"
      },
      {
        "reaction": "DODGE",
        "type": "DISABLE_REACTION"
      },
      {
        "extra": [],
        "type": "CHANGE_ENEMY_ANNOTATION"
      },
      {
        "type": "SET_HIT_STABLE",
        "value": "HEAVY"
      },
      {
        "actionDetached": false,
        "align": "BOTTOM",
        "duration": -1,
        "effect": {
          "name": "catAttackDash",
          "sheet": "enemies.jungle"
        },
        "fixPos": false,
        "flipLeftFace": false,
        "offset": {
          "x": 0,
          "y": 0,
          "z": 0
        },
        "rotateFace": 0,
        "type": "SHOW_EFFECT",
        "wait": false,
        "waitSkip": 0
      },
      {
        "time": 0.5,
        "type": "WAIT"
      },
      {
        "global": false,
        "loop": false,
        "sound": "media/sound/battle/shock-add-3.ogg",
        "type": "PLAY_SOUND",
        "volume": 1
      },
      {
        "global": false,
        "loop": false,
        "sound": "media/sound/scenes/dash.ogg",
        "type": "PLAY_SOUND",
        "volume": 1
      },
      {
        "type": "SET_RELATIVE_SPEED",
        "value": 2
      },
      {
        "name": "adjustSnowman",
        "type": "SET_ATTRIB_BOOL",
        "value": false
      },
      {
          "poiFilter":
          {
              "conditions":
              [
                  {
                      "sticking": true,
                      "group": "vulnerableEnemyGroup",
                      "negated": false,
                      "type": "HAS_PROXY"
                  }
              ],
              "allEnemies": true,
              "type": "ACTIVE_ENEMIES"
          },
          "distance": 2000,
          "type": "SET_POI_TEMP_TARGET"
      },
      {
        "distance": 120,
        "forceTime": false,
        "maxTime": 1,
        "planOnly": false,
        "precise": false,
        "stayBehind": false,
        "targetType": "ENEMY",
        "type": "NAVIGATE_TO_TARGET"
      },
      {
        "immediately": true,
        "type": "FACE_TO_TARGET",
        "value": false
      },
      {
        "forceTime": false,
        "max": 80,
        "maxTime": 0.5,
        "min": 0,
        "missReactTime": 0.1,
        "rotateSpeed": 0.5,
        "stopBeforeEdge": false,
        "type": "MOVE_TO_DISTANCE"
      },
      {
        "forceTime": false,
        "max": 48,
        "maxTime": 0.2,
        "min": 0,
        "missReactTime": 0.1,
        "rotateSpeed": 0.2,
        "stopBeforeEdge": false,
        "type": "MOVE_TO_DISTANCE"
      },
      {
        "type": "CLEAR_EFFECTS"
      },
      {
          "poiFilter":
          {
              "conditions":
              [
                  {
                      "sticking": true,
                      "group": "vulnerableEnemyGroup",
                      "negated": false,
                      "type": "HAS_PROXY"
                  }
              ],
              "allEnemies": true,
              "type": "ACTIVE_ENEMIES"
          },
          "distance": 2000,
          "type": "SET_POI_TEMP_TARGET"
      },
      {
        "type": "FACE_TO_TARGET",
        "value": false
      },
      {
        "actionDetached": false,
        "align": "BOTTOM",
        "duration": 0,
        "effect": {
          "name": "catSweep1",
          "sheet": "enemies.jungle"
        },
        "fixPos": false,
        "flipLeftFace": false,
        "offset": {
          "x": 0,
          "y": 0,
          "z": 4
        },
        "rotateFace": 6,
        "type": "SHOW_EFFECT",
        "wait": false,
        "waitSkip": 0
      },
      {
        "anim": "attack",
        "followUp": "attackEnd",
        "type": "SHOW_ANIMATION",
        "viaWalkConfig": false,
        "wait": false
      },
      {
        "active": "ATTACK",
        "type": "CHANGE_ENEMY_ANNOTATION"
      },
      {
        "proxy": "allyHitProxy",
        "type": "SET_HIT_PROXY"
      },
      {
        "align": "BOTTOM",
        "alwaysFull": false,
        "attack": {
          "element": "SHOCK",
          "guardable": "",
          "hints": [
            "ENEMY"
          ],
          "limiter": "",
          "reverse": false,
          "damageFactor": 1.75,
          "skillBonus": "",
          "status": 1.5,
          "type": "HEAVY"
        },
        "centralAngle": 1,
        "checkCollision": false,
        "clockwise": false,
        "duration": 0.25,
        "expandRadius": 0,
        "fixPos": false,
        "flipLeftFace": 0,
        "offset": {
          "x": 0,
          "y": 0,
          "z": 4
        },
        "radius": 24,
        "rectangular": false,
        "repeat": false,
        "startAngle": -0.3,
        "type": "CIRCLE_ATTACK",
        "uniformHitDir": false,
        "yScale": 0,
        "zHeight": 16
      },
      {
          "baseStrength": 1.75,
          "element": "SHOCK",
          "type": "SPAWN_ASSAULT"
      },
      {
        "forceTime": false,
        "max": 16,
        "maxTime": 0.2,
        "min": 0,
        "rotateSpeed": 0.05,
        "stopBeforeEdge": false,
        "type": "MOVE_TO_DISTANCE"
      },
      {
        "time": 0.4,
        "type": "WAIT"
      },
      {
        "type": "COMBAT_IF",
        "conditions":
          [
              {
                  "negated": false,
                  "type": "!TARGET_ALIVE"
              }
          ],
          "withElse": false,
          "thenStep": [
             {
               "type": "SET_ENEMY_STATE",
               "state": "IDLE"
             },
             {
               "actionName": "FollowMe",
               "type": "DO_ENEMY_ACTION"
             }
          ]
      }
    ],
    "BattleIdle": [
      {
        "type": "FACE_TO_TARGET",
        "value": true
      },
      {
        "maxTime": 0.4,
        "minTime": 0.2,
        "type": "WAIT_RANDOM"
      }
    ],
    "Dash": [
      {
        "type": "SET_RELATIVE_SPEED",
        "value": 3
      },
      {
        "type": "SET_ACCEL_SPEED",
        "value": 3
      },
      {
        "type": "SET_FRICTION",
        "value": 2
      },
      {
        "type": "SET_JUMPING",
        "value": false
      },
      {
        "actionDetached": false,
        "align": "BOTTOM",
        "duration": -1,
        "effect": {
          "name": "catDash",
          "sheet": "enemies.jungle"
        },
        "fixPos": false,
        "flipLeftFace": false,
        "offset": {
          "x": 0,
          "y": 0,
          "z": 0
        },
        "rotateFace": 0,
        "type": "SHOW_EFFECT",
        "wait": false,
        "waitSkip": 0
      },
      {
        "anim": "dash",
        "type": "SHOW_ANIMATION",
        "viaWalkConfig": false,
        "wait": false
      },
      {
        "distance": 100,
        "forceTime": false,
        "maxTime": 0.3,
        "planOnly": false,
        "precise": false,
        "stayBehind": false,
        "targetType": "ENEMY",
        "type": "NAVIGATE_TO_TARGET"
      },
      {
        "type": "CLEAR_ANIMATION"
      },
      {
        "type": "CLEAR_EFFECTS"
      },
      {
        "time": 0.3,
        "type": "WAIT"
      }
    ],
    "Dodge": [
      {
        "type": "SET_INVINCIBLE",
        "value": 0.3
      },
      {
        "type": "SET_RELATIVE_SPEED",
        "value": 3
      },
      {
        "type": "SET_ACCEL_SPEED",
        "value": 3
      },
      {
        "type": "SET_FRICTION",
        "value": 2
      },
      {
        "type": "SET_JUMPING",
        "value": false
      },
      {
        "type": "SET_COLL_TYPE",
        "value": "IGNORE"
      },
      {
        "actionDetached": false,
        "align": "BOTTOM",
        "duration": -1,
        "effect": {
          "name": "catDash",
          "sheet": "enemies.jungle"
        },
        "fixPos": false,
        "flipLeftFace": false,
        "offset": {
          "x": 0,
          "y": 0,
          "z": 0
        },
        "rotateFace": 0,
        "type": "SHOW_EFFECT",
        "wait": false,
        "waitSkip": 0
      },
      {
        "anim": "dash",
        "type": "SHOW_ANIMATION",
        "viaWalkConfig": false,
        "wait": false
      },
      {
        "distance": 64,
        "dodgeType": "NEUTRAL",
        "maxTime": 0.2,
        "planOnly": false,
        "type": "NAVIGATE_DODGE"
      },
      {
        "stopBeforeEdge": true,
        "time": 0.1,
        "type": "SLIDE_OUT"
      },
      {
        "type": "CLEAR_ANIMATION"
      },
      {
        "type": "CLEAR_EFFECTS"
      },
      {
        "immediately": true,
        "type": "FACE_TO_TARGET",
        "value": true
      }
    ],
    "DodgeEnhanced": [
      {
          "align": "BOTTOM",
          "radius": 30,
          "yScale": 0,
          "zHeight": 12,
          "centralAngle": 1,
          "duration": 0.3,
          "expandRadius": 0,
          "alwaysFull": true,
          "clockwise": false,
          "rectangular": false,
          "repeat": false,
          "uniformHitDir": false,
          "fixPos": false,
          "checkCollision": false,
          "type": "CIRCLE_ATTACK",
          "attack": {
            "type": "LIGHT",
            "visualType": "LIGHT",
            "element": "SHOCK",
            "damageFactor": 0.4,
            "status": 0.7,
            "reverse": false,
            "guardable": "NEVER",
            "skillBonus": "RANGED_DMG",
            "hints": [
              "NO_PUZZLE"
            ]
          },
          "offset": {
            "x": 0,
            "y": 0,
            "z": 0
          }
        },
      {
        "type": "SET_INVINCIBLE",
        "value": 0.3
      },
      {
        "type": "SET_RELATIVE_SPEED",
        "value": 3
      },
      {
        "type": "SET_ACCEL_SPEED",
        "value": 3
      },
      {
        "type": "SET_FRICTION",
        "value": 2
      },
      {
        "type": "SET_JUMPING",
        "value": false
      },
      {
        "type": "SET_COLL_TYPE",
        "value": "IGNORE"
      },
      {
        "actionDetached": false,
        "align": "BOTTOM",
        "duration": -1,
        "effect": {
          "name": "catDash",
          "sheet": "enemies.jungle"
        },
        "fixPos": false,
        "flipLeftFace": false,
        "offset": {
          "x": 0,
          "y": 0,
          "z": 0
        },
        "rotateFace": 0,
        "type": "SHOW_EFFECT",
        "wait": false,
        "waitSkip": 0
      },
      {
        "anim": "dash",
        "type": "SHOW_ANIMATION",
        "viaWalkConfig": false,
        "wait": false
      },
      {
        "distance": 64,
        "dodgeType": "NEUTRAL",
        "maxTime": 0.2,
        "planOnly": false,
        "type": "NAVIGATE_DODGE"
      },
      {
        "stopBeforeEdge": true,
        "time": 0.1,
        "type": "SLIDE_OUT"
      },
      {
        "type": "CLEAR_ANIMATION"
      },
      {
        "type": "CLEAR_EFFECTS"
      },
      {
        "immediately": true,
        "type": "FACE_TO_TARGET",
        "value": true
      }
    ],
    "GetClose": [
      {
        "type": "SET_RELATIVE_SPEED",
        "value": 0.7
      },
      {
        "type": "SET_HIT_STABLE",
        "value": "MEDIUM"
      },
      {
        "distance": 60,
        "forceTime": false,
        "maxTime": 0.5,
        "planOnly": false,
        "precise": false,
        "stayBehind": false,
        "targetType": "ENEMY",
        "type": "NAVIGATE_TO_TARGET"
      }
    ],
    "FollowMe": [
      {
        "type": "SET_RELATIVE_SPEED",
        "value": 0.85

      },
      {
        "type": "SET_HIT_STABLE",
        "value": "MEDIUM"
      },
      {
        "distance": 80,
        "entity": {
          "player": true
        },
        "forceTime": false,
        "ignoreBelow": 80,
        "maxTime": 0.5,
        "planOnly": false,
        "precise": true,
        "type": "NAVIGATE_TO_ENTITY"
      }
    ],
    "Idle": [
      {
          "kind": "ENEMY_OWNER",
          "type": "SET_TEMP_TARGET"
      },
      {
        "type": "FACE_TO_TARGET",
        "value": true
      },
      {
        "maxTime": 0.3,
        "minTime": 0.1,
        "type": "WAIT_RANDOM"
      }
    ],
    "Init": [
      {
        "value": 0.2,
        "type": "SET_INVINCIBLE"
      },
      {
        "group": "staticsFurGroup",
        "ignoreSelf": false,
        "sticking": true,
        "type": "REMOVE_PROXIES"
      },
      {
        "align": "BOTTOM",
        "offset": {
          "x": 0,
          "y": 0,
          "z": 0
        },
        "proxy": "shockAura",
        "type": "SHOOT_PROXY"
      },
      {
          "align": "BOTTOM",
          "type": "SHOOT_PROXY",
          "proxy": "elementCheck",
          "offset": {
            "x": 0,
            "y": 0,
            "z": 0
          }
      },
      {
          "align": "BOTTOM",
          "type": "SHOOT_PROXY",
          "proxy": "modifierCheckAssault",
          "offset": {
            "x": 0,
            "y": 0,
            "z": 0
          }
      },
      {
          "align": "BOTTOM",
          "type": "SHOOT_PROXY",
          "proxy": "modifierCheckBullseye",
          "offset": {
            "x": 0,
            "y": 0,
            "z": 0
          }
      },
      {
          "align": "BOTTOM",
          "type": "SHOOT_PROXY",
          "proxy": "collabChecker",
          "offset": {
            "x": 0,
            "y": 0,
            "z": 0
          }
      }
    ],
    "MoveRandom": [
      {
        "type": "SET_RELATIVE_SPEED",
        "value": 0.3
      },
      {
        "type": "SET_JUMPING",
        "value": false
      },
      {
        "dirChanges": 0,
        "maxTime": 0.5,
        "minTime": 0.3,
        "stopBeforeEdge": true,
        "type": "MOVE_RANDOM"
      },
      {
        "maxTime": 0.6,
        "minTime": 0.5,
        "type": "WAIT_RANDOM"
      }
    ],
    "MoveToSpawnPoint": [
      {
        "type": "SET_RELATIVE_SPEED",
        "value": 0.5
      },
      {
        "maxDistance": 16,
        "maxTime": 3,
        "precise": false,
        "type": "NAVIGATE_TO_SPAWN_POINT"
      }
    ],
    "WeakEnd": [
      {
        "group": "weak",
        "type": "CLEAR_EFFECTS"
      },
      {
          "changeType": "set",
          "type": "CHANGE_VAR_BOOL",
          "varName": "tmp.imTiredBoss",
          "value": false
      }
    ]
  },
  "aiGroup": "",
  "aiLearnType": "REGULAR",
  "anims": "enemies.jungle-shockcat",
  "annotate": {
    "active": "NONE",
    "element": "WAVE",
    "extra": [
      "BE_PASSIVE"
    ],
    "passive": "NONE",
    "weapon": "RANGED"
  },
  "boss": false,
  "bossOrder": 0,
  "credit": 0,
  "defaultState": "IDLE",
  "enduranceScale": 1.5,
  "exp": 0,
  "healDropRate": 0,
  "hitStable": "LIGHT",
  "hpBreaks": [],
  "itemDrops": [],
  "jumpingEnabled": true,
  "level": 99,
  "material": "ORGANIC",
  "maxSp": 8,
  "maxVel": 180,
  "meta": {
    "category": "ALLIES",
    "descriptions": [
      {
        "condition": "",
        "text": {
          "de_DE": "Wie kannst du diesen Bericht überhaupt haben? Wie konntest du zehn dieser fluffigen - wenn auch schockenden - Kätzchen töten? Sie wollten doch nur gestreichelt werden. Ich hoffe, sie haben ein paar Kratzer hinterlassen!<<C<<Geprüft: Minsu",
          "en_US": "How do you have this report? How could you defeat 10 of these fluffy but arguably shocking kitties? All they wanted is to be petted. I hope they left you with some cat scratches!",
          "ja_JP": "なんでこのレポートがアンロックされてるの？もしかして、あのフワフワでビリビリする子猫ちゃんたちを10体も倒したの？あの子たちは撫でてほしかっただけなのに。引っ掻き傷で苦しんじゃえ！<<A<<[CHANGED 2018/08/01]",
          "ko_KR": "어떻게 이 보고서를 가지고 있는 거죠? 어떻게 이 솜털 같은 찌릿찌릿한 새끼고양이를 10마리나 처치할 수 있는 건가요? 이 고양이들이 원하는 건 그저 귀여움 받는 건데 말이죠. 당신에게 발톱 자국을 남겼으면 좋겠군요!<<A<<[CHANGED 2018/08/01]",
          "langUid": 13,
          "zh_CN": "你为什么会有这项记录？你居然残忍的击败了10只猫猫吗？它们只想被摸摸肉球而已。希望它们把你挠出血了！<<A<<[CHANGED 2018/08/01]",
          "zh_TW": "你為什麼會有這項記錄？你居然殘忍的擊敗了10隻貓貓嗎？它們只想被摸摸手掌的肉球而已。希望它們把你撓出血了！<<A<<[CHANGED 2018/08/01]"
        }
      }
    ],
    "species": {
      "de_DE": "Säugetier<<C<<Geprüft: Minsu",
      "en_US": "Mammal",
      "ja_JP": "哺乳類",
      "ko_KR": "포유류",
      "langUid": 4,
      "zh_CN": "哺乳类",
      "zh_TW": "哺乳類"
    }
  },
  "padding": {
    "x": 2,
    "y": 2
  },
  "params": {
    "attack": 1,
    "defense": 1,
    "elemFactor": [
      1.2,
      1.2,
      0,
      1.4
    ],
    "focus": 1,
    "hp": 1,
    "statusEffect": [
      1.5,
      1,
      0,
      1.5
    ],
    "statusInflict": [
      1.5,
      1.25,
      0,
      1.5
    ]
  },
  "proxies": {
    "enemyStatsAttack": {
      "copyOwnerAnims": false,
      "breakType": "COMBATANT",
      "action": [
        {
            "attribName": "playerAttackValue",
            "changeType": "set",
            "type": "SET_ATTRIB_NUMBER",
            "value":
            {
                "varName": "player.param.attack"
            }
        },
        {
            "attribName": "playerAttackValue",
            "changeType": "mul",
            "type": "SET_ATTRIB_NUMBER",
            "value": 0.85
        },
        {
          "target": "PROXY_OWNER",
          "name": "ownerStatsAttack",
          "param": "attack",
          "changeType": "set",
          "value": {
                         "varName": "entity.attrib.playerAttackValue"
                       },
          "type": "MOD_ACTION_BUFF_PARAM"
        },
        {
                    "time": -1,
                    "type": "WAIT"
                }
      ],
      "invisible": false,
      "hp": 0,
      "stickToSource": "OWNER",
      "stickFaceAlign": false,
      "group": "statsGroup",
      "size": {
        "x": 12,
        "y": 12,
        "z": 24
      },
      "config": {
        "collType": "NONE"
      },
      "type": "GENERIC"
    },
    "enemyStatsDefense": {
      "copyOwnerAnims": false,
      "breakType": "COMBATANT",
      "action": [
        {
            "attribName": "playerDefenseValue",
            "changeType": "set",
            "type": "SET_ATTRIB_NUMBER",
            "value":
            {
                "varName": "player.param.defense"
            }
        },
        {
            "attribName": "playerDefenseValue",
            "changeType": "mul",
            "type": "SET_ATTRIB_NUMBER",
            "value": 0.4
        },
        {
          "target": "PROXY_OWNER",
          "name": "ownerStatsDefense",
          "param": "defense",
          "changeType": "set",
          "value": {
                         "varName": "entity.attrib.playerDefenseValue"
                       },
          "type": "MOD_ACTION_BUFF_PARAM"
        },
        {
                    "time": -1,
                    "type": "WAIT"
                }
      ],
      "invisible": false,
      "hp": 0,
      "stickToSource": "OWNER",
      "stickFaceAlign": false,
      "group": "statsGroup",
      "size": {
        "x": 12,
        "y": 12,
        "z": 24
      },
      "config": {
        "collType": "NONE"
      },
      "type": "GENERIC"
    },
    "enemyStatsFocus": {
      "copyOwnerAnims": false,
      "breakType": "COMBATANT",
      "action": [
        {
            "attribName": "playerFocusValue",
            "changeType": "set",
            "type": "SET_ATTRIB_NUMBER",
            "value":
            {
                "varName": "player.param.focus"
            }
        },
        {
            "attribName": "playerFocusValue",
            "changeType": "mul",
            "type": "SET_ATTRIB_NUMBER",
            "value": 1.2
        },
        {
          "target": "PROXY_OWNER",
          "name": "ownerStatsFocus",
          "param": "focus",
          "changeType": "set",
          "value": {
                         "varName": "entity.attrib.playerFocusValue"
                       },
          "type": "MOD_ACTION_BUFF_PARAM"
        },
        {
                    "time": -1,
                    "type": "WAIT"
                }
      ],
      "invisible": false,
      "hp": 0,
      "stickToSource": "OWNER",
      "stickFaceAlign": false,
      "group": "statsGroup",
      "size": {
        "x": 12,
        "y": 12,
        "z": 24
      },
      "config": {
        "collType": "NONE"
      },
      "type": "GENERIC"
    },
    "enemyStatsHp": {
      "copyOwnerAnims": false,
      "breakType": "COMBATANT",
      "action": [
        {
            "attribName": "playerHpValue",
            "changeType": "set",
            "type": "SET_ATTRIB_NUMBER",
            "value":
            {
                "varName": "player.param.hp"
            }
        },
        {
            "attribName": "playerHpValue",
            "changeType": "mul",
            "type": "SET_ATTRIB_NUMBER",
            "value": 0.5
        },
        {
          "target": "PROXY_OWNER",
          "name": "ownerStatsHp",
          "param": "hp",
          "changeType": "set",
          "value": {
                         "varName": "entity.attrib.playerHpValue"
                       },
          "type": "MOD_ACTION_BUFF_PARAM"
        },
        {
                    "time": -1,
                    "type": "WAIT"
                }
      ],
      "invisible": false,
      "hp": 0,
      "stickToSource": "OWNER",
      "stickFaceAlign": false,
      "group": "statsGroup",
      "size": {
        "x": 12,
        "y": 12,
        "z": 24
      },
      "config": {
        "collType": "NONE"
      },
      "type": "GENERIC"
    },
    "enemyStatsShooter": {
      "copyOwnerAnims": false,
      "breakType": "NEVER",
      "action": [
        {
          "align": "BOTTOM",
          "type": "SHOOT_PROXY",
          "proxy": "enemyStatsAttack",
          "offset": {
            "x": 0,
            "y": 0,
            "z": 12
          }
        },
        {
          "align": "BOTTOM",
          "type": "SHOOT_PROXY",
          "proxy": "enemyStatsDefense",
          "offset": {
            "x": 0,
            "y": 0,
            "z": 12
          }
        },
        {
          "align": "BOTTOM",
          "type": "SHOOT_PROXY",
          "proxy": "enemyStatsFocus",
          "offset": {
            "x": 0,
            "y": 0,
            "z": 12
          }
        },
        {
          "align": "BOTTOM",
          "type": "SHOOT_PROXY",
          "proxy": "enemyStatsHp",
          "offset": {
            "x": 0,
            "y": 0,
            "z": 12
          }
        },
        {
                    "time": 0.2,
                    "type": "WAIT"
                }
      ],
      "invisible": false,
      "hp": 0,
      "stickToSource": "OWNER",
      "stickFaceAlign": false,
      "group": "",
      "size": {
        "x": 12,
        "y": 12,
        "z": 24
      },
      "config": {
        "collType": "NONE"
      },
      "type": "GENERIC"
    },
    "elementCheck": {
      "copyOwnerAnims": false,
      "breakType": "NEVER",
      "action": [
        {
          "target": "PROXY_OWNER",
          "name": "ownerStatsHp",
          "type": "ADD_ACTION_BUFF",
          "stats": [
            "HACK"
          ]
        },
        {
          "target": "PROXY_OWNER",
          "name": "ownerStatsFocus",
          "type": "ADD_ACTION_BUFF",
          "stats": [
            "HACK"
          ]
        },
        {
          "target": "PROXY_OWNER",
          "name": "ownerStatsDefense",
          "type": "ADD_ACTION_BUFF",
          "stats": [
            "HACK"
          ]
        },
        {
          "target": "PROXY_OWNER",
          "name": "ownerStatsAttack",
          "type": "ADD_ACTION_BUFF",
          "stats": [
            "HACK"
          ]
        },
        {
          "name": "repeat",
          "type": "LABEL"
        },
        {
          "group": "statsGroup",
          "type": "REMOVE_PROXIES"
        },
        {
          "align": "BOTTOM",
          "type": "SHOOT_PROXY",
          "proxy": "enemyStatsShooter",
          "offset": {
            "x": 0,
            "y": 0,
            "z": 12
          }
        },
        {
            "attribName": "playerLastElement",
            "changeType": "set",
            "type": "SET_ATTRIB_NUMBER",
            "value":
            {
                "varName": "player.element"
            }
        },
        {
          "type": "WAIT_UNTIL",
          "condition": "player.element != entity.attrib.playerLastElement"
        },
        {
          "time": 0.2,
          "type": "WAIT"
        },
        {
          "name": "repeat",
          "type": "GOTO_LABEL"
        }
      ],
      "invisible": false,
      "hp": 0,
      "stickToSource": "OWNER",
      "stickFaceAlign": false,
      "group": "",
      "size": {
        "x": 12,
        "y": 12,
        "z": 24
      },
      "config": {
        "collType": "NONE"
      },
      "type": "GENERIC"
    },
    "modifierCheckAssault": {
      "copyOwnerAnims": false,
      "breakType": "NEVER",
      "action": [
        {
          "name": "repeat",
          "type": "LABEL"
        },
        {
          "group": "assaultModifierGroup",
          "type": "REMOVE_PROXIES"
        },
        {
            "attribName": "myAssaultValue",
            "changeType": "set",
            "type": "SET_ATTRIB_NUMBER",
            "value": 0
        },
        {
          "align": "BOTTOM",
          "type": "SHOOT_PROXY",
          "proxy": "enemyAssaultModifierShooter",
          "offset": {
            "x": 0,
            "y": 0,
            "z": 12
          }
        },
        {
            "attribName": "playerLastAssaultValue",
            "changeType": "set",
            "type": "SET_ATTRIB_NUMBER",
            "value":
            {
                "varName": "player.modifierRounded.ASSAULT"
            }
        },
        {
          "type": "WAIT_UNTIL",
          "condition": "player.modifierRounded.ASSAULT != entity.attrib.playerLastAssaultValue"
        },
        {
          "time": 0.2,
          "type": "WAIT"
        },
        {
          "name": "repeat",
          "type": "GOTO_LABEL"
        }
      ],
      "invisible": false,
      "hp": 0,
      "stickToSource": "OWNER",
      "stickFaceAlign": false,
      "group": "",
      "size": {
        "x": 12,
        "y": 12,
        "z": 24
      },
      "config": {
        "collType": "NONE"
      },
      "type": "GENERIC"
    },
    "enemyAssaultModifierShooter": {
      "copyOwnerAnims": false,
      "breakType": "COMBATANT",
      "action": [
        {
          "name": "repeat",
          "type": "LABEL"
        },
        {
          "withElse": false,
          "type": "IF",
          "condition": "entity.srcAttrib.playerLastAssaultValue > entity.srcAttrib.myAssaultValue",
          "thenStep": [
            {
              "align": "BOTTOM",
              "type": "SHOOT_PROXY",
              "proxy": "enemyStatAssaultModifier",
              "offset": {
                "x": 0,
                "y": 0,
                "z": 12
              }
            },
            {
                "attribName": "myAssaultValue",
                "changeType": "add",
                "changeConnected": "PROXY_SOURCE",
                "type": "SET_ATTRIB_NUMBER",
                "value": 0.1
            }
          ]
        },
        {
          "time": 0.2,
          "type": "WAIT"
        },
        {
          "name": "repeat",
          "type": "GOTO_LABEL"
        }
      ],
      "invisible": false,
      "hp": 0,
      "stickToSource": "OWNER",
      "stickFaceAlign": false,
      "group": "assaultModifierGroup",
      "size": {
        "x": 12,
        "y": 12,
        "z": 24
      },
      "config": {
        "collType": "NONE"
      },
      "type": "GENERIC"
    },
    "enemyStatAssaultModifier": {
      "copyOwnerAnims": false,
      "breakType": "ACTION",
      "action": [
        {
          "target": "PROXY_OWNER",
          "type": "ADD_ACTION_BUFF",
          "stats": [
            "ASSAULT-001"
          ]
        },
        {
                    "time": -1,
                    "type": "WAIT"
                }
      ],
      "invisible": false,
      "hp": 0,
      "stickToSource": "OWNER",
      "stickFaceAlign": false,
      "group": "assaultModifierGroup",
      "size": {
        "x": 12,
        "y": 12,
        "z": 24
      },
      "config": {
        "collType": "NONE"
      },
      "type": "GENERIC"
    },
    "modifierCheckBullseye": {
      "copyOwnerAnims": false,
      "breakType": "NEVER",
      "action": [
        {
          "name": "repeat",
          "type": "LABEL"
        },
        {
          "group": "bullseyeModifierGroup",
          "type": "REMOVE_PROXIES"
        },
        {
            "attribName": "myBullseyeValue",
            "changeType": "set",
            "type": "SET_ATTRIB_NUMBER",
            "value": 0
        },
        {
          "align": "BOTTOM",
          "type": "SHOOT_PROXY",
          "proxy": "enemyBullseyeModifierShooter",
          "offset": {
            "x": 0,
            "y": 0,
            "z": 12
          }
        },
        {
            "attribName": "playerLastBullseyeValue",
            "changeType": "set",
            "type": "SET_ATTRIB_NUMBER",
            "value":
            {
                "varName": "player.modifierRounded.CRITICAL_DMG"
            }
        },
        {
          "type": "WAIT_UNTIL",
          "condition": "player.modifierRounded.CRITICAL_DMG != entity.attrib.playerLastBullseyeValue"
        },
        {
          "time": 0.2,
          "type": "WAIT"
        },
        {
          "name": "repeat",
          "type": "GOTO_LABEL"
        }
      ],
      "invisible": false,
      "hp": 0,
      "stickToSource": "OWNER",
      "stickFaceAlign": false,
      "group": "",
      "size": {
        "x": 12,
        "y": 12,
        "z": 24
      },
      "config": {
        "collType": "NONE"
      },
      "type": "GENERIC"
    },
    "enemyBullseyeModifierShooter": {
      "copyOwnerAnims": false,
      "breakType": "COMBATANT",
      "action": [
        {
          "name": "repeat",
          "type": "LABEL"
        },
        {
          "withElse": false,
          "type": "IF",
          "condition": "entity.srcAttrib.playerLastBullseyeValue > entity.srcAttrib.myBullseyeValue",
          "thenStep": [
            {
              "align": "BOTTOM",
              "type": "SHOOT_PROXY",
              "proxy": "enemyStatBullseyeModifier",
              "offset": {
                "x": 0,
                "y": 0,
                "z": 12
              }
            },
            {
                "attribName": "myBullseyeValue",
                "changeType": "add",
                "changeConnected": "PROXY_SOURCE",
                "type": "SET_ATTRIB_NUMBER",
                "value": 0.1
            }
          ]
        },
        {
          "time": 0.2,
          "type": "WAIT"
        },
        {
          "name": "repeat",
          "type": "GOTO_LABEL"
        }
      ],
      "invisible": false,
      "hp": 0,
      "stickToSource": "OWNER",
      "stickFaceAlign": false,
      "group": "bullseyeModifierGroup",
      "size": {
        "x": 12,
        "y": 12,
        "z": 24
      },
      "config": {
        "collType": "NONE"
      },
      "type": "GENERIC"
    },
    "enemyStatBullseyeModifier": {
      "copyOwnerAnims": false,
      "breakType": "ACTION",
      "action": [
        {
          "target": "PROXY_OWNER",
          "type": "ADD_ACTION_BUFF",
          "stats": [
            "CRITICAL_DMG-003"
          ]
        },
        {
                    "time": -1,
                    "type": "WAIT"
                }
      ],
      "invisible": false,
      "hp": 0,
      "stickToSource": "OWNER",
      "stickFaceAlign": false,
      "group": "bullseyeModifierGroup",
      "size": {
        "x": 12,
        "y": 12,
        "z": 24
      },
      "config": {
        "collType": "NONE"
      },
      "type": "GENERIC"
    },
  	"combatChecker": {
      "copyOwnerAnims": false,
      "breakType": "COMBATANT",
      "action": [
        {
          "attribName": "present",
          "changeType": "add",
          "type": "SET_ATTRIB_NUMBER",
          "value": 1
        },
        {
                "withElse": false,
                "type": "IF",
                "condition": "!combat.active",
                "thenStep": [
                  {
                    "name": "instance1",
                    "type": "GOTO_LABEL"
                  }
                ]
              },
        {
                "name": "loop",
                "type": "LABEL"
              },
        {
          "type": "WAIT_UNTIL",
          "condition": "combat.active"
        },
        {
            "group": "falseCombatGroup",
            "type": "REMOVE_PROXIES"
          },
       {
                "align": "BOTTOM",
                "type": "SHOOT_PROXY",
                "proxy": "combatIsActive",
                "offset": {
                  "x": 0,
                  "y": 0,
                  "z": 12
                }
              },
        {
          "type": "WAIT_UNTIL",
          "condition": "!combat.active"
        },
        {
                    "name": "instance1",
                    "type": "LABEL"
        },
        {
            "group": "trueCombatGroup",
            "type": "REMOVE_PROXIES"
          },
        {
                "align": "BOTTOM",
                "type": "SHOOT_PROXY",
                "proxy": "combatIsNotActive",
                "offset": {
                  "x": 0,
                  "y": 0,
                  "z": 12
                }
              },
        {
                "name": "loop",
                "type": "GOTO_LABEL"
              }
      ],
      "invisible": false,
      "hp": 0,
      "stickToSource": "NONE",
      "stickFaceAlign": false,
      "group": "allyWarnerGroup",
      "size": {
        "x": 12,
        "y": 12,
        "z": 24
      },
      "config": {
        "collType": "NONE"
      },
      "type": "GENERIC"
    },
    "combatIsActive": {
      "copyOwnerAnims": false,
      "breakType": "COMBATANT",
      "action": [
                {
          "target": "SELF",
          "align": "BOTTOM",
          "duration": -1,
          "type": "STICK_TO_TARGET",
          "offset": {
            "x": 0,
            "y": 0,
            "z": 0
          }
        },
                {
                    "time": -1,
                    "type": "WAIT"
                }
      ],
      "invisible": false,
      "hp": 0,
      "stickToSource": "OWNER",
      "stickFaceAlign": false,
      "group": "trueCombatGroup",
      "size": {
        "x": 12,
        "y": 12,
        "z": 24
      },
      "config": {
        "collType": "NONE"
      },
      "type": "GENERIC"
    },
    "combatIsNotActive": {
      "copyOwnerAnims": false,
      "breakType": "COMBATANT",
      "action": [
                {
          "target": "SELF",
          "align": "BOTTOM",
          "duration": -1,
          "type": "STICK_TO_TARGET",
          "offset": {
            "x": 0,
            "y": 0,
            "z": 0
          }
        },
                {
                    "time": -1,
                    "type": "WAIT"
                }
      ],
      "invisible": false,
      "hp": 0,
      "stickToSource": "OWNER",
      "stickFaceAlign": false,
      "group": "falseCombatGroup",
      "size": {
        "x": 12,
        "y": 12,
        "z": 24
      },
      "config": {
        "collType": "NONE"
      },
      "type": "GENERIC"
    },
    "collabChecker": {
      "copyOwnerAnims": false,
      "breakType": "COMBATANT",
      "action": [
        {
            "poiFilter": {
              "group": "collabGroup",
              "type": "PROXY"
            },
            "distance": 2000,
            "type": "SET_POI_TEMP_TARGET"
          },
          {
            "withElse": false,
            "type": "IF",
            "condition": "!entity.hasTmpTarget",
            "thenStep": [
              {
                    "name": "instance1",
                    "type": "GOTO_LABEL"
                  }
            ]
          },
        {
                "name": "loop",
                "type": "LABEL"
              },
        {
            "name": "loopStart",
            "type": "LABEL"
          },
          {
            "poiFilter": {
              "group": "collabGroup",
              "type": "PROXY"
            },
            "distance": 2000,
            "type": "SET_POI_TEMP_TARGET"
          },
          {
            "time": 0.2,
            "type": "WAIT"
          },
          {
            "withElse": false,
            "type": "IF",
            "condition": "!entity.hasTmpTarget",
            "thenStep": [
              {
                "name": "loopStart",
                "type": "GOTO_LABEL"
              }
            ]
          },
        {
            "group": "falseCollabGroup",
            "type": "REMOVE_PROXIES"
          },
       {
                "align": "BOTTOM",
                "type": "SHOOT_PROXY",
                "proxy": "collabIsActive",
                "offset": {
                  "x": 0,
                  "y": 0,
                  "z": 12
                }
              },
        {
            "name": "loopStartSecond",
            "type": "LABEL"
          },
          {
            "poiFilter": {
              "group": "collabGroup",
              "type": "PROXY"
            },
            "distance": 2000,
            "type": "SET_POI_TEMP_TARGET"
          },
          {
            "time": 0.2,
            "type": "WAIT"
          },
          {
            "withElse": false,
            "type": "IF",
            "condition": "entity.hasTmpTarget",
            "thenStep": [
              {
                "name": "loopStartSecond",
                "type": "GOTO_LABEL"
              }
            ]
          },
        {
                    "name": "instance1",
                    "type": "LABEL"
        },
        {
            "group": "trueCollabGroup",
            "type": "REMOVE_PROXIES"
          },
        {
                "align": "BOTTOM",
                "type": "SHOOT_PROXY",
                "proxy": "collabIsNotActive",
                "offset": {
                  "x": 0,
                  "y": 0,
                  "z": 12
                }
              },
        {
                "name": "loop",
                "type": "GOTO_LABEL"
              }
      ],
      "invisible": false,
      "hp": 0,
      "stickToSource": "NONE",
      "stickFaceAlign": false,
      "group": "collabGroup",
      "size": {
        "x": 12,
        "y": 12,
        "z": 24
      },
      "config": {
        "collType": "NONE"
      },
      "type": "GENERIC"
    },
    "collabIsActive": {
      "copyOwnerAnims": false,
      "breakType": "COMBATANT",
      "action": [
                {
          "target": "SELF",
          "align": "BOTTOM",
          "duration": -1,
          "type": "STICK_TO_TARGET",
          "offset": {
            "x": 0,
            "y": 0,
            "z": 0
          }
        },
                {
                    "time": -1,
                    "type": "WAIT"
                }
      ],
      "invisible": false,
      "hp": 0,
      "stickToSource": "OWNER",
      "stickFaceAlign": false,
      "group": "trueCollabGroup",
      "size": {
        "x": 12,
        "y": 12,
        "z": 24
      },
      "config": {
        "collType": "NONE"
      },
      "type": "GENERIC"
    },
    "collabIsNotActive": {
      "copyOwnerAnims": false,
      "breakType": "COMBATANT",
      "action": [
                {
          "target": "SELF",
          "align": "BOTTOM",
          "duration": -1,
          "type": "STICK_TO_TARGET",
          "offset": {
            "x": 0,
            "y": 0,
            "z": 0
          }
        },
                {
                    "time": -1,
                    "type": "WAIT"
                }
      ],
      "invisible": false,
      "hp": 0,
      "stickToSource": "OWNER",
      "stickFaceAlign": false,
      "group": "falseCollabGroup",
      "size": {
        "x": 12,
        "y": 12,
        "z": 24
      },
      "config": {
        "collType": "NONE"
      },
      "type": "GENERIC"
    },
    "shockAura": {
      "action": [
        {
          "face": "SOUTH",
          "rotate": false,
          "rotateSpeed": 3,
          "type": "SET_FACE"
        },
        {
          "type": "SET_FACE_FIX",
          "value": true
        },
        {
          "name": "loop",
          "type": "LABEL"
        },
        {
          "align": "CENTER",
          "alwaysFull": true,
          "attack": {
            "damageFactor": 0.75,
            "element": "SHOCK",
            "guardable": "",
            "hints": [
              "ENEMY"
            ],
            "limiter": "",
            "reverse": false,
            "skillBonus": "RANGED_DMG",
            "spFactor": 0,
            "status": 7.5,
            "type": "NONE",
            "visualType": "LIGHT"
          },
          "centralAngle": 1,
          "checkCollision": false,
          "clockwise": false,
          "duration": 0.3,
          "expandRadius": 0,
          "fixPos": false,
          "flipLeftFace": 0,
          "offset": {
            "x": 0,
            "y": 0,
            "z": 0
          },
          "radius": 12,
          "rectangular": false,
          "repeat": false,
          "type": "CIRCLE_ATTACK",
          "uniformHitDir": false,
          "yScale": 0,
          "zHeight": 16
        },
        {
          "time": 0.3,
          "type": "WAIT"
        },
        {
          "name": "loop",
          "type": "GOTO_LABEL"
        }
      ],
      "breakType": "COMBATANT",
      "config": {
        "collType": "NONE"
      },
      "copyOwnerAnims": false,
      "group": "staticsFurGroup",
      "hp": 0,
      "invisible": false,
      "label": "",
      "size": {
        "x": 24,
        "y": 24,
        "z": 32
      },
      "startAnim": "",
      "stickFaceAlign": false,
      "stickToSource": "OWNER",
      "type": "GENERIC"
    },
    "zoomiesBuffs": {
      "copyOwnerAnims": false,
      "breakType": "COMBATANT",
      "action": [
        {
          "target": "PROXY_OWNER",
          "type": "ADD_ACTION_BUFF",
          "stats": [
            "ATTACK-3"
          ]
        },
        {
          "target": "PROXY_OWNER",
          "type": "ADD_ACTION_BUFF",
          "stats": [
            "ATTACK-3"
          ]
        },
        {
          "target": "PROXY_OWNER",
          "type": "ADD_ACTION_BUFF",
          "stats": [
            "ATTACK-1"
          ]
        },
        {
          "duration": 9,
          "target": "PROXY_OWNER",
          "align": "CENTER",
          "rotateFace": 0,
          "flipLeftFace": false,
          "wait": false,
          "waitSkip": 0,
          "actionDetached": false,
          "fixPos": false,
          "type": "SHOW_EFFECT",
          "effect": {
            "sheet": "specials.shock",
            "name": "interogationAura"
          },
          "offset": {
            "x": 0,
            "y": 0,
            "z": 0
          }
        },
        {
          "duration": 9,
          "target": "PROXY_OWNER",
          "align": "CENTER",
          "rotateFace": 0,
          "flipLeftFace": false,
          "wait": false,
          "waitSkip": 0,
          "actionDetached": false,
          "fixPos": false,
          "type": "SHOW_EFFECT",
          "effect": {
            "sheet": "specials.shock",
            "name": "waldoChargeLite"
          },
          "offset": {
            "x": 0,
            "y": 0,
            "z": 0
          }
        },
        {
          "target": "OWNER",
          "timeScale": 1.75,
          "logicTimeScale": 1,
          "moveXYScale": 1,
          "type": "ADD_TEMP_INFLUENCE"
        },
        {
          "target": "PROXY_OWNER",
          "type": "ADD_ACTION_BUFF",
          "stats": [
            "ATTACK-MINUS-OVERCLOCK",
            "FOCUS-MINUS-OVERCLOCK"
          ]
        },
        {
          "time": 9,
          "type": "WAIT"
        },
        {
          "type": "STOP_REPEATING_FORCE"
        },
        {
          "type": "CLEAR_EFFECTS"
        }
      ],
      "invisible": false,
      "hp": 0,
      "stickToSource": "OWNER",
      "stickFaceAlign": false,
      "group": "hyperBuffs",
      "size": {
        "x": 0,
        "y": 0,
        "z": 0
      },
      "config": {},
      "type": "GENERIC"
    },
    "shockAuraBig": {
      "action": [
        {
          "face": "SOUTH",
          "rotate": false,
          "rotateSpeed": 3,
          "type": "SET_FACE"
        },
        {
          "type": "SET_FACE_FIX",
          "value": true
        },
        {
          "align": "BOTTOM",
          "duration": -1,
          "effect": {
            "name": "catPull",
            "sheet": "enemies.jungle"
          },
          "fadeRadius": 40,
          "minRadius": 0,
          "pull": true,
          "radius": 200,
          "strength": "WALK_ESCAPE",
          "type": "PUSH_PULL_FORCE",
          "zHeight": 32
        },
        {
          "name": "loop",
          "type": "LABEL"
        },
        {
          "align": "BOTTOM",
          "alwaysFull": true,
          "attack": {
            "damageFactor": 0.5,
            "element": "SHOCK",
            "guardable": "",
            "hints": [
              "ENEMY"
            ],
            "limiter": "",
            "reverse": false,
            "skillBonus": "RANGED_DMG",
            "spFactor": 0,
            "status": 3,
            "type": "NONE",
            "visualType": "LIGHT"
          },
          "centralAngle": 1,
          "checkCollision": false,
          "clockwise": false,
          "duration": 0.2,
          "expandRadius": 0,
          "fixPos": false,
          "flipLeftFace": 0,
          "offset": {
            "x": 0,
            "y": 0,
            "z": 0
          },
          "radius": 32,
          "rectangular": false,
          "repeat": false,
          "type": "CIRCLE_ATTACK",
          "uniformHitDir": false,
          "yScale": 0,
          "zHeight": 16
        },
        {
          "time": 0.2,
          "type": "WAIT"
        },
        {
          "name": "loop",
          "type": "GOTO_LABEL"
        }
      ],
      "breakType": "COMBATANT",
      "config": {
        "collType": "NONE"
      },
      "copyOwnerAnims": false,
      "group": "",
      "hp": 0,
      "invisible": false,
      "size": {
        "x": 24,
        "y": 24,
        "z": 32
      },
      "startAnim": "",
      "stickFaceAlign": false,
      "stickToSource": "OWNER",
      "type": "GENERIC"
    },
    "allyHitProxy": {
      "copyOwnerAnims": false,
      "breakType": "NEVER",
       "action": [
        {
          "type": "DETACH_TIME_PARENT"
        },
        {
            "type": "CONNECT_PROXY_TO_TARGET"
        },
        {
            "poiFilter":
            {
                "conditions":
                [
                    {
                        "sticking": true,
                        "group": "vulnerableEnemyGroup",
                        "negated": false,
                        "type": "HAS_PROXY"
                    }
                ],
                "allEnemies": true,
                "type": "ACTIVE_ENEMIES"
            },
            "distance": 10,
            "type": "SET_POI_TEMP_TARGET"
        },
        {
         "withElse": false,
          "type": "IF",
          "condition": "entity.hasTmpTarget",
          "thenStep": [
                      {
                        "type": "CLEAR_TEMP_TARGET"
                      },
                      {
                          "poiFilter":
                          {
                              "conditions":
                              [
                                  {
                                      "sticking": true,
                                      "group": "combustionCurseGroup",
                                      "negated": false,
                                      "type": "HAS_PROXY"
                                  }
                              ],
                              "allEnemies": true,
                              "type": "ACTIVE_ENEMIES"
                          },
                          "distance": 10,
                          "type": "SET_POI_TEMP_TARGET"
                      },
                      {
                       "withElse": false,
                        "type": "IF",
                        "condition": "entity.hasTmpTarget",
                        "thenStep": [
                          {
                              "duration": 0,
                              "align": "BOTTOM",
                              "rotateFace": 0,
                              "flipLeftFace": false,
                              "wait": false,
                              "waitSkip": 0,
                              "actionDetached": false,
                              "fixPos": false,
                              "type": "SHOW_EFFECT",
                              "effect":
                              {
                                  "sheet": "specials.neutral",
                                  "name": "proximityBastSmall"
                              },
                              "offset":
                              {
                                  "x": 0,
                                  "y": 0,
                                  "z": 0
                              }
                          },
                          {
                              "time": 0.2,
                              "type": "WAIT"
                          },
                          {
                              "align": "BOTTOM",
                              "radius": 24,
                              "yScale": 1,
                              "zHeight": 16,
                              "centralAngle": 1,
                              "duration": 0.1,
                              "expandRadius": 48,
                              "alwaysFull": true,
                              "clockwise": false,
                              "flipLeftFace": 0,
                              "rectangular": false,
                              "repeat": false,
                              "uniformHitDir": false,
                              "fixPos": false,
                              "checkCollision": true,
                              "type": "CIRCLE_ATTACK",
                              "attack":
                              {
                                  "type": "HEAVY",
                                  "element": "NEUTRAL",
                                  "damageFactor": 2.5,
                                  "fly": "HEAVY",
                                  "reverse": false,
                                  "spFactor": 0,
                                  "stunSteps": [],
                                  "guardable": "",
                                  "skillBonus": "MELEE_DMG"
                              },
                              "offset":
                              {
                                  "x": 0,
                                  "y": 0,
                                  "z": 0
                              }
                          }
                        ]
                      }
          ]
        },
        {
           "time": 1,
           "type": "WAIT"
        }
      ],
      "invisible": false,
      "hp": 0,
      "stickToSource": "TARGET",
      "stickFaceAlign": false,
      "group": "allyHitGroup",
      "startAnim": null,
      "label": "",
      "size": {
        "x": 16,
        "y": 16,
        "z": 32
      },
      "config": "",
      "type": "GENERIC"
    }
  },
  "reactions": {
    "DODGE": {
      "action": "Dodge",
      "blockTime": 1,
      "conditions": [
        {
          "hint": "AIRCON",
          "type": "!HAS_HINT"
        }
      ],
      "count": 0,
      "probability": 1,
      "restartPrevAction": true,
      "type": "DODGE",
      "viewAngle": 0.5
    },
    "DODGE_ENHANCED": {
      "action": "DodgeEnhanced",
      "blockTime": 0.5,
      "conditions": [
        {
          "hint": "AIRCON",
          "type": "!HAS_HINT"
        }
      ],
      "count": 0,
      "probability": 1,
      "restartPrevAction": true,
      "type": "DODGE",
      "viewAngle": 0.7
    },
    "STORE_REACT": {
      "action": "GetStored",
      "checkCollision": false,
      "conditions": [
          {
            "condition": "tmp.joinMeCats",
            "negated": false,
            "type": "VAR_CONDITION"
          }
      ],
      "ignoreParty": false,
      "ignoreReplaceTargets": false,
      "maxDistance": 2000,
      "minDistance": 0,
      "preciseFace": false,
      "type": "TARGET_DISTANCE"
    },
    "HYPER_MODE_REACT": {
      "action": "GetZoomies",
      "preSwitchState": "ZOOMIES",
      "checkCollision": false,
      "conditions": [
          {
            "condition": "tmp.weGotTheZoomies",
            "negated": false,
            "type": "VAR_CONDITION"
          }
      ],
      "ignoreParty": false,
      "ignoreReplaceTargets": false,
      "maxDistance": 2000,
      "minDistance": 0,
      "preciseFace": false,
      "type": "TARGET_DISTANCE"
    },
    "COLLAB_REACT": {
      "action": "AmberThrustCollab",
      "attackType": "",
      "blockFurtherHits": false,
      "checkCollision": false,
      "conditions": [
        {
              "group": "trueCollabGroup",
              "type": "HAS_PROXY"
            }
      ],
      "dramaticEffect": "",
      "flyLevel": "",
      "ignoreParty": false,
      "ignoreReplaceTargets": false,
      "maxDistance": 2000,
      "minDistance": 0,
      "preciseFace": false,
      "stunChange": "FORCE_STUN",
      "type": "TARGET_DISTANCE"
    },
    "OVERLOAD_REACT": {
      "action": "Overloaded",
      "checkCollision": false,
      "conditions": [
          {
            "condition": "tmp.youMonster",
            "negated": false,
            "type": "VAR_CONDITION"
          }
      ],
      "ignoreParty": false,
      "ignoreReplaceTargets": false,
      "maxDistance": 2000,
      "minDistance": 0,
      "preciseFace": false,
      "type": "TARGET_DISTANCE"
    },
    "CALM_DOWN": {
      "action": "FollowMe",
      "preSwitchState": "IDLE",
      "checkCollision": false,
      "conditions": [
          {
            "group": "falseCombatGroup",
            "type": "HAS_PROXY"
          }
      ],
      "ignoreParty": false,
      "ignoreReplaceTargets": false,
      "maxDistance": 2000,
      "minDistance": 0,
      "preciseFace": false,
      "type": "TARGET_DISTANCE"
    },
    "HIT_ENEMY": {
      "alignFace": false,
      "attackType": "",
      "blockFurtherHits": true,
      "conditions": [
        {
          "hint": "ENEMY",
          "negated": false,
          "type": "HAS_HINT"
        }
      ],
      "damageFactor": 3,
      "dramaticEffect": "",
      "flyLevel": "",
      "hitType": "REGULAR",
      "ignoreFailed": false,
      "stunChange": "NO_CHANGE",
      "type": "HIT_REACTION"
    },
    "KILL_HIT": {
      "hitType": "KILL_HIT",
      "preAction": "Boom",
      "blockFurtherHits": false,
      "attackType": "MASSIVE",
      "flyLevel": "MASSIVE+",
      "stunChange": "FORCE_STUN",
      "alignFace": false,
      "dramaticEffect": 0,
      "conditions": [],
      "ignoreFailed": false,
      "type": "HIT_REACTION"
    }
  },
  "shadow": 20,
  "size": {
    "x": 16,
    "y": 16,
    "z": 24
  },
  "states": {
    "CUDDLE": {
      "choices": [
        {
          "action": "Init",
          "req": [
            {
              "sticking": true,
              "type": "!HAS_PROXY"
            }
          ]
        },
        {
          "postSwitchState": "DEFAULT",
          "req": [
            {
              "negated": false,
              "type": "HAS_TARGET"
            }
          ]
        },
        {
          "preSwitchState": "IDLE",
          "req": [
            {
              "distance": 200,
              "entity": {
                "player": true
              },
              "negated": false,
              "type": "ENTITY_DISTANCE_OVER"
            }
          ]
        },
        {
          "action": "AdjustCuddle",
          "req": [
            {
              "distance": 64,
              "entity": {
                "player": true
              },
              "negated": false,
              "type": "ENTITY_DISTANCE_OVER"
            }
          ]
        },
        {
          "action": "CuddleMeow",
          "req": [
            {
              "name": "meow",
              "negated": false,
              "type": "TRACKER_READY"
            }
          ]
        },
        {
          "action": "Cuddle"
        }
      ],
      "hitStable": "NONE",
      "enabledReactions": [
        "KILL_HIT",
        "STORE_REACT",
        "DODGE"
      ]
    },
    "DEFAULT": {
      "choices": [
        {
          "action": "Init",
          "req": [
            {
              "sticking": true,
              "type": "!HAS_PROXY"
            }
          ]
        },
        {
          "preSwitchState": "IDLE",
          "action": "FollowMe",
          "req": [
            {
              "group": "falseCombatGroup",
              "type": "HAS_PROXY"
            }
          ]
        },
        {
          "action": "shootCombatChecker",
          "req": [
            {
              "group": "allyWarnerGroup",
              "type": "!HAS_PROXY"
            }
          ]
        },
        {
          "action": "Adjust",
          "req": [
            {
              "distance": 200,
              "type": "!TARGET_REACHABLE"
            }
          ]
        },
        {
          "action": "AmberThrust",
          "frequency": "RARE"
        },
        {
          "action": "Attack",
          "frequency": "OFTEN"
        },
        {
          "action": "Adjust",
          "req": [
            {
              "distance": 120,
              "throwing": false,
              "type": "!TARGET_REACHABLE"
            }
          ]
        },
        {
          "action": "BattleIdle"
        }
      ],
      "enabledReactions": [
        "DODGE",
        "KILL_HIT",
        "STORE_REACT",
        "HYPER_MODE_REACT",
        "OVERLOAD_REACT",
        "CALM_DOWN",
        "COLLAB_REACT"
      ],
      "walkAnims": "combat"
    },
    "ZOOMIES": {
      "choices": [
        {
          "action": "Init",
          "req": [
            {
              "sticking": true,
              "type": "!HAS_PROXY"
            }
          ]
        },
        {
          "action": "shootCombatChecker",
          "req": [
            {
              "group": "allyWarnerGroup",
              "type": "!HAS_PROXY"
            }
          ]
        },
        {
          "preSwitchState": "IDLE",
          "action": "FollowMe",
          "req": [
            {
              "group": "falseCombatGroup",
              "type": "HAS_PROXY"
            }
          ]
        },
        {
          "req": [
            {
              "negated": false,
              "type": "TRACKER_READY",
              "name": "hyperDuration"
            }
          ],
          "action": "weakStart",
          "preSwitchState": "TIRED"
        },
        {
          "action": "Adjust",
          "req": [
            {
              "distance": 200,
              "type": "!TARGET_REACHABLE"
            }
          ]
        },
        {
          "action": "AmberThrust",
          "frequency": "SOMETIMES"
        },
        {
          "action": "Attack",
          "frequency": "SPAMM"
        },
        {
          "action": "Adjust",
          "req": [
            {
              "distance": 120,
              "throwing": false,
              "type": "!TARGET_REACHABLE"
            }
          ]
        },
        {
          "action": "BattleIdle"
        }
      ],
      "enabledReactions": [
        "DODGE_ENHANCED",
        "KILL_HIT",
        "STORE_REACT",
        "OVERLOAD_REACT",
        "CALM_DOWN",
        "COLLAB_REACT"
      ],
      "walkAnims": "combat"
    },
    "TIRED": {
      "choices": [
        {
          "req": [
            {
              "negated": false,
              "type": "TRACKER_READY",
              "name": "weakDuration"
            }
          ],
          "action": "WeakEnd",
          "preSwitchState": "DEFAULT"
        },
        {
          "action": "GetAway"
        }
      ],
      "enabledReactions": [
        "KILL_HIT",
        "STORE_REACT",
        "OVERLOAD_REACT"
      ],
      "damageFactor": 1.5,
      "walkAnims": "combat"
    },
    "IDLE": {
      "choices": [
      	{
          "action": "Init",
          "req": [
            {
              "sticking": true,
              "type": "!HAS_PROXY"
            }
          ]
        },
        {
          "action": "shootCombatChecker",
          "req": [
            {
              "group": "allyWarnerGroup",
              "type": "!HAS_PROXY"
            }
          ]
        },
        {
          "postSwitchState": "DEFAULT",
          "req": [
            {
              "group": "trueCombatGroup",
              "type": "HAS_PROXY"
            }
          ]
        },
        {
          "action": "FollowMe",
          "req": [
            {
              "distance": 80,
              "entity": {
                "player": true
              },
              "negated": false,
              "type": "ENTITY_DISTANCE_OVER"
            }
          ]
        },
        {
          "action": "Idle",
          "req": [
            {
              "distance": 80,
              "entity": {
                "player": true
              },
              "negated": false,
              "type": "!ENTITY_DISTANCE_OVER"
            }
          ]
        }
      ],
      "enabledReactions": [ 
        "KILL_HIT",
        "STORE_REACT",
        "HYPER_MODE_REACT",
        "OVERLOAD_REACT",
        "COLLAB_REACT"
      ]
    },
    "PASSIVE_INVIS": {
      "aggression": "PEACEFUL",
      "annotate": {
        "active": "NONE",
        "element": "ANY",
        "extra": [],
        "passive": "IMMUNE",
        "weapon": "ANY"
      },
      "choices": [
        {
          "action": "Init",
          "req": [
            {
              "negated": false,
              "type": "ENTERED_STATE"
            }
          ]
        }
      ],
      "hitIgnore": true,
      "weight": -1
    },
    "PASSIVE_INVIS_2": {
      "aggression": "PEACEFUL",
      "annotate": {
        "active": "NONE",
        "element": "ANY",
        "extra": [],
        "passive": "IMMUNE",
        "weapon": "ANY"
      },
      "choices": [],
      "hitIgnore": true,
      "walkAnims": "combat",
      "weight": -1
    },
    "WEAK": {
      "annotate": {
        "active": "NONE",
        "element": "WAVE",
        "extra": [],
        "passive": "WEAK",
        "weapon": "RANGED"
      },
      "choices": [
       ],
      "damageFactor": 1.2,
      "enabledReactions": [
        "HIT_ENEMY"
      ],
      "walkAnims": "weak"
    }
  },
  "targetDetect": {
    "detectDistance": 120,
    "loseDistance": 320,
    "notifyNeighbourRadius": 0
  },
  "trackers": {
    "chargeTimer": {
      "initRandom": 0,
      "noAssist": true,
      "noStateReset": false,
      "resetRandom": 0,
      "target": 3,
      "type": "TIME"
    },
    "hyperDuration": {
      "initRandom": 0,
      "noAssist": true,
      "noStateReset": false,
      "resetRandom": 0,
      "target": 9,
      "type": "TIME"
    },
    "weakDuration": {
      "initRandom": 0,
      "noAssist": true,
      "noStateReset": false,
      "resetRandom": 0,
      "target": 4.75,
      "type": "TIME"
    },
    "hitsToWeak": {
      "noStateReset": false,
      "scaleDmgFactor": false,
      "scaleEnemyFactor": false,
      "target": 8,
      "type": "HIT"
    },
    "meow": {
      "initRandom": 0,
      "noAssist": true,
      "noStateReset": false,
      "resetRandom": 0.5,
      "target": 4,
      "type": "TIME"
    },
    "weakRegen": {
      "initRandom": 0,
      "noAssist": false,
      "noStateReset": false,
      "resetRandom": 0,
      "target": 5,
      "type": "TIME"
    }
  },
  "walkAnims": "normal",
  "walkConfigs": {
    "combat": {
      "damage": "damage",
      "idle": "combatIdle",
      "move": "move",
      "run": "run"
    },
    "normal": {
      "damage": "damage",
      "idle": "idle",
      "move": "move",
      "run": "run"
    },
    "weak": {
      "damage": "damage",
      "idle": "damage"
    }
  },
  "weight": 50
}