{
  "name": {
    "en_US": "SummonerFan"
  },
  "realname": {
    "en_US": "Anna"
  },
  "size": {
    "x": 16,
    "y": 16,
    "z": 24
  },
  "animSheet": "npc.hexsummoner",
  "walkAnimSet": {
    "normal": {
      "idle": "idle",
      "move": "walk",
      "run": "run",
      "jump": "jump",
      "fall": "fall"
    },
    "sit": {
      "idle": "sit"
    }
  },
  "walkAnims": "normal",
  "shadow": 16,
  "configs": {
    "normal": {
      "relativeVel": 0.5
    },
    "running": {
      "relativeVel": 1
    },
    "sit": {
      "walkAnims": "sit",
      "relativeVel": 0.5,
      "shadow": 0
    }
  },
  "face": {
    "width": 105,
    "height": 148,
    "centerX": 37,
    "centerY": 50,
    "src": "hexsummoner.png",
    "parts": [
      {
        "normal": {
          "srcX": 0,
          "srcY": 0,
          "width": 105,
          "height": 148,
          "destX": 0,
          "destY": 0
        }
      }
    ],
    "expressions": {
      "DEFAULT": {
        "faces": [
          [
            "normal"
          ]
        ]
      }
    }
  }
}