{
    "points":
    {
        "sky":
        {
            "x": 568,
            "y": 268
        }
    },
    "entries":
    [
        {
            "name": "box",
            "gfx": "media/parallax/tri-pre/heat-pre.png",
            "pos":
            {
                "x": 0,
                "y": -40
            }
        },
        {
            "name": "triblader",
            "gfx": "media/parallax/tri-pre/tri-pose-1.png",
            "pos":
            {
                "x": 25,
                "y": 30
            }
        }
    ],
    "sequence":
    [
        {
            "keySpline": "EASE_OUT_STRONG"
        },
        {
            "entry": "box",
            "duration": 0.4,
            "reset":
            {
                "x": -200,
                "y": 40
            },
            "move":
            {
                "x": -60,
                "y": 40
            }
        },
        {
            "entry": "triblader",
            "duration": 0.4,
            "reset":
            {
                "x": -200,
                "y": 40
            },
            "move":
            {
                "x": -60,
                "y": 40
            }
        },
        {
            "wait": 0.4
        }
    ]
}