{
    "points":
    {
        "sky":
        {
            "x": 568,
            "y": 268
        }
    },
    "entries":
    [
        {
            "name": "sky",
            "gfx": "media/parallax/tri-training/sky.png",
            "pos":
            {
                "x": 0,
                "y": 160
            },
            "pivot": "sky"
        },
        {
            "name": "goals",
            "gfx": "media/parallax/tri-training/goals.png",
            "pos":
            {
                "x": -50,
                "y": 90
            }
        },
                {
            "name": "tribladers",
            "gfx": "media/parallax/tri-training/tribladers.png",
            "pos":
            {
                "x": -24,
                "y": 0
            }
        },
        {
            "name": "whiteFadeOut",
            "color": "white",
            "renderMode": "lighter",
            "flipY": true
        }
    ],
    "sequence":
    [
        {
            "entry": "whiteFadeOut",
            "duration": 1.5,
            "reset":
            {
                "alpha": 1
            },
            "move":
            {
                "alpha": 0
            }
        },
        {
            "keySpline": "LINEAR"
        },
                {
            "entry": "sky",
            "duration": 6,
            "reset":
            {
                "y": 0,
                "angle": 0
            },
            "move":
            {
                "y": 0,
                "angle": 0
            }
        },
                {
            "keySpline": "EASE_OUT_STRONG"
        },
        {
            "entry": "goals",
            "duration": 2.5,
            "reset":
            {
                "x": 600,
                "y": 10
            },
            "move":
            {
                "x": 400,
                "y": 10
            }
        },
        {
            "entry": "tribladers",
            "duration": 10,
            "reset":
            {
                "x": -60,
                "y": 60
            },
            "move":
            {
                "x": 95,
                "y": 60
            }
        },
        {
            "wait": 12
        },
        {
            "keySpline": "LINEAR"
        },
        {
            "entry": "whiteFadeOut",
            "duration": 0.5,
            "move":
            {
                "alpha": 1
            }
        },
        {
            "keySpline": "EASE_IN"
        },
        {
            "entry": "tribladers",
            "duration": 1,
            "move":
            {
                "x": -400,
                "y": 60
            }
        },
        {
            "wait": 1
        }
    ]
}