{
    "points":
    {
        "sky":
        {
            "x": 568,
            "y": 268
        }
    },
    "entries":
    [
        {
            "name": "sky",
            "gfx": "media/parallax/tri-training/sky.png",
            "pos":
            {
                "x": 0,
                "y": 160
            },
            "pivot": "sky"
        },
        {
            "name": "text",
            "gfx": "media/parallax/tri-training/tutorial-start.png",
            "pos":
            {
                "x": -50,
                "y": 90
            }
        }
    ],
    "sequence":
    [
        {
            "keySpline": "EASE_OUT_STRONG"
        },
        {
            "entry": "text",
            "duration": 1.25,
            "reset":
            {
                "x": -600,
                "y": 10
            },
            "move":
            {
                "x": 250,
                "y": 10
            }
        },
        {
            "wait": 1.25
        },
        {
            "keySpline": "EASE_IN_STRONG"
        },
          {
            "entry": "text",
            "duration": 1.25,
            "move":
            {
                "x": 1100,
                "y": 10
            }
        },
                {
            "wait": 1.25
        }
    ]
}