{
    "allies.hedgehog": {
        "name": {
            "en_US": "Starcaller Hedgehag"
        },
        "track": true,
        "order": 800001,
        "kills": 1,
        "area": "autumn-area",
        "anim": "idle",
        "descriptions": [{
            "text": {
                "en_US": "A simple-minded and sturdy animal, these hedgehags are ready to stay in frontline and fight their enemies head-on... or back-on\nA Starcaller Hedgehag's stats are shared with its owner by percentages\n\\c[3]0.6x Attack\\i[stat-small-attack] 0.9x Defense\\i[stat-small-defense] 0.4x Focus\\i[stat-small-focus]\n0.75x Hp\\i[stat-small-hp] 0.8x Brawler\\i[stat-small-brawler] 3x Pin Body\\i[stat-small-pin-body].",
            },
            "condition": ""
        }],
        "species": {
            "en_US": "Mammal"
        },
        "category": "ALLIES",
        "level": 1,
        "boostedLevel": 0,
        "params": {
        "hp": 1,
        "attack": 1,
        "defense": 1,
        "focus": 1,
        "statusInflict": [
          1.25,
          1.25,
          1.25,
          1.25
        ],
        "statusEffect": [
          1.5,
          1,
          1.5,
          1
        ]
      },
        "credit": 0,
        "exp": 0,
        "itemDrops": [],
        "boss": false
    },
    "allies.shockcat-HS": {
      "name": {
        "en_US": "Starcaller Shokat",
        "de_DE": "Schockatz",
        "zh_CN": "皮卡猫",
        "zh_TW": "皮卡貓",
        "ja_JP": "ショーキャット",
        "ko_KR": "쇼캣",
        "langUid": 6835
      },
      "track": true,
      "order": 800002,
      "area": "jungle",
      "anim": false,
      "extra": false,
      "category": "ALLIES",
      "species": {
        "en_US": "Mammal",
        "de_DE": "Säugetier<<C<<Geprüft: Minsu",
        "zh_CN": "哺乳类",
        "zh_TW": "哺乳類",
        "ja_JP": "哺乳類",
        "ko_KR": "포유류",
        "langUid": -4
      },
      "level": 1,
      "params": {
        "hp": 1,
        "attack": 1,
        "defense": 1,
        "focus": 1,
        "elemFactor": [
          1.2,
          1.2,
          0,
          1.4
        ],
        "statusInflict": [
          1.5,
          1.25,
          0,
          1.5
        ],
        "statusEffect": [
          1.5,
          1,
          0,
          1.5
        ]
      },
      "credit": 0,
      "exp": 0,
      "itemDrops": [],
      "boss": false,
      "descriptions": [
        {
          "text": {
            "en_US": "An agile and deadly combatant ready to aid its owner with grace and cuteness\nA Starcaller Shokat's stats are shared with its owner by percentages\n\\c[3]0.85x Attack\\i[stat-small-attack] 0.4x Defense\\i[stat-small-defense] 1.2x Focus\\i[stat-small-focus]\n0.5x Hp\\i[stat-small-hp] 1x Assault\\i[stat-small-assault] 3x Bullseye\\i[stat-small-bullseye]\\c[0]\nWhen in \\c[3]Hyper Mode\\c[0] they gain massive attack boost and an improved dash for a duration, after which they become \\c[1]Tired\\c[0]\n\\c[1]Trying to make a tired cat go into\\c[0] \\c[3]Hyper Mode\\c[0] \\c[1]Will overload them, resulting in their death\\c[0].",
            "langUid": -13
          },
          "condition": ""
        }
      ]
    },
    "allies.colibri": {
      "name": {
        "en_US": "Starcaller Hummagnum",
        "de_DE": "Hummagnum",
        "zh_CN": "枪人<<A<<[CHANGED 2020/06/17]",
        "zh_TW": "槍人<<A<<[CHANGED 2020/06/15]",
        "ja_JP": "ハマグナム<<A<<[CHANGED 2020/06/17]",
        "ko_KR": "허매그넘<<A<<[CHANGED 2020/06/17]",
        "langUid": 16764
      },
      "track": true,
      "extension": "post-game",
      "order": 800003,
      "area": "final-dng",
      "kills": 7,
      "anim": false,
      "extra": false,
      "category": "ALLIES",
      "species": {
        "en_US": "Silent Sniper",
        "de_DE": "Stiller Schütze<<C<<Geprüft: Minsu",
        "zh_CN": "沉默鸟狙<<A<<[CHANGED 2020/06/17]",
        "zh_TW": "沉默鳥狙<<A<<[CHANGED 2020/06/15]",
        "ja_JP": "サイレントスナイパー<<A<<[CHANGED 2020/06/17]",
        "ko_KR": "조용한 저격수<<A<<[CHANGED 2020/06/17]",
        "langUid": -1
      },
      "level": 1,
      "boostedLevel": 0,
      "params": {
        "hp": 1,
        "attack": 1,
        "defense": 1,
        "focus": 1,
        "elemFactor": [
          1,
          1,
          0.5,
          0.5
        ],
        "statusInflict": [
          1,
          1,
          1,
          1
        ],
        "statusEffect": [
          1,
          1,
          1,
          1
        ]
      },
      "credit": 0,
      "exp": 0,
      "itemDrops": [],
      "boss": false,
      "descriptions": [
        {
          "text": {
            "en_US": "A frail yet deadly sniper bird that thrives in ranged combat, \\c[3]even more so against weakened enemies\\c[0].\nThey can output \\c[3]incredible\\c[0] amounts of damage in a single hit, \\c[1]so long as they aren't overwhelmed by melee attackers\\c[0], however unlike their original counterparts, \\c[1]they can't use shock bullets\\c[0]. They make this up with their \\c[3]more powerful and multi-hit shield penetrating shots\\c[0].\nA Starcaller Hummagnum's stats are shared with its owner by percentages\n\\c[3]0.9x Attack\\i[stat-small-attack] 0.25x Defense\\i[stat-small-defense] 2x Focus\\i[stat-small-focus]\n0.3x Hp\\i[stat-small-hp] 1x Shooter\\i[stat-small-shooter] 2x Bouncer\\i[stat-small-bouncer].",
            "de_DE": "Bewaffnet mit einem Mund, der gleichzeitig als Scharfschützengewehr dient, macht dieser Vogel keine halben Sachen. Er kann in Sekundenbruchteilen auf jede Bewegung reagieren und weicht jedem Schuss aus. Ein Schuss aus dem Schnabel und das Ausweichen verbrauchen jedoch viel Energie, womit er für einen Gegenangriff anfällig wird.<<C<<Geprüft: Minsu",
            "zh_CN": "它的大嘴也能当做狙击枪使用，威力十足。它有着极快的反应速度，能够闪避所有来袭子弹。但是它的射击也十分消耗精力，开火后会暴露弱点。<<A<<[CHANGED 2020/06/17]",
            "zh_TW": "它的大嘴也能當做狙擊槍使用，威力十足。它有著極快的反應速度，能夠閃避所有來襲子彈。但是它的射擊也十分消耗精力，開火後會暴露弱點。<<A<<[CHANGED 2020/06/15]",
            "ja_JP": "スナイパー銃にもなるクチバシで武装したこの鳥は、危険度が高い。どんな動きにも瞬時に反応し、弾丸もかわすことができる。しかし、クチバシからの発砲や素早い身のこなしには大きなエネルギーを費やし、 カウンター攻撃に対し口が開いたまま、無防備になる。<<A<<[CHANGED 2020/06/17]",
            "ko_KR": "저격총의 기능을 겸한 부리가 있는 이 새는 빈둥대지 않습니다. 1초도 안 되는 시간에 움직임에 반응해 공격을 회피할 수 있지만, 부리 공격과 회피에는 많은 에너지가 소모돼 반격을 당하기도 합니다.<<A<<[CHANGED 2020/06/17]",
            "langUid": -3
          },
          "condition": ""
        }
      ]
    },
    "allies.moth": {
      "name": {
        "en_US": "Starcaller Pada Moth",
        "de_DE": "Pada-Motte",
        "zh_CN": "帕达蛾",
        "zh_TW": "帕達蛾",
        "ja_JP": "パダ・モス",
        "ko_KR": "파다모스",
        "langUid": 4222
      },
      "track": true,
      "order": 800004,
      "area": "heat-dng",
      "anim": false,
      "extra": false,
      "category": "ALLIES",
      "species": {
        "en_US": "Moth",
        "de_DE": "Motte<<C<<Geprüft: Minsu",
        "zh_CN": "蛾类",
        "zh_TW": "蛾類",
        "ja_JP": "蛾類",
        "ko_KR": "나방",
        "langUid": -1
      },
      "level": 1,
      "params": {
        "hp": 1,
        "attack": 1,
        "defense": 1,
        "focus": 1,
        "elemFactor": [
          0.2,
          1.5,
          1,
          1
        ],
        "statusInflict": [
          0.5,
          1,
          1,
          1
        ]
      },
      "credit": 0,
      "exp": 0,
      "itemDrops": [],
      "boss": false,
      "descriptions": [
        {
          "condition": "",
          "text": {
            "en_US": "Differentiating itself from its weaker cousins, these Moths are sure to burn their foes to a crisp with \\c[3]both lasers and fireballs\\c[0].\nA Starcaller Pada Moth's stats are shared with its owner by percentages\n\\c[3]0.7x Attack\\i[stat-small-attack] 0.5x Defense\\i[stat-small-defense] 1x Focus\\i[stat-small-focus]\n0.55x Hp\\i[stat-small-hp] 0.75x Shooter\\i[stat-small-shooter] 3x Burn Rush\\i[stat-small-burn-rush] 1x Status Rush\\i[stat-small-status-rush]\\c[0]\nAlthough these moths may not house the highest damage output they are one of the more durable ranged fighters with their increased HP and Defense values\nHowever \\c[1]their attacks are less effective against flying enemies\\c[0].",
            "de_DE": "Diese Motten spucken nicht nur Flammen aus ihren Augen und leben im Inneren des \\c[3]Faj'ro-Tempels\\c[0], sie werden auch von Elementstäben angezogen, wenn diese mit Hitze geladen sind! Sie lieben das Feuer einfach heiß und innig!\nInfolgedessen wirken kälteelementare Angriffe ziemlich gut gegen sie. Nutze diese in Kombination mit der anziehenden Wirkung der hitzegeladenen Elementstäbe, um sie zu lähmen und auf den Boden zu bekommen!<<C<<Geprüft: Minsu",
            "zh_CN": "这些生活在 \\c[3]\\v[area.heat-dng.name]\\c[0]的飞蛾不仅能从自己的眼睛里射出火焰，还会在元素柱充满热能的时候被其吸引！飞蛾扑火贯彻的淋漓尽致。\n按照逻辑，冰攻击很适合用来攻击它们。利用元素柱吸引它们再将它们击晕，在它们落地之后对它们进行攻击！<<A<<[CHANGED 2018/07/09]",
            "zh_TW": "這些生活在 \\c[3]\\v[area.heat-dng.name]\\c[0]的飛蛾不僅能從自己的眼睛裡射出火焰，還會在元素柱充滿熱能的時候被其吸引！飛蛾撲火演繹的淋漓盡致。\n按照邏輯，冰攻擊很適合用來攻擊它們。利用元素柱吸引它們再將它們擊暈，在它們落地之後對它們進行攻擊！<<A<<[CHANGED 2018/07/09]",
            "ja_JP": "\\c[3]\\v[area.heat-dng.name]\\c[0]の中に生息するこの蛾系モンスターは、目から炎を発射するだけでなく、炎が灯ったエレメンタルポールに引き寄せられるのだ！炎がよっぽど好きなのだろうか。\n炎が好きなこの蛾系モンスターは、冷気攻撃に弱い。火炎攻撃で炎が灯ったポールに引き寄せられた所に攻撃を仕掛ければ、スタンさせて地面に落とすことができるぞ！<<A<<[CHANGED 2018/07/09]",
            "ko_KR": "이 나방은 눈에서 화염을 뿜고 \\c[3]\\v[area.heat-dng.name]\\c[0] 안에 살 뿐만 아니라, 열기로 충전된 속성 막대기에 이끌리기도 합니다! 이런 걸 보면 불을 엄청 좋아합니다.\n그렇다는 건, 이들에게는 냉기 공격이 잘 먹힌다는 뜻입니다. 막대기를 열기로 충전해 유인한 뒤 기절시켜 땅에 떨어뜨리게 하는 콤비네이션 공격을 사용하세요.<<A<<[CHANGED 2018/07/09]",
            "langUid": -3
          }
        }
      ]
    },
    "allies.cold-soldier": {
        "name": {
            "en_US": "Frozen Servant"
        },
        "track": true,
        "order": 800005,
        "kills": 1,
        "area": "autumn-area",
        "anim": "idle",
        "descriptions": [{
            "text": {
                "en_US": "\nA Frozen Servant's stats are shared with its owner by percentages\n\\c[3]0.8x Attack\\i[stat-small-attack] 0.75x Defense\\i[stat-small-defense] 0.2x Focus\\i[stat-small-focus]\n0.65x Hp\\i[stat-small-hp].",
            },
            "condition": ""
        }],
        "species": {
            "en_US": "Mammal"
        },
        "category": "ALLIES",
        "level": 1,
        "boostedLevel": 0,
        "params": {
        "hp": 1,
        "attack": 1,
        "defense": 1,
        "focus": 1,
        "statusInflict": [
          1.25,
          1.25,
          1.25,
          1.25
        ],
        "statusEffect": [
          1.5,
          1,
          1.5,
          1
        ]
      },
      "credit": 0,
      "exp": 0,
      "itemDrops": [],
      "boss": false
    },
    "allies.blob-wave": {
        "name": {
            "en_US": "Starcaller Jelleric"
        },
        "track": true,
        "order": 800006,
        "kills": 1,
        "area": "autumn-area",
        "anim": "idle",
        "descriptions": [{
            "text": {
                "en_US": "\nA Starcaller Jelleric's stats are shared with its owner by percentages\n\\c[3]0.15x Attack\\i[stat-small-attack] 0.2x Defense\\i[stat-small-defense] 0.3x Focus\\i[stat-small-focus]\n0.75x Hp\\i[stat-small-hp]1.5x HP Regen\\i[stat-small-hp-regen] 1x Status Mend\\i[stat-small-status-mend].",
            },
            "condition": ""
        }],
        "species": {
            "en_US": "Mammal"
        },
        "category": "ALLIES",
        "level": 1,
        "boostedLevel": 0,
        "params": {
        "hp": 1,
        "attack": 1,
        "defense": 1,
        "focus": 1,
        "statusInflict": [
          1.25,
          1.25,
          1.25,
          1.25
        ],
        "statusEffect": [
          1.5,
          1,
          1.5,
          1
        ]
      },
      "credit": 0,
      "exp": 0,
      "itemDrops": [],
      "boss": false
    },
}