{
    "avatar-nozoom.joern2": {
        "name": {
            "en_US": "Joern2"
        },
        "track": true,
        "order": 500006,
        "kills": 1,
        "area": "evo-village",
        "anim": "run",
        "descriptions": [{
            "text": {
                "en_US": "A \\c[3]quadroguard\\c[0] evotar created from Joern who usually tagged along with Apollo.\nQuadroguards have lower ranged and melee capabilities but they can protect and buff their allies while being extremely hard to kill. They can be a serious threat if their attackers don't watch when they attack with their enchanced perfect guards."
            },
            "condition": ""
        }],
        "species": {
            "en_US": "The other Schneider"
        },
        "category": "PLAYERS",
        "level": 62,
        "boostedLevel": 0,
        "params": {
            "hp": 4600,
            "attack": 460,
            "defense": 460,
            "focus": 460,
            "elemFactor": [0.83, 0.83, 0.83, 0.83]
        },
        "credit": 0,
        "exp": 0,
        "itemDrops": [],
        "boss": false
    },
    "avatar.emilie-2": {
      "name": {
        "en_US": "Emilie"
      },
      "track": true,
      "order": 500007,
      "area": "heat-area",
      "kills": 1,
      "anim": "aim",
      "category": "PLAYERS",
      "species": {
        "en_US": "Eager Pentafist",
        "de_DE": "Krieger der Gerechtigkeit<<C<<Geprüft: Minsu",
        "zh_CN": "正义战士",
        "ja_JP": "正義の戦士<<A<<[CHANGED 2017/08/03]",
        "ko_KR": "정의의 사도",
        "langUid": -4,
        "zh_TW": "正義戰士"
      },
      "level": 25,
      "boostedLevel": 0,
      "params": {
        "hp": 725,
        "attack": 175,
        "defense": 65,
        "focus": 195,
        "elemFactor": [
          1,
          1,
          1,
          1
        ]
      },
      "credit": 0,
      "exp": 0,
      "itemDrops": [],
      "boss": false,
      "descriptions": [
        {
          "text": {
            "en_US": "Lea's friend who she met first after Rhombus Dungeon, and is now her opponent in a practice battle!\nBeing a \\c[3]Pentafist\\c[0] she has impressively high \\c[3]Attack and Focus\\c[0] stats while her defensive stats are ok at best\nPentafists posses the strongest melee attacks amongst all classes along with unmatched speed, their counter combat arts also pack quite the punch.",
            "de_DE": "Der selbsternannte Krieger der Gerechtigkeit ist zurück, und diesmal zeigt er sich ganz von seiner hitzigen Seite! Genau wie beim letzten Mal wird er kreativer mit seinen Angriffen, je mehr Runden du gewinnst.<<C<<Geprüft: Minsu",
            "zh_CN": "一个自称正义使者的家伙，指控莉亚进行了作弊行为，并向她提出了决斗挑战。这次他会在战斗中使用治疗元素！和上次一样，他会在快被击败的时候施展新的攻击模式。<<A<<[CHANGED 2018/09/19]",
            "ja_JP": "自称正義の戦士が再び戻ってきた。今回は火炎エレメントを習得してきたようだ！前回と同様に追い込めば追い込むほど、攻撃方法や戦術に創意工夫を凝らしてくるぞ。<<A<<[CHANGED 2018/09/19]",
            "ko_KR": "레아를 치터로 몬 자칭 정의의 사도로, 이번에는 열기 속성을 가지고 돌아왔습니다! 지난번처럼, 그를 이긴 횟수가 많을수록 더 창의적인 공격을 할 것입니다.<<A<<[CHANGED 2018/09/19]",
            "langUid": -6,
            "zh_TW": "一個自稱正義使者的傢伙，指控莉亞進行了作弊行為，並向她提出了決鬥挑戰。這次他會在戰鬥中使用治療元素！和上次一樣，他會在快被擊敗的時候施展新的攻擊模式。<<A<<[CHANGED 2018/09/19]"
          },
          "condition": ""
        }
      ]
    },
    "avatar.ctron-2": {
      "name": {
        "en_US": "C'tron"
      },
      "track": true,
      "order": 500007,
      "area": "heat-area",
      "kills": 1,
      "anim": "aim",
      "category": "PLAYERS",
      "species": {
        "en_US": "Unconfident Hexacast",
        "de_DE": "Krieger der Gerechtigkeit<<C<<Geprüft: Minsu",
        "zh_CN": "正义战士",
        "ja_JP": "正義の戦士<<A<<[CHANGED 2017/08/03]",
        "ko_KR": "정의의 사도",
        "langUid": -4,
        "zh_TW": "正義戰士"
      },
      "level": 25,
      "boostedLevel": 0,
      "params": {
        "hp": 900,
        "attack": 125,
        "defense": 84,
        "focus": 125,
        "elemFactor": [
          1,
          1,
          1,
          1
        ]
      },
      "credit": 0,
      "exp": 0,
      "itemDrops": [],
      "boss": false,
      "descriptions": [
        {
          "text": {
            "en_US": "A relatively new member of the \\c[3]First Scholars\\c[0] C'tron reluctantly agrees to participate in a practice battle\nBeing a Hexacast, he has rather slow movement and a weak melee both of which are made up with unrivaled ranged capabilities\nHexacasts posses special VRPs which aggresively home into their enemies and are shot in a relatively high rate of fire, if Hexacasts are repeatedly cornered they can use their Dash arts to create much needed distance while usually dealing high damage.",
            "de_DE": "Der selbsternannte Krieger der Gerechtigkeit ist zurück, und diesmal zeigt er sich ganz von seiner hitzigen Seite! Genau wie beim letzten Mal wird er kreativer mit seinen Angriffen, je mehr Runden du gewinnst.<<C<<Geprüft: Minsu",
            "zh_CN": "一个自称正义使者的家伙，指控莉亚进行了作弊行为，并向她提出了决斗挑战。这次他会在战斗中使用治疗元素！和上次一样，他会在快被击败的时候施展新的攻击模式。<<A<<[CHANGED 2018/09/19]",
            "ja_JP": "自称正義の戦士が再び戻ってきた。今回は火炎エレメントを習得してきたようだ！前回と同様に追い込めば追い込むほど、攻撃方法や戦術に創意工夫を凝らしてくるぞ。<<A<<[CHANGED 2018/09/19]",
            "ko_KR": "레아를 치터로 몬 자칭 정의의 사도로, 이번에는 열기 속성을 가지고 돌아왔습니다! 지난번처럼, 그를 이긴 횟수가 많을수록 더 창의적인 공격을 할 것입니다.<<A<<[CHANGED 2018/09/19]",
            "langUid": -6,
            "zh_TW": "一個自稱正義使者的傢伙，指控莉亞進行了作弊行為，並向她提出了決鬥挑戰。這次他會在戰鬥中使用治療元素！和上次一樣，他會在快被擊敗的時候施展新的攻擊模式。<<A<<[CHANGED 2018/09/19]"
          },
          "condition": ""
        }
      ]
    }
}