{
  "csLubTribladerNeutralAttack1A": {
    "list": [
      {
        "replaceTo": "CS_LQM_TRIBLADER_ATTACK_SPECIAL1_A",
        "actionCheckKey": "ATTACK_SPECIAL1"
      }
    ],
    "element": "NEUTRAL",
    "activeCondition": "player.entity.name == 'Hexacast1' || player.entity.name == 'Hexacast2'",
    "name": {
      "en_US": "\\i[class-blu-tri] Steel Tempest"
    },
    "description": {
      "en_US": "Yasuo's Steel Tempest from League of Legends."
    },
    "icon": {
      "src": "media/gui/custom-skills/lqm-triblader.png",
      "offX": 0,
      "offY": 25
    }
  },
  "csLubHexacastHeatGuard1A": {
    "list": [
      {
        "replaceTo": "CS_LQM_HEXACAST_GUARD_SPECIAL1_A",
        "actionCheckKey": "GUARD_SPECIAL1"
      }
    ],
    "element": "HEAT",
    "activeCondition": "player.entity.name == 'Hexacast1' || player.entity.name == 'Hexacast2'",
    "name": {
      "en_US": "\\i[class-blu-hex] Template"
    },
    "description": {
      "en_US": "Doesn't do anything."
    },
    "icon": {
      "src": "media/gui/custom-skills/lqm-triblader.png",
      "offX": 0,
      "offY": 25
    }
  },
  "csQuadroguardBaseMelee": {
    "list": [
      {
        "replaceTo": "CS_QUADROGUARD_ATTACK",
        "actionCheckKey": "ATTACK"
      },
      {
        "replaceTo": "CS_QUADROGUARD_ATTACK_REV",
        "actionCheckKey": "ATTACK_REV"
      },
      {
        "replaceTo": "CS_QUADROGUARD_ATTACK_FINISHER",
        "actionCheckKey": "ATTACK_FINISHER"
      }
    ],
    "element": "BASE",
    "activeCondition": "player.entity.name == 'Hexacast1' || player.entity.name == 'Hexacast2'",
    "name": {
      "en_US": "\\i[class-quadro] Quadroguard Melee"
    },
    "description": {
      "en_US": "The standard LQM Quadroguard melee attacks."
    },
    "icon": {
      "src": "media/gui/custom-skills/lqm-quadroguard.png"
    }
  },
  "csQuadroguardBaseRanged": {
    "list": [
      {
        "replaceTo": "CS_QUADROGUARD_THROW_CHARGED",
        "actionCheckKey": "THROW"
      },
      {
        "replaceTo": "CS_QUADROGUARD_THROW_CHARGED",
        "actionCheckKey": "THROW_CHARGED"
      },
      {
        "replaceTo": "CS_QUADROGUARD_THROW_CHARGED_REV",
        "actionCheckKey": "THROW_CHARGED_REV"
      },
      {
        "replaceTo": "CS_QUADROGUARD_THROW_NORMAL",
        "actionCheckKey": "THROW_NORMAL"
      },
      {
        "replaceTo": "CS_QUADROGUARD_THROW_NORMAL_REV",
        "actionCheckKey": "THROW_NORMAL_REV"
      }
    ],
    "element": "BASE",
    "activeCondition": "player.entity.name == 'Hexacast1' || player.entity.name == 'Hexacast2'",
    "name": {
      "en_US": "\\i[class-quadro] Quadroguard Ranged"
    },
    "description": {
      "en_US": "The standard Quadroguard ranged attacks."
    },
    "icon": {
      "src": "media/gui/custom-skills/lqm-quadroguard.png"
    }
  },
  "csQuadroguardBaseGuard": {
    "list": [
      {
        "replaceTo": "CS_QUADROGUARD_GUARD",
        "actionCheckKey": "GUARD"
      },
      {
        "replaceTo": "CS_QUADROGUARD_PERFECT_GUARD",
        "actionCheckKey": "PERFECT_GUARD"
      }
    ],
    "element": "BASE",
    "activeCondition": "player.entity.name == 'Hexacast1' || player.entity.name == 'Hexacast2'",
    "name": {
      "en_US": "\\i[class-quadro] Quadroguard Guard"
    },
    "description": {
      "en_US": "This guard is required to make use of some Quadroguard Combat Arts."
    },
    "icon": {
      "src": "media/gui/custom-skills/lqm-quadroguard.png"
    }
  },
  "csQuadroguardNeutralThrow1A": {
    "list": [
      {
        "replaceTo": "CS_QUADROGUARD_THROW_SPECIAL1_A",
        "actionCheckKey": "THROW_SPECIAL1"
      }
    ],
    "element": "NEUTRAL",
    "activeCondition": "player.entity.name == 'Hexacast1' || player.entity.name == 'Hexacast2'",
    "name": {
      "en_US": "\\i[class-quadro] Hammer Throw"
    },
    "description": {
      "en_US": "Throw a hammer that interracts with many other quadroguard mechanics or return it if already present."
    },
    "icon": {
      "src": "media/gui/circuit-icons.png",
      "offX": 0,
      "offY": 96
    }
  },
  "csQuadroguardNeutralThrow1B": {
    "list": [
      {
        "replaceTo": "CS_QUADROGUARD_THROW_SPECIAL1_B",
        "actionCheckKey": "THROW_SPECIAL1"
      }
    ],
    "element": "NEUTRAL",
    "activeCondition": "player.entity.name == 'Hexacast1' || player.entity.name == 'Hexacast2'",
    "name": {
      "en_US": "\\i[class-quadro] Cube Of Steel"
    },
    "description": {
          "en_US": "Throw a huge cube that travels a short distance while damaging all enemies in its path before disappering"
        },
    "icon": {
      "src": "media/gui/circuit-icons.png",
      "offX": 24,
      "offY": 96
    }
  },
  "csQuadroguardNeutralThrow2A": {
    "list": [
      {
        "replaceTo": "CS_QUADROGUARD_THROW_SPECIAL2_A",
        "actionCheckKey": "THROW_SPECIAL2"
      }
    ],
    "element": "NEUTRAL",
    "activeCondition": "player.entity.name == 'Hexacast1' || player.entity.name == 'Hexacast2'",
    "name": {
      "en_US": "\\i[class-quadro] Command: Attack"
    },
    "description": {
      "en_US": "Empower your hammer to aid you in combat."
    },
    "icon": {
      "src": "media/gui/circuit-icons.png",
      "offX": 48,
      "offY": 96
    }
  },
  "csQuadroguardShockGuard1A": {
    "list": [
      {
        "replaceTo": "CS_QUADROGUARD_GUARD_SPECIAL1_A",
        "actionCheckKey": "GUARD_SPECIAL1"
      }
    ],
    "element": "SHOCK",
    "activeCondition": "player.entity.name == 'Hexacast1' || player.entity.name == 'Hexacast2'",
    "name": {
      "en_US": "\\i[class-quadro] Protective Storm"
    },
    "description": {
      "en_US": "Empower your guard to rain lightning strikes while up, charging a time stop."
    },
    "icon": {
      "src": "media/gui/circuit-icons.png",
      "offX": 168,
      "offY": 264
    }
  },
}