{
"hammerNameThing": {
    "frequency": "ALWAYS",
    "repeat": "REPEAT",
    "condition": "plot.line >= 1",
    "eventType": "PARALLEL",
    "overrideSideMessage": false,
    "event": [
      {
          "entity": {
            "player": true
          },
          "action": [
            {
            "name": "hammerThrowName",
            "type": "SET_ATTRIB_STRING",
            "value": "Hammer Return"
           }
          ],
          "repeating": false,
          "wait": false,
          "keepState": false,
          "immediately": true,
          "type": "DO_ACTION"
        }
    ],
    "type": {
      "type": "MAP_ENTERED"
    }  
  },  
  "sidekick2-party-add": {
    "frequency": "ALWAYS",
    "repeat": "ONCE",
    "condition": "plot.line >= 3500",
    "eventType": "CUTSCENE",
    "overrideSideMessage": false,
    "event": [
      {
        "time": 0.2,
        "ignoreSlowDown": false,
        "type": "WAIT"
      },
      {
        "type": "START_PRIVATE_MSG"
      },
      {
        "side": "LEFT",
        "order": 0,
        "clearSide": false,
        "type": "ADD_MSG_PERSON",
        "person": {
          "person": "antagonists.sidekick",
          "expression": "DEFAULT"
        }
      },
      {
        "side": "RIGHT",
        "order": 0,
        "clearSide": false,
        "type": "ADD_MSG_PERSON",
        "person": {
          "person": "main.lea",
          "expression": "DEFAULT"
        }
      },
      {
        "message": {
          "en_US": "Hello little one!"
        },
        "autoContinue": false,
        "type": "SHOW_MSG",
        "person": {
          "person": "antagonists.sidekick",
          "expression": "SMILE"
        }
      },
      {
        "message": {
          "en_US": "Hi!?"
        },
        "autoContinue": false,
        "type": "SHOW_MSG",
        "person": {
          "person": "main.lea",
          "expression": "SURPRISED_TOWARD"
        }
      },
      {
        "message": {
          "en_US": "You're probably wondering why I contacted you out of the blue, right?"
        },
        "autoContinue": false,
        "type": "SHOW_MSG",
        "person": {
          "person": "antagonists.sidekick",
          "expression": "DEFAULT"
        }
      },
      {
        "message": {
          "en_US": "[nods]"
        },
        "autoContinue": false,
        "type": "SHOW_MSG",
        "person": {
          "person": "main.lea",
          "expression": "NOD"
        }
      },
      {
        "message": {
          "en_US": "As weird as it is, I stumbled upon a \\c[3]clone\\c[0] of myself and wanted to let you know, every now and then he would like to hang out as well."
        },
        "autoContinue": false,
        "type": "SHOW_MSG",
        "person": {
          "person": "antagonists.sidekick",
          "expression": "TOWARD"
        }
      },
      {
        "type": "REMOVE_MSG_PERSON",
        "person": "antagonists.sidekick"
      },
      {
        "message": {
          "en_US": "..?"
        },
        "autoContinue": false,
        "type": "SHOW_MSG",
        "person": {
          "person": "main.lea",
          "expression": "THINKING"
        }
      },
      {
        "side": "ALL",
        "type": "CLEAR_MSG"
      },
      {
        "skipSounds": false,
        "type": "END_PRIVATE_MSG"
      },
      {
        "type": "SET_CONTACT_TYPE",
        "member": "Joern2",
        "status": "FRIEND"
      },
      {
        "type": "SET_PARTY_MEMBER_LEVEL_VAR",
        "member": "Joern2",
        "level": {
          "varName": "player.level"
        },
        "updateEquipment": true
      },

      {
        "withElse": true,
        "type": "IF",
        "condition": "plot.line >= 44650",
        "thenStep": [
          {
            "type": "SET_PARTY_MEMBER_SP_LEVEL",
            "member": "Joern2",
            "level": 4
          }
        ],
        "elseStep": [
          {
            "withElse": true,
            "type": "IF",
            "condition": "plot.line >= 18650",
            "thenStep": [
              {
                "type": "SET_PARTY_MEMBER_SP_LEVEL",
                "member": "Joern2",
                "level": 3
              }
            ],
            "elseStep": [
              {
                "withElse": true,
                "type": "IF",
                "condition": "plot.line >= 6600",
                "thenStep": [
                  {
                    "type": "SET_PARTY_MEMBER_SP_LEVEL",
                    "member": "Joern2",
                    "level": 2
                  }
                ],
                "elseStep": [
                  {
                    "type": "SET_PARTY_MEMBER_SP_LEVEL",
                    "member": "Joern2",
                    "level": 1
                  }
                ]
              }
            ]
          }
        ]
      },
      {
        "type": "SET_PARTY_MEMBER_ALL_ELEMENTS",
        "member": "Joern2",
        "allElements": false
      }
    ],
    "type": {
      "type": "MAP_ENTERED"
    }  
  },
  "Joern2-join": {
    "frequency": "ALWAYS",
    "repeat": "REPEAT",
    "eventType": "PARALLEL",
    "overrideSideMessage": false,
    "event": [
      {
        "outgoing": true,
        "type": "RING_PRIVATE_MSG"
      },
      {
        "type": "START_PRIVATE_MSG"
      },
      {
        "side": "LEFT",
        "order": 0,
        "clearSide": false,
        "type": "ADD_MSG_PERSON",
        "person": {
          "person": "antagonists.sidekick2",
          "expression": "DEFAULT"
        }
      },
      {
        "side": "RIGHT",
        "order": 0,
        "clearSide": false,
        "type": "ADD_MSG_PERSON",
        "person": {
          "person": "main.lea",
          "expression": "DEFAULT"
        }
      },
      {
        "withElse": false,
        "type": "IF",
        "condition": "party.alive.Emilie",
        "thenStep": [
          {
            "side": "RIGHT",
            "order": 1,
            "clearSide": false,
            "type": "ADD_MSG_PERSON",
            "person": {
              "person": "main.emilie",
              "expression": "DEFAULT"
            }
          },
          {
            "type": "SELECT_RANDOM",
            "options": [
              {
                "0": " ",
                "count": 2,
                "weight": 1
              }
            ],
            "0_0": [
              {
                "type": "SET_MSG_EXPRESSION",
                "person": {
                  "person": "main.emilie",
                  "expression": "CURIOUS"
                }
              },
              {
                "message": {
                  "en_US": "Yeah I would love to join"
                },
                "autoContinue": false,
                "type": "SHOW_MSG",
                "person": {
                  "person": "antagonists.sidekick2",
                  "expression": "DEFAULT"
                }
              },
              {
                "message": {
                  "en_US": "Nice! And that makes the party full and ready for a punch-out!"
                },
                "autoContinue": false,
                "type": "SHOW_MSG",
                "person": {
                  "person": "main.emilie",
                  "expression": "SMILE"
                }
              },
              {
                "message": {
                  "en_US": "..."
                },
                "autoContinue": false,
                "type": "SHOW_MSG",
                "person": {
                  "person": "main.lea",
                  "expression": "SMILE"
                }
              }
            ],
            "0_1": [
              {
                "message": {
                  "en_US": "More allies mean more threat for me to protect, I am coming."
                },
                "autoContinue": false,
                "type": "SHOW_MSG",
                "person": {
                  "person": "antagonists.sidekick2",
                  "expression": "DEFAULT"
                }
              },
              {
                "message": {
                  "en_US": "Oui! As if you can do that before I defeat them all."
                },
                "autoContinue": false,
                "type": "SHOW_MSG",
                "person": {
                  "person": "main.emilie",
                  "expression": "WATCH_OUT_BADASS"
                }
              },
              {
                "message": {
                  "en_US": "Remind me which class has the lowest base defense again then."
                },
                "autoContinue": false,
                "type": "SHOW_MSG",
                "person": {
                  "person": "antagonists.sidekick2",
                  "expression": "DEFAULT"
                }
              },
              {
                "message": {
                  "en_US": "..."
                },
                "autoContinue": false,
                "type": "SHOW_MSG",
                "person": {
                  "person": "main.lea",
                  "expression": "ANNOYED"
                }
              }  
            ]
          },
          {
            "name": "end",
            "type": "GOTO_LABEL"
          }
        ]
      },
      {
        "type": "SELECT_RANDOM",
        "options": [
          {
            "0": " ",
            "count": 2,
            "weight": 1
          }
        ],
        "0_0": [
          {
            "message": {
              "en_US": "More allies mean more threat for me to protect, I am coming."
            },
            "autoContinue": false,
            "type": "SHOW_MSG",
            "person": {
              "person": "antagonists.sidekick2",
              "expression": "DEFAULT"
            }
          }
        ],
        "0_1": [
          {
            "message": {
              "en_US": "Yeah I would love to join"
            },
            "autoContinue": false,
            "type": "SHOW_MSG",
            "person": {
              "person": "antagonists.sidekick2",
              "expression": "SMILE"
            }
          }
        ]
      },
      {
        "name": "end",
        "type": "LABEL"
      },
      {
        "member": "Joern2",
        "skipEffect": false,
        "temporary": false,
        "type": "ADD_PARTY_MEMBER"
      },
      {
        "skipSounds": false,
        "type": "END_PRIVATE_MSG"
      }
    ],
    "loopCount": 1,
    "type": {
      "member": "Joern2",
      "actionType": "PARTY_JOIN",
      "type": "SOCIAL_ACTION"
    }
  },
  "Joern2-remove": {
            "frequency": "ALWAYS",
            "repeat": "REPEAT",
            "eventType": "PARALLEL",
            "overrideSideMessage": false,
            "event":
            [
                {
                    "outgoing": true,
                    "type": "RING_PRIVATE_MSG"
                },
                {
                    "type": "START_PRIVATE_MSG"
                },
                {
                    "side": "LEFT",
                    "order": 0,
                    "clearSide": false,
                    "type": "ADD_MSG_PERSON",
                    "person":
                    {
                        "person": "antagonists.sidekick2",
                        "expression": "DEFAULT"
                    }
                },
                {
                    "side": "RIGHT",
                    "order": 0,
                    "clearSide": false,
                    "type": "ADD_MSG_PERSON",
                    "person":
                    {
                        "person": "main.lea",
                        "expression": "DEFAULT"
                    }
                },
                {
                    "type": "SELECT_RANDOM",
                    "options":
                    [
                        {
                            "0": " ",
                            "count": 2,
                            "weight": 1
                        }
                    ],
                    "0_0":
                    [
                        {
                            "message":
                            {
                                "en_US": "That was fun, I'll be ready if you need me once again."
                            },
                            "autoContinue": false,
                            "type": "SHOW_MSG",
                            "person":
                            {
                                "person": "antagonists.sidekick2",
                                "expression": "SMILE"
                            }
                        }
                    ],
                    "0_1":
                    [
                        {
                            "message":
                            {
                                "en_US": "I'll be going now, though it is sad this session has come to an end."
                            },
                            "autoContinue": false,
                            "type": "SHOW_MSG",
                            "person":
                            {
                                "person": "antagonists.sidekick2",
                                "expression": "DEFAULT"
                            }
                        }
                    ]
                },
                {
                    "member": "Joern2",
                    "skipEffect": false,
                    "type": "REMOVE_PARTY_MEMBER"
                },
                {
                    "skipSounds": false,
                    "type": "END_PRIVATE_MSG"
                }
            ],
            "loopCount": 1,
            "type":
            {
                "member": "Joern2",
                "actionType": "PARTY_LEAVE",
                "type": "SOCIAL_ACTION"
            }
          },
  "Joern2-contact": {
            "frequency": "ALWAYS",
            "repeat": "REPEAT",
            "eventType": "PARALLEL",
            "overrideSideMessage": false,
            "event":
            [
  
                {
                    "outgoing": true,
                    "type": "RING_PRIVATE_MSG"
                },
                {
                    "type": "START_PRIVATE_MSG"
                },
                {
                    "side": "LEFT",
                    "order": 0,
                    "clearSide": false,
                    "type": "ADD_MSG_PERSON",
                    "person":
                    {
                        "person": "antagonists.sidekick2",
                        "expression": "DEFAULT"
                    }
                },
                {
                    "side": "RIGHT",
                    "order": 0,
                    "clearSide": false,
                    "type": "ADD_MSG_PERSON",
                    "person":
                    {
                        "person": "main.lea",
                        "expression": "DEFAULT"
                    }
                },
                
                        {
                            "message":
                            {
                                "en_US": "Hi!"
                            },
                            "autoContinue": false,
                            "type": "SHOW_MSG",
                            "person":
                            {
                                "person": "main.lea",
                                "expression": "EXCITED"
                            }
                        },
                        {
                            "message":
                            {
                                "en_US": "The Baguette you are trying to contact right now cannot be reached, if you would like to leave a voice messege, please dial 5 and wait for the signal sound before doing so."
                            },
                            "autoContinue": false,
                            "type": "SHOW_MSG",
                            "person":
                            {
                                "person": "antagonists.sidekick2",
                                "expression": "DEFAULT"
                            }
                        },
                        {
                            "message":
                            {
                                "en_US": "..."
                            },
                            "autoContinue": false,
                            "type": "SHOW_MSG",
                            "person":
                            {
                                "person": "main.lea",
                                "expression": "ANNOYED"
                            }
                        },
                    {
                      "skipSounds": false,
                    "type": "END_PRIVATE_MSG"
                  }
                  ],
            "loopCount": 1,
            "type":
            {
                "member": "Joern2",
                "actionType": "CONTACT",
                "type": "SOCIAL_ACTION"
              }
        },
  "Joern2-SP-2": {
    "frequency": "ALWAYS",
    "repeat": "ONCE",
    "condition": "plot.line >= 6600 && plot.line < 18650",
    "eventType": "PARALLEL",
    "overrideSideMessage": false,
    "event": [
      {
        "type": "SET_PARTY_MEMBER_SP_LEVEL",
        "member": "Joern2",
        "level": 2
      }
    ],
    "type": {
      "type": "MAP_ENTERED"
    }
  },
  "Joern2-SP-3": {
    "frequency": "ALWAYS",
    "repeat": "ONCE",
    "condition": "plot.line >= 18650 && plot.line < 44650",
    "eventType": "PARALLEL",
    "overrideSideMessage": false,
    "event": [
      {
        "type": "SET_PARTY_MEMBER_SP_LEVEL",
        "member": "Joern2",
        "level": 3
      }
    ],
    "type": {
      "type": "MAP_ENTERED"
    }
  },
  "Joern2-SP-4": {
    "frequency": "ALWAYS",
    "repeat": "ONCE",
    "condition": "plot.line >= 44650",
    "eventType": "PARALLEL",
    "overrideSideMessage": false,
    "event": [
      {
        "type": "SET_PARTY_MEMBER_SP_LEVEL",
        "member": "Joern2",
        "level": 4
      }
    ],
    "type": {
      "type": "MAP_ENTERED"
    }
  },
  "Joern2-lv-22": {
    "frequency": "ALWAYS",
    "repeat": "ONCE",
    "condition": "plot.line >= 4310 && plot.line < 6900",
    "eventType": "PARALLEL",
    "overrideSideMessage": false,
    "event": [
      {
        "type": "SET_PARTY_MEMBER_LEVEL",
        "member": "Joern2",
        "level": 22,
        "updateEquipment": true
      }
    ],
    "type": {
      "type": "MAP_ENTERED"
    }
  },
  "Joern2-lv-33": {
    "frequency": "ALWAYS",
    "repeat": "ONCE",
    "condition": "plot.line >= 6900 && plot.line < 17200",
    "eventType": "PARALLEL",
    "overrideSideMessage": false,
    "event": [
      {
        "type": "SET_PARTY_MEMBER_LEVEL",
        "member": "Joern2",
        "level": 33,
        "updateEquipment": true
      }
    ],
    "type": {
      "type": "MAP_ENTERED"
    }
  },
  "Joern2-lv-40": {
    "frequency": "ALWAYS",
    "repeat": "ONCE",
    "condition": "plot.line >= 17200 && plot.line < 18000",
    "eventType": "PARALLEL",
    "overrideSideMessage": false,
    "event": [
      {
        "type": "SET_PARTY_MEMBER_LEVEL",
        "member": "Joern2",
        "level": 40,
        "updateEquipment": true
      }
    ],
    "type": {
      "type": "MAP_ENTERED"
    }
  },
  "Joern2-lv-43": {
    "frequency": "ALWAYS",
    "repeat": "ONCE",
    "condition": "plot.line >= 18000 && plot.line < 18800",
    "eventType": "PARALLEL",
    "overrideSideMessage": false,
    "event": [
      {
        "type": "SET_PARTY_MEMBER_LEVEL",
        "member": "Joern2",
        "level": 43,
        "updateEquipment": true
      }
    ],
    "type": {
      "type": "MAP_ENTERED"
    }
  },
  "Joern2-lv-47": {
    "frequency": "ALWAYS",
    "repeat": "ONCE",
    "condition": "plot.line >= 18800 && plot.line < 21300",
    "eventType": "PARALLEL",
    "overrideSideMessage": false,
    "event": [
      {
        "type": "SET_PARTY_MEMBER_LEVEL",
        "member": "Joern2",
        "level": 47,
        "updateEquipment": true
      }
    ],
    "type": {
      "type": "MAP_ENTERED"
    }
  },
  "Joern2-lv-53": {
    "frequency": "ALWAYS",
    "repeat": "ONCE",
    "condition": "plot.line >= 21300 && plot.line < 25400",
    "eventType": "PARALLEL",
    "overrideSideMessage": false,
    "event": [
      {
        "type": "SET_PARTY_MEMBER_LEVEL",
        "member": "Joern2",
        "level": 53,
        "updateEquipment": true
      }
    ],
    "type": {
      "type": "MAP_ENTERED"
    }
  },
  "Joern2-lv-57": {
    "frequency": "ALWAYS",
    "repeat": "ONCE",
    "condition": "plot.line >= 25400 && plot.line < 40100",
    "eventType": "PARALLEL",
    "overrideSideMessage": false,
    "event": [
      {
        "type": "SET_PARTY_MEMBER_LEVEL",
        "member": "Joern2",
        "level": 57,
        "updateEquipment": true
      }
    ],
    "type": {
      "type": "MAP_ENTERED"
    }
  },
  "Joern2-lv-63": {
    "frequency": "ALWAYS",
    "repeat": "ONCE",
    "condition": "plot.line >= 40100 && plot.line < 46000",
    "eventType": "PARALLEL",
    "overrideSideMessage": false,
    "event": [
      {
        "type": "SET_PARTY_MEMBER_LEVEL",
        "member": "Joern2",
        "level": 63,
        "updateEquipment": true
      }
    ],
    "type": {
      "type": "MAP_ENTERED"
    }
  },
  "Joern2-lv-69": {
    "frequency": "ALWAYS",
    "repeat": "ONCE",
    "condition": "plot.line >= 46000 && plot.line < 48000",
    "eventType": "PARALLEL",
    "overrideSideMessage": false,
    "event": [
      {
        "type": "SET_PARTY_MEMBER_LEVEL",
        "member": "Joern2",
        "level": 69,
        "updateEquipment": true
      }
    ],
    "type": {
      "type": "MAP_ENTERED"
    }
  }
}