{
  "tutorial-hammer-mechanic":
        {
            "frequency": "ALWAYS",
            "repeat": "ONCE",
            "condition": "player.artLevel.THROW >= 1 && player.artLevel.GUARD >= 1 && joern2.active && !option.skip-tutorials",
            "eventType": "CUTSCENE",
            "overrideSideMessage": false,
            "event":
            [
                {
                    "entity":
                    {
                        "player": true
                    },
                    "offsetX": 0,
                    "offsetY": 0,
                    "speed": "FAST",
                    "transition": "EASE_IN_OUT",
                    "wait": true,
                    "waitSkip": 0,
                    "zoom": 1,
                    "type": "SET_CAMERA_TARGET"
                },
                {
                    "msgType": "TUTORIAL",
                    "title":
                    {
                        "en_US": "The Hammer",
                        "de_DE": "Wurfkünste",
                        "zh_CN": "投掷战技",
                        "ja_JP": "スローアーツ",
                        "ko_KR": "던지기 기술",
                        "langUid": 3308,
                        "zh_TW": "投擲戰技"
                    },
                    "content":
                    {
                        "en_US": "Learn how to use \\c[3]The Hammer\\c[0], a combat mechanic unique to \\c[3]Quadroguards\\c[0].",
                        "de_DE": "Lerne, wie man \\c[3]Wurfkünste\\c[0] im Kampf einsetzt.",
                        "zh_CN": "在战斗中学习如何使用\\c[3]投掷战技\\c[0]。",
                        "ja_JP": "\\c[3]スローアーツ\\c[0]の使用方法です。",
                        "ko_KR": "전투에서 \\c[3]던지기 기술\\c[0]을 어떻게 사용하는지 알아보세요.",
                        "langUid": 3309,
                        "zh_TW": "在戰鬥中學習如何使用\\c[3]投擲戰技\\c[0]。"
                    },
                    "image": "media/tutorials/arts-throw-hammer.png",
                    "type": "SHOW_TUTORIAL_START",
                    "acceptStep":
                    [
                        {
                            "artType": "THROW",
                            "level": 1,
                            "skipEffect": false,
                            "type": "SWITCH_TO_ELEMENT_WITH_COMBAT_ART"
                        },
                        {
                            "name": "tutorialStart",
                            "type": "LABEL"
                        },
                        {
                            "target":
                            {
                                "player": true
                            },
                            "sp": 0.25,
                            "type": "RESET_SP"
                        },
                        {
                            "entity":
                            {
                                "player": true
                            },
                            "action":
                            [
                                {
                                    "face": "SOUTH",
                                    "rotate": true,
                                    "rotateSpeed": 3,
                                    "type": "SET_FACE"
                                }
                            ],
                            "repeating": false,
                            "wait": false,
                            "keepState": false,
                            "immediately": false,
                            "type": "DO_ACTION"
                        },
                        {
                            "type": "START_AUTO_CTRL"
                        },
                        {
                            "ignoreSlowDown": false,
                            "type": "WAIT",
                            "time": 0.5
                        },
                        {
                            "text":
                            {
                                "en_US": "Start by \\c[0]using the combat art: Hammer Throw\\c[0] at your enemy.",
                                "de_DE": "Beginne, indem du auf einen Gegner \\c[3]zielst\\c[0].",
                                "fr_FR": "fr_FR",
                                "langUid": 3310,
                                "zh_CN": "先\\c[0]瞄准\\c[0]你的敌人。",
                                "ja_JP": "まずは敵に\\c[0]狙いをつけましょう\\c[0]。",
                                "ko_KR": "먼저 적을 \\c[3]조준\\c[0]합니다.",
                                "zh_TW": "先\\c[0]瞄準\\c[0]你的敵人。"
                            },
                            "targetType": "PLAYER",
                            "size":
                            {
                                "x": 64,
                                "y": 64
                            },
                            "stopTime": true,
                            "type": "SHOW_TUTORIAL_PLAYER_MSG"
                        },
                        {
                            "pos":
                            {
                                "x": 474,
                                "y": 266
                            },
                            "duration": 0,
                            "type": "SET_AUTO_CTRL_MOUSE"
                        },
                        {
                            "stick": "right",
                            "value":
                            {
                                "x": 0.8,
                                "y": 0.4
                            },
                            "duration": 0,
                            "type": "SET_AUTO_CTRL_STICK"
                        },
                        {
                            "ignoreSlowDown": false,
                            "type": "WAIT",
                            "time": 0.1
                        },
                        {
                            "action": "aiming",
                            "value": 1,
                            "hold": true,
                            "deviceFilter": "",
                            "type": "SET_AUTO_CTRL_ACTION"
                        },
                        {
                            "ignoreSlowDown": true,
                            "type": "WAIT",
                            "time": 0.8
                        },
                        
                        {
                            "action": "charge",
                            "value": 1,
                            "hold": true,
                            "deviceFilter": "",
                            "type": "SET_AUTO_CTRL_ACTION"
                        },
                        {
                            "ignoreSlowDown": true,
                            "type": "WAIT",
                            "time": 0.4
                        },
                        
                        {
                            "pos":
                            {
                                "x": 476,
                                "y": 131
                            },
                            "duration": 0.3,
                            "type": "SET_AUTO_CTRL_MOUSE"
                        },
                        {
                            "stick": "right",
                            "value":
                            {
                                "x": 0.9,
                                "y": -0.2
                            },
                            "duration": 0,
                            "type": "SET_AUTO_CTRL_STICK"
                        },
                        {
                            "ignoreSlowDown": true,
                            "type": "WAIT",
                            "time": 0.6
                        },
                        
                        {
                            "ignoreSlowDown": true,
                            "type": "WAIT",
                            "time": 0.3
                        },
                        {
                            "action": "charge",
                            "deviceFilter": "",
                            "type": "CLEAR_AUTO_CTRL_ACTION"
                        },
                        {
                            "ignoreSlowDown": true,
                            "type": "WAIT",
                            "time": 0.8
                        },
                        {
                            "entity":
                            {
                                "player": true
                            },
                            "type": "WAIT_UNTIL_ACTION_DONE"
                        },
                        {
                            "text":
                            {
                                "en_US": "Now that your \\c[3]Hammer\\c[0] is out some of your combat arts have their properties changed accordingly.",
                                "de_DE": "Beginne, indem du auf einen Gegner \\c[3]zielst\\c[0].",
                                "fr_FR": "fr_FR",
                                "langUid": 3310,
                                "zh_CN": "先\\c[0]瞄准\\c[0]你的敌人。",
                                "ja_JP": "まずは敵に\\c[0]狙いをつけましょう\\c[0]。",
                                "ko_KR": "먼저 적을 \\c[3]조준\\c[0]합니다.",
                                "zh_TW": "先\\c[0]瞄準\\c[0]你的敵人。"
                            },
                            "targetType": "PLAYER",
                            "size":
                            {
                                "x": 64,
                                "y": 64
                            },
                            "stopTime": true,
                            "type": "SHOW_TUTORIAL_PLAYER_MSG"
                        },
                        {
                            "text":
                            {
                                "en_US": "Let's take \\c[3]Gravity Pull\\c[0]/\\c[2]Gravity Explosion\\c[0] for example.",
                                "de_DE": "Beginne, indem du auf einen Gegner \\c[3]zielst\\c[0].",
                                "fr_FR": "fr_FR",
                                "langUid": 3310,
                                "zh_CN": "先\\c[0]瞄准\\c[0]你的敌人。",
                                "ja_JP": "まずは敵に\\c[0]狙いをつけましょう\\c[0]。",
                                "ko_KR": "먼저 적을 \\c[3]조준\\c[0]합니다.",
                                "zh_TW": "先\\c[0]瞄準\\c[0]你的敵人。"
                            },
                            "targetType": "PLAYER",
                            "size":
                            {
                                "x": 64,
                                "y": 64
                            },
                            "stopTime": true,
                            "type": "SHOW_TUTORIAL_PLAYER_MSG"
                        },
                        {
                            "text":
                            {
                                "en_US": "This is a single Combat Art that changes depending on your hammer.",
                                "de_DE": "Beginne, indem du auf einen Gegner \\c[3]zielst\\c[0].",
                                "fr_FR": "fr_FR",
                                "langUid": 3310,
                                "zh_CN": "先\\c[0]瞄准\\c[0]你的敌人。",
                                "ja_JP": "まずは敵に\\c[0]狙いをつけましょう\\c[0]。",
                                "ko_KR": "먼저 적을 \\c[3]조준\\c[0]합니다.",
                                "zh_TW": "先\\c[0]瞄準\\c[0]你的敵人。"
                            },
                            "targetType": "PLAYER",
                            "size":
                            {
                                "x": 64,
                                "y": 64
                            },
                            "stopTime": true,
                            "type": "SHOW_TUTORIAL_PLAYER_MSG"
                        },
                        {
                            "artType": "GUARD",
                            "level": 1,
                            "skipEffect": false,
                            "type": "SWITCH_TO_ELEMENT_WITH_COMBAT_ART"
                        },
                        {
                            "action": "guarding",
                            "value": 1,
                            "hold": true,
                            "deviceFilter": "",
                            "type": "SET_AUTO_CTRL_ACTION"
                        },
                        {
                            "target":
                            {
                                "player": true
                            },
                            "sp": 0.25,
                            "type": "RESET_SP"
                        },
                        {
                            "action": "charge",
                            "value": 1,
                            "hold": true,
                            "deviceFilter": "",
                            "type": "SET_AUTO_CTRL_ACTION"
                        },
                        {
                            "ignoreSlowDown": true,
                            "type": "WAIT",
                            "time": 0.7
                        },
                        {
                            "ignoreSlowDown": true,
                            "type": "WAIT",
                            "time": 0.2
                        },
                        {
                            "action": "charge",
                            "deviceFilter": "",
                            "type": "CLEAR_AUTO_CTRL_ACTION"
                        },
                        {
                            "ignoreSlowDown": true,
                            "type": "WAIT",
                            "time": 0.2
                        },
                        {
                            "entity":
                            {
                                "player": true
                            },
                            "type": "WAIT_UNTIL_ACTION_DONE"
                        },
                        {
                            "text":
                            {
                                "en_US": "Normally, \\c[3]Gravity Pull\\c[0] is used on Joern but since \\c[3]The Hammer\\c[0] is out, hence active \\c[3]Gravity Explosion\\c[0] is used instead.",
                                "de_DE": "Beginne, indem du auf einen Gegner \\c[3]zielst\\c[0].",
                                "fr_FR": "fr_FR",
                                "langUid": 3310,
                                "zh_CN": "先\\c[0]瞄准\\c[0]你的敌人。",
                                "ja_JP": "まずは敵に\\c[0]狙いをつけましょう\\c[0]。",
                                "ko_KR": "먼저 적을 \\c[3]조준\\c[0]합니다.",
                                "zh_TW": "先\\c[0]瞄準\\c[0]你的敵人。"
                            },
                            "targetType": "PLAYER",
                            "size":
                            {
                                "x": 64,
                                "y": 64
                            },
                            "stopTime": true,
                            "type": "SHOW_TUTORIAL_PLAYER_MSG"
                        },
                        {
                            "text":
                            {
                                "en_US": "There are and will be more interractions to discover and find more of.",
                                "de_DE": "Beginne, indem du auf einen Gegner \\c[3]zielst\\c[0].",
                                "fr_FR": "fr_FR",
                                "langUid": 3310,
                                "zh_CN": "先\\c[0]瞄准\\c[0]你的敌人。",
                                "ja_JP": "まずは敵に\\c[0]狙いをつけましょう\\c[0]。",
                                "ko_KR": "먼저 적을 \\c[3]조준\\c[0]합니다.",
                                "zh_TW": "先\\c[0]瞄準\\c[0]你的敵人。"
                            },
                            "targetType": "PLAYER",
                            "size":
                            {
                                "x": 64,
                                "y": 64
                            },
                            "stopTime": true,
                            "type": "SHOW_TUTORIAL_PLAYER_MSG"
                        },
                        {
                            "text":
                            {
                                "en_US": "Adopt your playstyle to a new one and hone your skill. Good luck on your path to becoming a true \\c[3]Quadroguard\\c[0]!",
                                "de_DE": "Beginne, indem du auf einen Gegner \\c[3]zielst\\c[0].",
                                "fr_FR": "fr_FR",
                                "langUid": 3310,
                                "zh_CN": "先\\c[0]瞄准\\c[0]你的敌人。",
                                "ja_JP": "まずは敵に\\c[0]狙いをつけましょう\\c[0]。",
                                "ko_KR": "먼저 적을 \\c[3]조준\\c[0]합니다.",
                                "zh_TW": "先\\c[0]瞄準\\c[0]你的敵人。"
                            },
                            "targetType": "PLAYER",
                            "size":
                            {
                                "x": 64,
                                "y": 64
                            },
                            "stopTime": true,
                            "type": "SHOW_TUTORIAL_PLAYER_MSG"
                        },
                        {
                            "type": "END_AUTO_CTRL"
                        },
                        {
                            "ignoreSlowDown": false,
                            "type": "WAIT",
                            "time": 0.2
                        },
                        {
                            "0":
                            [
                                {
                                    "name": "tutorialStart",
                                    "type": "GOTO_LABEL"
                                }
                            ],
                            "1":
                            [],
                            "text":
                            {
                                "en_US": "Repeat?",
                                "de_DE": "Wiederholen?",
                                "fr_FR": "fr_FR",
                                "langUid": 3314,
                                "zh_CN": "要再说一次吗",
                                "ja_JP": "繰り返しますか？",
                                "ko_KR": "다시 보시겠습니까?",
                                "zh_TW": "要再說一次嗎"
                            },
                            "type": "SHOW_MODAL_CHOICE",
                            "options":
                            [
                                {
                                    "0": " ",
                                    "label":
                                    {
                                        "en_US": "Yes",
                                        "de_DE": "Ja",
                                        "fr_FR": "fr_FR",
                                        "langUid": 3315,
                                        "zh_CN": "是",
                                        "ja_JP": "はい",
                                        "ko_KR": "예",
                                        "zh_TW": "是"
                                    }
                                },
                                {
                                    "0": " ",
                                    "label":
                                    {
                                        "en_US": "No",
                                        "de_DE": "Nein",
                                        "fr_FR": "fr_FR",
                                        "langUid": 3316,
                                        "zh_CN": "否",
                                        "ja_JP": "いいえ",
                                        "ko_KR": "아니요",
                                        "zh_TW": "否"
                                    }
                                }
                            ]
                        }
                    ],
                    "cancelStep":
                    []
                },
                {
                    "commonEventType": "MENU_LEAVE",
                    "type": "TRIGGER_COMMON_EVENTS"
                }
            ],
            "loopCount": 1,
            "type":
            {
                "type": "MENU_LEAVE"
            }
        }
}