{
  "DOCTYPE": "MULTI_DIR_ANIMATION",
  "namedSheets": {
    "walk": {
      "src": "media/entity/npc/enhe-move.png",
      "xCount": 11,
      "offX": 0,
      "offY": 0,
      "width": 32,
      "height": 40
    },
    "combat": {
      "src": "media/entity/npc/hexsummoner.png",
      "xCount": 8,
      "offX": 32,
      "offY": 400,
      "width": 32,
      "height": 40
    },
    "combat-enhe": {
      "src": "media/entity/npc/hexsummoner.png",
      "xCount": 16,
      "offX": 32,
      "offY": 400,
      "width": 32,
      "height": 40
    },
    "coolCharge": {
      "src": "media/entity/npc/hexsummoner.png",
      "xCount": 7,
      "offX": 552,
      "offY": 230,
      "width": 46,
      "height": 46
    },
    "preAiming": {
      "src": "media/entity/npc/hexsummoner.png",
      "xCount": 7,
      "offX": 608,
      "offY": 40,
      "width": 38,
      "height": 40
    },
    "aiming": {
      "src": "media/entity/npc/hexsummoner.png",
      "xCount": 12,
      "offX": 96,
      "offY": 200,
      "width": 32,
      "height": 40
    },
    "attack": {
      "src": "media/entity/npc/hexsummoner.png",
      "xCount": 6,
      "offX": 352,
      "offY": 0,
      "width": 32,
      "height": 40
    },
    "posesSit": {
      "src": "media/entity/npc/hexsummoner.png",
      "xCount": 3,
      "offX": 0,
      "offY": 400,
      "width": 32,
      "height": 40
    },
    "posesGround": {
      "src": "media/entity/npc/hexsummoner.png",
      "xCount": 3,
      "offX": 0,
      "offY": 360,
      "width": 32,
      "height": 40
    },
    "spin": {
      "src": "media/entity/npc/hexsummoner.png",
      "xCount": 3,
      "offX": 0,
      "offY": 280,
      "width": 32,
      "height": 40
    },
    "pir-spin": {
      "src": "media/entity/npc/enhe-spin.png",
      "xCount": 3,
      "offX": 0,
      "offY": 0,
      "width": 32,
      "height": 40
    },
    "staffAttack": {
      "src": "media/entity/npc/enhe-spin.png",
      "xCount": 6,
      "offX": 138,
      "offY": 0,
      "width": 46,
      "height": 42
    },
    "spinEyes": {
      "src": "media/entity/npc/hexsummoner.png",
      "xCount": 3,
      "offX": 0,
      "offY": 200,
      "width": 32,
      "height": 40
    },
    "eating": {
      "src": "media/entity/npc/hexsummoner.png",
      "xCount": 14,
      "offX": 0,
      "offY": 520,
      "width": 32,
      "height": 40
    },
    "level": {
      "src": "media/entity/npc/hexsummoner.png",
      "xCount": 14,
      "offX": 0,
      "offY": 560,
      "width": 32,
      "height": 40
    },
    "hovering": {
      "src": "media/entity/npc/hexsummoner.png",
      "xCount": 3,
      "offX": 352,
      "offY": 800,
      "width": 32,
      "height": 40
    },
    "crateChest": {
      "src": "media/entity/npc/hexsummoner.png",
      "xCount": 11,
      "offX": 0,
      "offY": 800,
      "width": 32,
      "height": 40
    },
    "additional": {
      "src": "media/entity/npc/hexsummoner.png",
      "xCount": 3,
      "offX": 0,
      "offY": 640,
      "width": 32,
      "height": 40
    },
    "sweeps": {
      "src": "media/entity/npc/hexsummoner-sweeps.png",
      "xCount": 12,
      "offX": 0,
      "offY": 0,
      "width": 32,
      "height": 40
    },
    "dashSpin": {
      "src": "media/entity/npc/hexsummoner-sweeps.png",
      "xCount": 1,
      "offX": 0,
      "offY": 0,
      "width": 32,
      "height": 40
    },
    "dashSpinRev": {
      "src": "media/entity/npc/hexsummoner-sweeps.png",
      "xCount": 1,
      "offX": 0,
      "offY": 0,
      "width": 32,
      "height": 40
    },
    "shuffle": {
      "src": "media/entity/npc/hexsummoner.png",
      "xCount": 18,
      "offX": 0,
      "offY": 920,
      "width": 32,
      "height": 40
    },
    "floatEC": {
      "src": "media/entity/npc/hexsummoner.png",
      "xCount": 3,
      "offX": 288,
      "offY": 480,
      "width": 32,
      "height": 40
    }
  },
  "offset": {
    "x": 0,
    "y": -4,
    "z": 0
  },
  "shapeType": "Y_FLAT",
  "SUB": [
    {
      "sheet": "walk",
      "dirs": "8",
      "flipX": [
        0,
        0,
        0,
        0,
        0,
        1,
        1,
        1
      ],
      "SUB": [
        {
          "tileOffsets": [
            0,
            11,
            22,
            33,
            44,
            33,
            22,
            11
          ],
          "SUB": [
            {
              "name": "idle",
              "time": 1,
              "repeat": false,
              "frames": [
                1
              ]
            },
            {
              "name": "brake",
              "time": 1,
              "repeat": false,
              "frames": [
                1
              ]
            },
            {
              "name": "preIdle",
              "time": 1,
              "repeat": false,
              "frames": [
                1
              ]
            },
            {
              "name": "walk",
              "time": 0.133,
              "repeat": true,
              "frames": [
                0,
                1,
                2,
                1
              ]
            },
            {
              "name": "run",
              "time": 0.086,
              "repeat": true,
              "frames": [
                3,
                4,
                5,
                6,
                7,
                8,
                9,
                10
              ]
            },
            {
              "name": "jump",
              "time": 0.0666,
              "repeat": true,
              "frames": [
                9
              ]
            },
            {
              "name": "fall",
              "time": 0.0666,
              "repeat": true,
              "frames": [
                10
              ]
            }
          ]
        }
      ]
    },
    {
      "sheet": "combat",
      "dirs": "6",
      "flipX": [
        0,
        0,
        0,
        1,
        1,
        1
      ],
      "tileOffsets": [
        0,
        8,
        16,
        16,
        8,
        0
      ],
      "SUB": [
        {
          "name": "damage",
          "time": 0.05,
          "repeat": true,
          "frames": [
            0,
            0
          ],
          "framesGfxOffset": [
            1,
            0,
            0,
            0
          ]
        },
        {
          "name": "charge",
          "time": 0.1,
          "repeat": false,
          "frames": [
            1
          ]
        },
        {
          "name": "specialShoot",
          "time": 0.066,
          "repeat": false,
          "frames": [
            2
          ]
        },
        {
          "name": "specialLoop",
          "time": 0.066,
          "repeat": true,
          "frames": [
            3,
            4,
            5
          ]
        },
        {
          "name": "postShoot",
          "time": 0.05,
          "repeat": false,
          "frames": [
            6,
            7
          ]
        },
        {
          "name": "postShootSlow",
          "time": 0.075,
          "repeat": false,
          "frames": [
            6,
            7
          ]
        }
      ]
    },
    {
      "sheet": "combat-enhe",
      "dirs": "6",
      "flipX": [
        0,
        0,
        0,
        1,
        1,
        1
      ],
      "tileOffsets": [
        0,
        16,
        32,
        32,
        16,
        0
      ],
      "SUB": [
        {
          "name": "shootLoop",
          "time": 0.066,
          "repeat": true,
          "frames": [
            3,
            4,
            5
          ]
        },
        {
          "name": "shootLoop",
          "time": 0.066,
          "repeat": true,
          "frames": [
            3,
            4,
            5
          ]
        },
        {
          "name": "magic5Pose",
          "time": 0.1,
          "repeat": false,
          "frames": [
            8,
            9
          ]
        },
        {
          "name": "magic5PoseEnd",
          "time": 0.1,
          "repeat": false,
          "frames": [
            10
          ]
        },
        {
          "name": "staffSlamPre",
          "time": 0.1,
          "repeat": false,
          "frames": [
            11
          ]
        },
        {
          "name": "staffSlam",
          "time": 0.1,
          "repeat": false,
          "frames": [
            12,
            13,
            14,
            15
          ]
        }
      ]
    },
    {
      "sheet": "coolCharge",
      "dirs": "6",
      "flipX": [
        0,
        0,
        0,
        1,
        1,
        1
      ],
      "SUB": [
        {
          "tileOffsets": [
            0,
            7,
            14,
            14,
            7,
            0
          ],
          "SUB": [
            {
              "name": "preCharge",
              "time": 0.1,
              "repeat": false,
              "frames": [
                0,
                1,
                2,
                3
              ]
            },
            {
              "name": "chargeLoop",
              "time": 0.1,
              "repeat": true,
              "frames": [
                4,
                5,
                6
              ]
            }
          ]
        }
      ]
    },
    {
      "sheet": "preAiming",
      "dirs": "6",
      "flipX": [
        0,
        0,
        0,
        1,
        1,
        1
      ],
      "SUB": [
        {
          "tileOffsets": [
            0,
            7,
            14,
            14,
            7,
            0
          ],
          "SUB": [
            {
              "name": "preAim",
              "time": 0.1,
              "repeat": false,
              "frames": [
                0,
                1
              ]
            },
            {
              "name": "preAimFaster",
              "time": 0.05,
              "repeat": false,
              "frames": [
                0,
                1
              ]
            },
            {
              "name": "preAimFastest",
              "time": 0.025,
              "repeat": false,
              "frames": [
                0,
                1
              ]
            },
            {
              "name": "magic2Pre",
              "time": 0.1,
              "repeat": false,
              "frames": [
                2,
                3
              ]
            },
            {
              "name": "magic2Loop",
              "time": 0.1,
              "repeat": true,
              "frames": [
                4,
                5,
                6
              ]
            }
          ]
        }
      ]
    },
    {
      "sheet": "aiming",
      "dirs": "6",
      "flipX": [
        0,
        0,
        0,
        1,
        1,
        1
      ],
      "SUB": [
        {
          "tileOffsets": [
            12,
            24,
            36,
            36,
            24,
            12
          ],
          "SUB": [
            {
              "name": "aim",
              "time": 0.1,
              "repeat": true,
              "frames": [
                0,
                1,
                2
              ]
            },
            {
              "name": "aimMove",
              "time": 0.1,
              "repeat": true,
              "frames": [
                4,
                5,
                6
              ]
            },
            {
              "name": "aimMoveRev",
              "time": 0.1,
              "repeat": true,
              "frames": [
                6,
                5,
                4
              ]
            },
            {
              "name": "bowlingPre",
              "time": 0.1,
              "repeat": false,
              "frames": [
                7
              ]
            },
            {
              "name": "bowlingSwing",
              "time": 0.1,
              "repeat": false,
              "frames": [
                8,
                9,
                10,
                11
              ]
            }
          ]
        }
      ]
    },
    {
      "sheet": "attack",
      "dirs": "6",
      "flipX": [
        0,
        0,
        0,
        0,
        0,
        0
      ],
      "tileOffsets": [
        0,
        1,
        2,
        3,
        4,
        5
      ],
      "anchorOffsetX": [
        10,
        15,
        10,
        -9,
        -14,
        -12
      ],
      "anchorOffsetY": [
        -22,
        -13,
        -2,
        -4,
        -9,
        -21
      ],
      "anchorOffsetZ": [
        12,
        12,
        12,
        12,
        12,
        12
      ],
      "SUB": [
        {
          "name": "spinClosedFull",
          "time": 0.033,
          "repeat": true,
          "dirFrames": [
            [
              5,
              4,
              3,
              2,
              1,
              0
            ],
            [
              0,
              5,
              4,
              3,
              2,
              1
            ],
            [
              1,
              0,
              5,
              4,
              3,
              2
            ],
            [
              2,
              1,
              0,
              5,
              4,
              3
            ],
            [
              3,
              2,
              1,
              0,
              5,
              4
            ],
            [
              4,
              3,
              2,
              1,
              0,
              5
            ]
          ]
        },
        {
          "name": "spinClosedShort",
          "time": 0.066,
          "repeat": false,
          "dirFrames": [
            [
              1,
              0
            ],
            [
              2,
              1
            ],
            [
              3,
              2
            ],
            [
              4,
              3
            ],
            [
              5,
              4
            ],
            [
              0,
              5
            ]
          ]
        },
        {
          "name": "attackEnd",
          "time": 0.1,
          "repeat": false,
          "frames": [
            6
          ]
        },
        {
          "name": "attackEndLoop",
          "time": 0.08,
          "repeat": true,
          "frames": [
            12,
            18,
            24
          ]
        },
        {
          "flipX": [
            1,
            1,
            1,
            1,
            1,
            1
          ],
          "tileOffsets": [
            5,
            4,
            3,
            2,
            1,
            0
          ],
          "SUB": [
            {
              "name": "spinClosedShortRev",
              "time": 0.066,
              "repeat": false,
              "dirFrames": [
                [
                  0,
                  5
                ],
                [
                  5,
                  4
                ],
                [
                  4,
                  3
                ],
                [
                  3,
                  2
                ],
                [
                  2,
                  1
                ],
                [
                  1,
                  0
                ]
              ]
            }
          ]
        }
      ]
    },
    {
      "sheet": "posesSit",
      "dirs": "4",
      "flipX": [
        0,
        0,
        0,
        1
      ],
      "tileOffsets": [
        0,
        1,
        2,
        1
      ],
      "SUB": [
        {
          "name": "sit",
          "time": 0.1,
          "repeat": false,
          "frames": [
            0
          ]
        }
      ]
    },
    {
      "sheet": "pir-spin",
      "dirs": "6",
      "flipX": [
        0,
        0,
        0,
        1,
        1,
        1
      ],
      "SUB": [
        {
          "name": "pir-spinRepeat",
          "time": 0.05,
          "repeat": true,
          "dirFrames": [
            [
              5,
              4,
              3,
              2,
              1,
              0
            ],
            [
              0,
              5,
              4,
              3,
              2,
              1
            ],
            [
              1,
              0,
              5,
              4,
              3,
              2
            ],
            [
              1,
              0,
              5,
              4,
              3,
              2
            ],
            [
              0,
              5,
              4,
              3,
              2,
              1
            ],
            [
              5,
              4,
              3,
              2,
              1,
              0
            ]
          ]
        },
        {
          "name": "pir-spinLong",
          "time": 0.04,
          "repeat": false,
          "dirFrames": [
            [
              1,
              0,
              5,
              4,
              3,
              2,
              1,
              0
            ],
            [
              2,
              1,
              0,
              5,
              4,
              3,
              2,
              1
            ],
            [
              3,
              2,
              1,
              0,
              5,
              4,
              3,
              2
            ],
            [
              3,
              2,
              1,
              0,
              5,
              4,
              3,
              2
            ],
            [
              2,
              1,
              0,
              5,
              4,
              3,
              2,
              1
            ],
            [
              1,
              0,
              5,
              4,
              3,
              2,
              1,
              0
            ]
          ]
        },
        {
          "name": "pir-spinShort",
          "time": 0.05,
          "repeat": false,
          "dirFrames": [
            [
              1,
              0
            ],
            [
              2,
              1
            ],
            [
              3,
              2
            ],
            [
              3,
              2
            ],
            [
              2,
              1
            ],
            [
              1,
              0
            ]
          ]
        },
        {
          "sheet": "pir-spin",
          "dirs": "6",
          "flipX": [
            1,
            1,
            1,
            0,
            0,
            0
          ],
          "SUB": [
            {
              "name": "pir-spinRepeatRev",
              "time": 0.05,
              "repeat": true,
              "dirFrames": [
                [
                  4,
                  3,
                  2,
                  1,
                  0,
                  5
                ],
                [
                  3,
                  2,
                  1,
                  0,
                  5,
                  4
                ],
                [
                  2,
                  1,
                  0,
                  5,
                  4,
                  3
                ],
                [
                  2,
                  1,
                  0,
                  5,
                  4,
                  3
                ],
                [
                  3,
                  2,
                  1,
                  0,
                  5,
                  4
                ],
                [
                  4,
                  3,
                  2,
                  1,
                  0,
                  5
                ]
              ]
            },
            {
              "name": "pir-spinLongRev",
              "time": 0.05,
              "repeat": false,
              "dirFrames": [
                [
                  4,
                  3,
                  2,
                  1,
                  0,
                  5
                ],
                [
                  3,
                  2,
                  1,
                  0,
                  5,
                  4
                ],
                [
                  2,
                  1,
                  0,
                  5,
                  4,
                  3
                ],
                [
                  2,
                  1,
                  0,
                  5,
                  4,
                  3
                ],
                [
                  3,
                  2,
                  1,
                  0,
                  5,
                  4
                ],
                [
                  4,
                  3,
                  2,
                  1,
                  0,
                  5
                ]
              ]
            },
            {
              "name": "pir-spinShortRev",
              "time": 0.05,
              "repeat": false,
              "dirFrames": [
                [
                  0,
                  5
                ],
                [
                  5,
                  4
                ],
                [
                  4,
                  3
                ],
                [
                  4,
                  3
                ],
                [
                  5,
                  4
                ],
                [
                  0,
                  5
                ]
              ]
            }
          ]
        }
      ]
    },
    {
      "sheet": "staffAttack",
      "dirs": "6",
      "flipX": [
        0,
        0,
        0,
        1,
        1,
        1
      ],
      "tileOffsets": [
        0,
        6,
        12,
        12,
        6,
        0
      ],
      "SUB": [
        {
          "name": "staffAttack1End",
          "time": 0.05,
          "repeat": false,
          "frames": [
            0,
            1,
            2
          ]
        },
        {
          "name": "staffAttack2End",
          "time": 0.05,
          "repeat": false,
          "frames": [
            3,
            4,
            5
          ]
        }
      ]
    },
    {
      "sheet": "spin",
      "dirs": "6",
      "flipX": [
        0,
        0,
        0,
        1,
        1,
        1
      ],
      "SUB": [
        {
          "name": "spinRepeat",
          "time": 0.05,
          "repeat": true,
          "dirFrames": [
            [
              5,
              4,
              3,
              2,
              1,
              0
            ],
            [
              0,
              5,
              4,
              3,
              2,
              1
            ],
            [
              1,
              0,
              5,
              4,
              3,
              2
            ],
            [
              1,
              0,
              5,
              4,
              3,
              2
            ],
            [
              0,
              5,
              4,
              3,
              2,
              1
            ],
            [
              5,
              4,
              3,
              2,
              1,
              0
            ]
          ]
        },
        {
          "name": "spinLong",
          "time": 0.04,
          "repeat": false,
          "dirFrames": [
            [
              1,
              0,
              5,
              4,
              3,
              2,
              1,
              0
            ],
            [
              2,
              1,
              0,
              5,
              4,
              3,
              2,
              1
            ],
            [
              3,
              2,
              1,
              0,
              5,
              4,
              3,
              2
            ],
            [
              3,
              2,
              1,
              0,
              5,
              4,
              3,
              2
            ],
            [
              2,
              1,
              0,
              5,
              4,
              3,
              2,
              1
            ],
            [
              1,
              0,
              5,
              4,
              3,
              2,
              1,
              0
            ]
          ]
        },
        {
          "name": "spinShort",
          "time": 0.05,
          "repeat": false,
          "dirFrames": [
            [
              1,
              0
            ],
            [
              2,
              1
            ],
            [
              3,
              2
            ],
            [
              3,
              2
            ],
            [
              2,
              1
            ],
            [
              1,
              0
            ]
          ]
        },
        {
          "sheet": "spin",
          "dirs": "6",
          "flipX": [
            1,
            1,
            1,
            0,
            0,
            0
          ],
          "SUB": [
            {
              "name": "spinRepeatRev",
              "time": 0.05,
              "repeat": true,
              "dirFrames": [
                [
                  4,
                  3,
                  2,
                  1,
                  0,
                  5
                ],
                [
                  3,
                  2,
                  1,
                  0,
                  5,
                  4
                ],
                [
                  2,
                  1,
                  0,
                  5,
                  4,
                  3
                ],
                [
                  2,
                  1,
                  0,
                  5,
                  4,
                  3
                ],
                [
                  3,
                  2,
                  1,
                  0,
                  5,
                  4
                ],
                [
                  4,
                  3,
                  2,
                  1,
                  0,
                  5
                ]
              ]
            },
            {
              "name": "spinLongRev",
              "time": 0.05,
              "repeat": false,
              "dirFrames": [
                [
                  4,
                  3,
                  2,
                  1,
                  0,
                  5
                ],
                [
                  3,
                  2,
                  1,
                  0,
                  5,
                  4
                ],
                [
                  2,
                  1,
                  0,
                  5,
                  4,
                  3
                ],
                [
                  2,
                  1,
                  0,
                  5,
                  4,
                  3
                ],
                [
                  3,
                  2,
                  1,
                  0,
                  5,
                  4
                ],
                [
                  4,
                  3,
                  2,
                  1,
                  0,
                  5
                ]
              ]
            },
            {
              "name": "spinShortRev",
              "time": 0.05,
              "repeat": false,
              "dirFrames": [
                [
                  0,
                  5
                ],
                [
                  5,
                  4
                ],
                [
                  4,
                  3
                ],
                [
                  4,
                  3
                ],
                [
                  5,
                  4
                ],
                [
                  0,
                  5
                ]
              ]
            }
          ]
        }
      ]
    },
    {
      "sheet": "spinEyes",
      "dirs": "6",
      "flipX": [
        0,
        0,
        0,
        1,
        1,
        1
      ],
      "SUB": [
        {
          "name": "spinEyesRepeat",
          "time": 0.05,
          "repeat": true,
          "dirFrames": [
            [
              5,
              4,
              3,
              2,
              1,
              0
            ],
            [
              0,
              5,
              4,
              3,
              2,
              1
            ],
            [
              1,
              0,
              5,
              4,
              3,
              2
            ],
            [
              1,
              0,
              5,
              4,
              3,
              2
            ],
            [
              0,
              5,
              4,
              3,
              2,
              1
            ],
            [
              5,
              4,
              3,
              2,
              1,
              0
            ]
          ]
        },
        {
          "name": "spinEyesLong",
          "time": 0.04,
          "repeat": false,
          "dirFrames": [
            [
              1,
              0,
              5,
              4,
              3,
              2,
              1,
              0
            ],
            [
              2,
              1,
              0,
              5,
              4,
              3,
              2,
              1
            ],
            [
              3,
              2,
              1,
              0,
              5,
              4,
              3,
              2
            ],
            [
              3,
              2,
              1,
              0,
              5,
              4,
              3,
              2
            ],
            [
              2,
              1,
              0,
              5,
              4,
              3,
              2,
              1
            ],
            [
              1,
              0,
              5,
              4,
              3,
              2,
              1,
              0
            ]
          ]
        },
        {
          "name": "spinEyesShort",
          "time": 0.05,
          "repeat": false,
          "dirFrames": [
            [
              1,
              0
            ],
            [
              2,
              1
            ],
            [
              3,
              2
            ],
            [
              3,
              2
            ],
            [
              2,
              1
            ],
            [
              1,
              0
            ]
          ]
        },
        {
          "sheet": "spinEyes",
          "dirs": "6",
          "flipX": [
            1,
            1,
            1,
            0,
            0,
            0
          ],
          "SUB": [
            {
              "name": "spinEyesRepeatRev",
              "time": 0.05,
              "repeat": true,
              "dirFrames": [
                [
                  4,
                  3,
                  2,
                  1,
                  0,
                  5
                ],
                [
                  3,
                  2,
                  1,
                  0,
                  5,
                  4
                ],
                [
                  2,
                  1,
                  0,
                  5,
                  4,
                  3
                ],
                [
                  2,
                  1,
                  0,
                  5,
                  4,
                  3
                ],
                [
                  3,
                  2,
                  1,
                  0,
                  5,
                  4
                ],
                [
                  4,
                  3,
                  2,
                  1,
                  0,
                  5
                ]
              ]
            },
            {
              "name": "spinEyesLongRev",
              "time": 0.05,
              "repeat": false,
              "dirFrames": [
                [
                  4,
                  3,
                  2,
                  1,
                  0,
                  5
                ],
                [
                  3,
                  2,
                  1,
                  0,
                  5,
                  4
                ],
                [
                  2,
                  1,
                  0,
                  5,
                  4,
                  3
                ],
                [
                  2,
                  1,
                  0,
                  5,
                  4,
                  3
                ],
                [
                  3,
                  2,
                  1,
                  0,
                  5,
                  4
                ],
                [
                  4,
                  3,
                  2,
                  1,
                  0,
                  5
                ]
              ]
            },
            {
              "name": "spinEyesShortRev",
              "time": 0.05,
              "repeat": false,
              "dirFrames": [
                [
                  0,
                  5
                ],
                [
                  5,
                  4
                ],
                [
                  4,
                  3
                ],
                [
                  4,
                  3
                ],
                [
                  5,
                  4
                ],
                [
                  0,
                  5
                ]
              ]
            }
          ]
        }
      ]
    },
    {
      "sheet": "posesGround",
      "dirs": "1",
      "flipX": [
        0,
        1
      ],
      "tileOffsets": [
        0,
        0
      ],
      "SUB": [
        {
          "name": "ground",
          "time": 1,
          "repeat": false,
          "frames": [
            0
          ]
        },
        {
          "name": "groundClosed",
          "time": 1,
          "repeat": false,
          "frames": [
            1
          ]
        },
        {
          "name": "sitSouthClosed",
          "time": 1,
          "repeat": false,
          "frames": [
            2
          ]
        }
      ]
    },
    {
      "sheet": "eating",
      "dirs": "1",
      "flipX": [
        0
      ],
      "tileOffsets": [
        0
      ],
      "SUB": [
        {
          "name": "itemFetch",
          "time": 0.05,
          "repeat": false,
          "frames": [
            0,
            1
          ]
        },
        {
          "name": "itemHold",
          "time": 0.1,
          "repeat": false,
          "frames": [
            2
          ]
        },
        {
          "name": "itemEatFast",
          "time": 0.1,
          "repeat": false,
          "frames": [
            3,
            4,
            5,
            6,
            5,
            6,
            7,
            7
          ]
        },
        {
          "name": "itemEatFastest",
          "time": 0.05,
          "repeat": false,
          "frames": [
            3,
            4,
            5,
            6,
            5,
            6,
            7,
            7
          ]
        },
        {
          "name": "itemEatSlow",
          "time": 0.1,
          "repeat": false,
          "frames": [
            3,
            4,
            5,
            6,
            5,
            6,
            5,
            6,
            5,
            6,
            5,
            6,
            7,
            7
          ]
        },
        {
          "name": "itemEffect",
          "time": 0.07,
          "repeat": false,
          "frames": [
            8,
            9,
            10
          ]
        },
        {
          "name": "itemEffectLoop",
          "time": 0.07,
          "repeat": true,
          "frames": [
            8,
            9,
            10
          ]
        }
      ]
    },
    {
      "sheet": "hovering",
      "dirs": "8",
      "flipX": [
        0,
        0,
        0,
        0,
        0,
        1,
        1,
        1
      ],
      "tileOffsets": [
        0,
        3,
        6,
        9,
        12,
        9,
        6,
        3
      ],
      "SUB": [
        {
          "name": "hover",
          "time": 0.2,
          "repeat": true,
          "frames": [
            0,
            1,
            2,
            1
          ]
        }
      ]
    },
    {
      "sheet": "extraCrateChest",
      "dirs": "4",
      "flipX": [
        0,
        0,
        0,
        1
      ],
      "tileOffsets": [
        0,
        11,
        22,
        11
      ],
      "SUB": [
        {
          "name": "gripStand",
          "time": 0.05,
          "repeat": false,
          "frames": [
            0
          ]
        },
        {
          "name": "gripPush",
          "time": 0.15,
          "repeat": true,
          "frames": [
            1,
            2,
            3,
            2
          ]
        },
        {
          "name": "gripPull",
          "time": 0.15,
          "repeat": true,
          "frames": [
            4,
            5,
            6,
            5
          ]
        },
        {
          "name": "chestOpen",
          "time": 0.08,
          "repeat": false,
          "frames": [
            7,
            7,
            8,
            9
          ]
        },
        {
          "name": "landOnGround",
          "time": 0.07,
          "repeat": false,
          "frames": [
            10
          ]
        }
      ]
    },
    {
      "sheet": "crateChest",
      "dirs": "4",
      "flipX": [
        0,
        0,
        0,
        1
      ],
      "tileOffsets": [
        0,
        11,
        22,
        11
      ],
      "SUB": [
        {
          "name": "gripStand",
          "time": 0.05,
          "repeat": false,
          "frames": [
            0
          ]
        },
        {
          "name": "gripPush",
          "time": 0.15,
          "repeat": true,
          "frames": [
            1,
            2,
            3,
            2
          ]
        },
        {
          "name": "gripPull",
          "time": 0.15,
          "repeat": true,
          "frames": [
            4,
            5,
            6,
            5
          ]
        },
        {
          "name": "chestOpen",
          "time": 0.08,
          "repeat": false,
          "frames": [
            7,
            7,
            8,
            9
          ]
        },
        {
          "name": "landOnGround",
          "time": 0.07,
          "repeat": false,
          "frames": [
            10
          ]
        }
      ]
    },
    {
      "sheet": "additional",
      "dirs": "6",
      "flipX": [
        0,
        0,
        0,
        1,
        1,
        1
      ],
      "SUB": [
        {
          "tileOffsets": [
            0,
            3,
            6,
            6,
            3,
            0
          ],
          "SUB": [
            {
              "name": "guard",
              "time": 0.12,
              "repeat": true,
              "frames": [
                0,
                1,
                2
              ]
            }
          ]
        }
      ]
    },
    {
      "sheet": "dashSpin",
      "dirs": "8",
      "flipX": [
        0,
        0,
        0,
        0,
        0,
        0,
        0,
        0
      ],
      "SUB": [
        {
          "name": "dash",
          "time": 0.03,
          "repeat": true,
          "dirFrames": [
            [
              4,
              3,
              2,
              1,
              0,
              7,
              6
            ],
            [
              5,
              4,
              3,
              2,
              1,
              0,
              7
            ],
            [
              6,
              5,
              4,
              3,
              2,
              1,
              0
            ],
            [
              7,
              6,
              5,
              4,
              3,
              2,
              1
            ],
            [
              0,
              7,
              6,
              5,
              4,
              3,
              2
            ],
            [
              1,
              0,
              7,
              6,
              5,
              4,
              3
            ],
            [
              2,
              1,
              0,
              7,
              6,
              5,
              4
            ],
            [
              3,
              2,
              1,
              0,
              7,
              6,
              5
            ]
          ]
        },
        {
          "name": "dashFast",
          "time": 0.020,
          "repeat": true,
          "dirFrames": [
            [
              4,
              3,
              2,
              1,
              0,
              7,
              6
            ],
            [
              5,
              4,
              3,
              2,
              1,
              0,
              7
            ],
            [
              6,
              5,
              4,
              3,
              2,
              1,
              0
            ],
            [
              7,
              6,
              5,
              4,
              3,
              2,
              1
            ],
            [
              0,
              7,
              6,
              5,
              4,
              3,
              2
            ],
            [
              1,
              0,
              7,
              6,
              5,
              4,
              3
            ],
            [
              2,
              1,
              0,
              7,
              6,
              5,
              4
            ],
            [
              3,
              2,
              1,
              0,
              7,
              6,
              5
            ]
          ]
        },
        {
          "name": "dashLong",
          "time": 0.025,
          "repeat": false,
          "dirFrames": [
            [
              5,
              4,
              3,
              2,
              1,
              0,
              7,
              6,
              5,
              4,
              3,
              2,
              1,
              0,
              7,
              6,
              5
            ],
            [
              4,
              3,
              2,
              1,
              0,
              7,
              6,
              5,
              4,
              3,
              2,
              1,
              0,
              7,
              6,
              5,
              4
            ],
            [
              3,
              2,
              1,
              0,
              7,
              6,
              5,
              4,
              3,
              2,
              1,
              0,
              7,
              6,
              5,
              4,
              3
            ],
            [
              2,
              1,
              0,
              7,
              6,
              5,
              4,
              3,
              2,
              1,
              0,
              7,
              6,
              5,
              4,
              3,
              2
            ],
            [
              3,
              2,
              1,
              0,
              7,
              6,
              5,
              4,
              3,
              2,
              1,
              0,
              7,
              6,
              5,
              4,
              3
            ],
            [
              4,
              3,
              2,
              1,
              0,
              7,
              6,
              5,
              4,
              3,
              2,
              1,
              0,
              7,
              6,
              5,
              4
            ],
            [
              5,
              4,
              3,
              2,
              1,
              0,
              7,
              6,
              5,
              4,
              3,
              2,
              1,
              0,
              7,
              6,
              5
            ],
            [
              6,
              5,
              4,
              3,
              2,
              1,
              0,
              7,
              6,
              5,
              4,
              3,
              2,
              1,
              0,
              7,
              6
            ]
          ]
        }
      ]
    },
    {
      "sheet": "dashSpinRev",
      "dirs": "8",
      "flipX": [
        1,
        1,
        1,
        1,
        1,
        1,
        1,
        1
      ],
      "SUB": [
        {
          "name": "dashRev",
          "time": 0.03,
          "repeat": true,
          "dirFrames": [
            [
              4,
              3,
              2,
              1,
              0,
              7,
              6
            ],
            [
              5,
              4,
              3,
              2,
              1,
              0,
              7
            ],
            [
              6,
              5,
              4,
              3,
              2,
              1,
              0
            ],
            [
              7,
              6,
              5,
              4,
              3,
              2,
              1
            ],
            [
              0,
              7,
              6,
              5,
              4,
              3,
              2
            ],
            [
              1,
              0,
              7,
              6,
              5,
              4,
              3
            ],
            [
              2,
              1,
              0,
              7,
              6,
              5,
              4
            ],
            [
              3,
              2,
              1,
              0,
              7,
              6,
              5
            ]
          ]
        },
        {
          "name": "dashLongRev",
          "time": 0.025,
          "repeat": false,
          "dirFrames": [
            [
              5,
              4,
              3,
              2,
              1,
              0,
              7,
              6,
              5,
              4,
              3,
              2,
              1,
              0,
              7,
              6,
              5
            ],
            [
              4,
              3,
              2,
              1,
              0,
              7,
              6,
              5,
              4,
              3,
              2,
              1,
              0,
              7,
              6,
              5,
              4
            ],
            [
              3,
              2,
              1,
              0,
              7,
              6,
              5,
              4,
              3,
              2,
              1,
              0,
              7,
              6,
              5,
              4,
              3
            ],
            [
              2,
              1,
              0,
              7,
              6,
              5,
              4,
              3,
              2,
              1,
              0,
              7,
              6,
              5,
              4,
              3,
              2
            ],
            [
              3,
              2,
              1,
              0,
              7,
              6,
              5,
              4,
              3,
              2,
              1,
              0,
              7,
              6,
              5,
              4,
              3
            ],
            [
              4,
              3,
              2,
              1,
              0,
              7,
              6,
              5,
              4,
              3,
              2,
              1,
              0,
              7,
              6,
              5,
              4
            ],
            [
              5,
              4,
              3,
              2,
              1,
              0,
              7,
              6,
              5,
              4,
              3,
              2,
              1,
              0,
              7,
              6,
              5
            ],
            [
              6,
              5,
              4,
              3,
              2,
              1,
              0,
              7,
              6,
              5,
              4,
              3,
              2,
              1,
              0,
              7,
              6
            ]
          ]
        }
      ]
    },
    {
      "sheet": "sweeps",
      "dirs": "8",
      "flipX": [
        0,
        0,
        0,
        0,
        0,
        0,
        0,
        0
      ],
      "SUB": [
        {
          "tileOffsets": [
            0,
            12,
            24,
            36,
            48,
            60,
            72,
            84
          ],
          "SUB": [
            {
              "name": "sweep",
              "time": 0.03,
              "repeat": false,
              "frames": [
                0,
                1
              ]
            },
            {
              "name": "sweepRev",
              "time": 0.03,
              "repeat": false,
              "frames": [
                6,
                7
              ]
            },
            {
              "name": "sweepEnd",
              "time": 0.04,
              "repeat": false,
              "frames": [
                2,
                3,
                4,
                5
              ]
            },
            {
              "name": "sweepRevEnd",
              "time": 0.04,
              "repeat": false,
              "frames": [
                8,
                9,
                10,
                11
              ]
            },
            {
              "name": "sweepEndInstant",
              "time": 0.04,
              "repeat": false,
              "frames": [
                5
              ]
            },
            {
              "name": "sweepRevEndInstant",
              "time": 0.04,
              "repeat": false,
              "frames": [
                11
              ]
            }
          ]
        }
      ]
    },
    {
      "sheet": "shuffle",
      "dirs": "2",
      "flipX": [
        0,
        1
      ],
      "tileOffsets": [
        0,
        0
      ],
      "SUB": [
        {
          "name": "shuffle1",
          "time": 0.1,
          "repeat": true,
          "frames": [
            0,
            0,
            1,
            2,
            3
          ]
        },
        {
          "name": "shuffle2",
          "time": 0.1,
          "repeat": true,
          "frames": [
            4,
            4,
            5,
            6,
            7,
            8,
            9,
            10,
            11,
            12,
            13,
            14,
            15
          ]
        },
        {
          "name": "shuffle2Fast",
          "time": 0.06,
          "repeat": true,
          "frames": [
            4,
            4,
            5,
            6,
            7,
            8,
            9,
            10,
            11,
            12,
            13,
            14,
            15
          ]
        },
        {
          "name": "staffSpin",
          "time": 0.1,
          "repeat": true,
          "frames": [
            16,
            17
          ]
        }
      ]
    },
    {
      "sheet": "floatEC",
      "dirs": "1",
      "flipX": [
        0
      ],
      "tileOffsets": [
        0
      ],
      "SUB": [
        {
          "name": "floatEyesClosed",
          "time": 0.2,
          "repeat": true,
          "frames": [
            0,
            1,
            2,
            1
          ]
        }
      ]
    }
  ]
}