{
  "DOCTYPE": "MULTI_DIR_ANIMATION",
  "namedSheets": {
    "walk": {
      "src": "media/entity/npc/quadroguard1.png",
      "xCount": 10,
      "offX": 0,
      "offY": 0,
      "width": 32,
      "height": 40
    },
    "poses": {
      "src": "media/entity/npc/sidekick2.png",
      "offX": 384,
      "offY": 0,
      "width": 32,
      "height": 48
    },
    "battle1": {
      "src": "media/entity/npc/sidekick2.png",
      "xCount": 9,
      "offX": 0,
      "offY": 240,
      "width": 32,
      "height": 48
    },
    "spin": {
      "src": "media/entity/npc/sidekick2.png",
      "xCount": 3,
      "offX": 288,
      "offY": 0,
      "width": 32,
      "height": 48
    },
    "attack": {
      "src": "media/entity/npc/sidekick2.png",
      "xCount": 2,
      "offX": 288,
      "offY": 96,
      "width": 48,
      "height": 48
    },
    "eat": {
      "src": "media/entity/npc/sidekick2.png",
      "offX": 0,
      "offY": 384,
      "width": 32,
      "height": 48
    }
  },
  "shapeType": "Y_FLAT",
  "offset": {
    "x": 0,
    "y": -2,
    "z": 0
  },
  "SUB": [
    {
      "sheet": "walk",
      "dirs": "8",
      "flipX": [
        0,
        0,
        0,
        0,
        0,
        1,
        1,
        1
      ],
      "tileOffsets": [
        0,
        10,
        20,
        30,
        40,
        30,
        20,
        10
      ],
      "SUB": [
        {
          "name": "idle",
          "time": 1,
          "repeat": false,
          "frames": [
            1
          ]
        },
        {
          "name": "preIdle",
          "time": 0.1,
          "repeat": false,
          "frames": [
            1
          ]
        },
        {
          "name": "walk",
          "time": 0.133,
          "repeat": true,
          "frames": [
            0,
            1,
            2,
            1
          ]
        },
        {
          "name": "run",
          "time": 0.1,
          "repeat": true,
          "frames": [
            3,
            4,
            5,
            6
          ]
        },
        {
          "name": "jump",
          "time": 0.1,
          "repeat": false,
          "frames": [
            7
          ]
        },
        {
          "name": "fall",
          "time": 0.1,
          "repeat": false,
          "frames": [
            8
          ]
        },
        {
          "name": "damage",
          "time": 0.05,
          "repeat": true,
          "frames": [
            9,
            9
          ],
          "framesGfxOffset": [
            0,
            0,
            1,
            0
          ]
        }
      ]
    },
    {
      "sheet": "battle1",
      "dirs": "6",
      "flipX": [
        0,
        0,
        0,
        1,
        1,
        1
      ],
      "tileOffsets": [
        0,
        9,
        18,
        18,
        9,
        0
      ],
      "SUB": [
        {
          "name": "aim",
          "time": 0.1,
          "repeat": true,
          "frames": [
            0,
            1,
            2,
            3
          ]
        },
        {
          "name": "aimMove",
          "time": 0.1,
          "repeat": true,
          "frames": [
            4,
            5,
            6,
            7
          ]
        },
        {
          "name": "aimMoveRev",
          "time": 0.1,
          "repeat": true,
          "frames": [
            7,
            6,
            5,
            4
          ]
        },
        {
          "name": "charge",
          "time": 5,
          "repeat": false,
          "frames": [
            1
          ]
        }
      ]
    },
    {
      "sheet": "spin",
      "dirs": "6",
      "flipX": [
        0,
        0,
        0,
        0,
        0,
        0
      ],
      "tileOffsets": [
        0,
        1,
        2,
        3,
        4,
        5
      ],
      "anchorOffsetX": [
        16,
        23,
        12,
        -12,
        -23,
        -16
      ],
      "anchorOffsetY": [
        -35,
        -7,
        11,
        11,
        -7,
        -35
      ],
      "anchorOffsetZ": [
        12,
        12,
        12,
        12,
        12,
        12
      ],
      "SUB": [
        {
          "name": "spinFull",
          "time": 0.04,
          "repeat": true,
          "dirFrames": [
            [
              5,
              4,
              3,
              2,
              1,
              0
            ],
            [
              0,
              5,
              4,
              3,
              2,
              1
            ],
            [
              1,
              0,
              5,
              4,
              3,
              2
            ],
            [
              2,
              1,
              0,
              5,
              4,
              3
            ],
            [
              3,
              2,
              1,
              0,
              5,
              4
            ],
            [
              4,
              3,
              2,
              1,
              0,
              5
            ]
          ]
        },
        {
          "name": "spinFullLong",
          "time": 0.0333,
          "repeat": true,
          "dirFrames": [
            [
              5,
              4,
              3,
              2,
              1,
              0,
              5,
              4,
              3,
              2,
              1,
              0
            ],
            [
              0,
              5,
              4,
              3,
              2,
              1,
              0,
              5,
              4,
              3,
              2,
              1
            ],
            [
              1,
              0,
              5,
              4,
              3,
              2,
              1,
              0,
              5,
              4,
              3,
              2
            ],
            [
              2,
              1,
              0,
              5,
              4,
              3,
              2,
              1,
              0,
              5,
              4,
              3
            ],
            [
              3,
              2,
              1,
              0,
              5,
              4,
              3,
              2,
              1,
              0,
              5,
              4
            ],
            [
              4,
              3,
              2,
              1,
              0,
              5,
              4,
              3,
              2,
              1,
              0,
              5
            ]
          ]
        },
        {
          "name": "spinShort",
          "time": 0.04,
          "repeat": false,
          "dirFrames": [
            [
              1,
              0
            ],
            [
              2,
              1
            ],
            [
              3,
              2
            ],
            [
              4,
              3
            ],
            [
              5,
              4
            ],
            [
              0,
              5
            ]
          ]
        },
        {
          "flipX": [
            1,
            1,
            1,
            1,
            1,
            1
          ],
          "tileOffsets": [
            5,
            4,
            3,
            2,
            1,
            0
          ],
          "SUB": [
            {
              "name": "spinFullRev",
              "time": 0.04,
              "repeat": true,
              "dirFrames": [
                [
                  4,
                  3,
                  2,
                  1,
                  0,
                  5
                ],
                [
                  3,
                  2,
                  1,
                  0,
                  5,
                  4
                ],
                [
                  2,
                  1,
                  0,
                  5,
                  4,
                  3
                ],
                [
                  1,
                  0,
                  5,
                  4,
                  3,
                  2
                ],
                [
                  0,
                  5,
                  4,
                  3,
                  2,
                  1
                ],
                [
                  5,
                  4,
                  3,
                  2,
                  1,
                  0
                ]
              ]
            },
            {
              "name": "spinShortRev",
              "time": 0.04,
              "repeat": false,
              "dirFrames": [
                [
                  0,
                  5
                ],
                [
                  5,
                  4
                ],
                [
                  4,
                  3
                ],
                [
                  3,
                  2
                ],
                [
                  2,
                  1
                ],
                [
                  1,
                  0
                ]
              ]
            }
          ]
        }
      ]
    },
    {
      "sheet": "attack",
      "dirs": "6",
      "flipX": [
        0,
        0,
        0,
        1,
        1,
        1
      ],
      "tileOffsets": [
        0,
        2,
        4,
        4,
        2,
        0
      ],
      "SUB": [
        {
          "name": "attackEnd",
          "time": 0.083,
          "repeat": false,
          "frames": [
            0,
            1
          ]
        }
      ]
    },
    {
      "sheet": "poses",
      "dirs": "2",
      "flipX": [
        0,
        1
      ],
      "tileOffsets": [
        0,
        0
      ],
      "SUB": [
        {
          "name": "sit",
          "time": 1,
          "repeat": false,
          "frames": [
            0
          ]
        },
        {
          "name": "sitFaceUpRight",
          "time": 1,
          "repeat": false,
          "frames": [
            1
          ]
        }
      ]
    },
    {
      "sheet": "poses",
      "dirs": "1",
      "flipX": [
        0
      ],
      "tileOffsets": [
        0
      ],
      "SUB": [
        {
          "name": "sitGround",
          "time": 1,
          "repeat": false,
          "frames": [
            2
          ]
        }
      ]
    },
    {
      "sheet": "eat",
      "dirs": "1",
      "flipX": [
        0
      ],
      "tileOffsets": [
        0
      ],
      "SUB": [
        {
          "name": "itemFetch",
          "time": 0.05,
          "repeat": false,
          "frames": [
            0,
            1
          ]
        },
        {
          "name": "itemHold",
          "time": 0.1,
          "repeat": false,
          "frames": [
            2
          ]
        },
        {
          "name": "itemEatFast",
          "time": 0.1,
          "repeat": false,
          "frames": [
            3,
            4,
            5,
            6,
            5,
            6,
            7,
            7
          ]
        },
        {
          "name": "itemEffect",
          "time": 0.05,
          "repeat": false,
          "frames": [
            8,
            9,
            10,
            10,
            10
          ]
        }
      ]
    }
  ]
}