{
  "DOCTYPE": "MULTI_DIR_ANIMATION",
  "namedSheets": {
    "moveUpper": {
      "src": "media/entity/ally/buffalo-mounted.png",
      "width": 56,
      "height": 64
    },
    "moveLower": {
      "src": "media/entity/ally/buffalo-mounted.png",
      "width": 56,
      "height": 64,
      "offY": 192
    }
  },
  "shapeType": "Y_FLAT",
  "dirs": 6,
  "tileOffsets": [
    0,
    16,
    32,
    32,
    16,
    0
  ],
  "flipX": [
    0,
    0,
    0,
    1,
    1,
    1
  ],
  "anchorOffsetX": [
    13,
    25,
    12,
    -12,
    -25,
    -13
  ],
  "anchorOffsetY": [
    -30,
    -7,
    4,
    4,
    -7,
    -30
  ],
  "anchorOffsetZ": [
    0,
    0,
    0,
    0,
    0,
    0
  ],
  "SUB": [
    {
      "sheet": "moveUpper",
      "SUB": [
      	{
          "name": "preIdle",
          "time": 0.2,
          "repeat": true,
          "frames": [
            0
          ]
        },
        {
          "name": "idle",
          "time": 0.2,
          "repeat": true,
          "frames": [
            0,
            1,
            2,
            3
          ]
        },
        {
          "name": "run",
          "time": 0.15,
          "repeat": true,
          "frames": [
            4,
            5,
            6,
            7
          ]
        },
        {
          "name": "stompStart",
          "time": 0.07,
          "repeat": false,
          "frames": [
            8,
            9
          ]
        },
        {
          "name": "stompEnd",
          "time": 0.07,
          "repeat": false,
          "frames": [
            10,
            11
          ]
        }
      ]
    },
    {
      "sheet": "moveLower",
      "SUB": [
        {
          "name": "charge",
          "time": 0.08,
          "repeat": true,
          "frames": [
            0,
            1,
            2,
            3,
            4,
            5
          ]
        },
        {
          "name": "runLower",
          "time": 0.07,
          "repeat": true,
          "frames": [
            6,
            7,
            8,
            9,
            10,
            11
          ]
        },
        {
          "name": "damage",
          "time": 0.05,
          "repeat": true,
          "frames": [
            12,
            12
          ],
          "framesGfxOffset": [
            0,
            0,
            1,
            0
          ]
        },
        {
          "name": "stunStart",
          "time": 0.1,
          "repeat": false,
          "frames": [
            13
          ]
        },
        {
          "name": "stun",
          "time": 0.1,
          "repeat": false,
          "frames": [
            14
          ]
        },
        {
          "name": "stunDamage",
          "time": 0.05,
          "repeat": true,
          "frames": [
            15,
            15
          ],
          "framesGfxOffset": [
            0,
            0,
            1,
            0
          ]
        }
      ]
    }
  ]
}