{
  "DOCTYPE": "MULTI_DIR_ANIMATION",
  "namedSheets": {
    "walk": {
      "src": "media/entity/ally/guard-battle.png",
      "xCount": 10,
      "offX": 0,
      "offY": 0,
      "width": 56,
      "height": 48
    },
    "walk2": {
      "src": "media/entity/ally/guard-battle.png",
      "xCount": 10,
      "offX": 0,
      "offY": 144,
      "width": 56,
      "height": 48
    }
  },
  "shapeType": "Y_FLAT",
  "offset": {
    "x": 0,
    "y": 0,
    "z": 0
  },
  "SUB": [
    {
      "sheet": "walk",
      "dirs": "6",
      "flipX": [
        0,
        0,
        0,
        1,
        1,
        1
      ],
      "tileOffsets": [
        0,
        10,
        20,
        20,
        10,
        0
      ],
      "SUB": [
        {
          "name": "idle",
          "time": 0.15,
          "repeat": true,
          "frames": [
            0,
            1,
            2,
            3
          ]
        },
        {
          "name": "walk",
          "time": 0.1,
          "repeat": true,
          "frames": [
            4,
            5,
            6,
            7
          ]
        },
        {
          "name": "jump",
          "time": 0.0666,
          "repeat": true,
          "frames": [
            8
          ]
        },
        {
          "name": "fall",
          "time": 0.0666,
          "repeat": true,
          "frames": [
            9
          ]
        }
      ]
    },
    {
      "sheet": "walk2",
      "dirs": "6",
      "flipX": [
        0,
        0,
        0,
        1,
        1,
        1
      ],
      "tileOffsets": [
        0,
        10,
        20,
        20,
        10,
        0
      ],
      "anchorOffsetX": [
        18,
        20,
        6,
        -6,
        -20,
        -18
      ],
      "anchorOffsetY": [
        -29,
        -5,
        5,
        5,
        -5,
        -29
      ],
      "anchorOffsetZ": [
        12,
        12,
        12,
        12,
        12,
        12
      ],
      "SUB": [
        {
          "name": "run",
          "time": 0.0666,
          "repeat": true,
          "frames": [
            0,
            1,
            2,
            3
          ]
        },
        {
          "name": "damage",
          "time": 0.066,
          "repeat": true,
          "frames": [
            4,
            4
          ],
          "framesGfxOffset": [
            1,
            0,
            0,
            0
          ]
        },
        {
          "name": "preAttack",
          "time": 0.2,
          "repeat": false,
          "frames": [
            5
          ]
        },
        {
          "name": "attack",
          "time": 0.066,
          "repeat": false,
          "frames": [
            6,
            7,
            7,
            7,
            8
          ]
        },
        {
          "name": "postAttack",
          "time": 0.3,
          "repeat": true,
          "frames": [
            8
          ]
        }
      ]
    }
  ]
}