{
  "ANIMS": {
    "SUB": [
      {
        "frames": [
          0,
          1,
          2,
          3,
          4
        ],
        "name": "BOUNCE",
        "pivot": {
          "x": 8,
          "y": 0
        },
        "repeat": false,
        "sheet": {
          "height": 16,
          "src": "media/entity/effects/ball.png",
          "width": 16
        },
        "time": 0.05
      },
      {
        "frames": [
          0,
          1,
          2,
          3,
          4
        ],
        "name": "CIRCLE",
        "repeat": false,
        "sheet": {
          "height": 16,
          "offX": 80,
          "offY": 0,
          "src": "media/entity/effects/ball-LQM.png",
          "width": 16
        },
        "time": 0.05
      },
      {
        "frames": [
          0,
          1,
          2,
          3,
          4
        ],
        "name": "KILL",
        "pivot": {
          "x": 16,
          "y": 0
        },
        "repeat": false,
        "sheet": {
          "height": 16,
          "offX": 0,
          "offY": 16,
          "src": "media/entity/effects/ball-LQM.png",
          "width": 32
        },
        "time": 0.035
      },
      {
        "frames": [
          0
        ],
        "name": "HEXAGON",
        "renderMode": "lighter",
        "repeat": false,
        "sheet": {
          "height": 16,
          "offX": 0,
          "offY": 72,
          "src": "media/entity/effects/particles1.png",
          "width": 16
        },
        "time": 0.15
      }
    ]
  },
  "DOCTYPE": "EFFECT",
  "EFFECTS": {
    "ballAirKill": [
      {
        "anim": "CIRCLE",
        "pAlpha": {
          "init": 1,
          "start": {
            "value": 1
          }
        },
        "type": "PLAY_ANIM"
      },
      {
        "fadeOut": 0.35,
        "size": "L",
        "type": "LIGHT"
      },
      {
        "sound": "media/sound/battle/ball-kill.ogg",
        "type": "PLAY_SOUND",
        "volume": 0.5
      }
    ],
    "ballBounce": [
      {
        "anim": "BOUNCE",
        "keepAngleSync": false,
        "pAlpha": {
          "init": 1,
          "start": {
            "value": 1
          }
        },
        "type": "PLAY_ANIM",
        "useTargetAngle": false
      },
      {
        "duration": 0,
        "fadeIn": 0,
        "fadeOut": 0.35,
        "glow": false,
        "size": "L",
        "type": "LIGHT"
      },
      {
        "global": false,
        "loop": false,
        "sound": "media/sound/battle/ball-bounce-1.ogg",
        "type": "PLAY_SOUND",
        "volume": 0.75
      }
    ],
    "ballTrail": [
       {
                "type": "LOOP_START"
            },
            {
                "color": "#99999",
                "noLighter": false,
                "pAlpha":
                {
                    "init": 0.4,
                    "start":
                    {
                        "value": 0,
                        "spline": ""
                    }
                },
                "pScale":
                {
                    "init":
                    {
                        "x": 1,
                        "y": 1
                    },
                    "start":
                    {
                        "value":
                        {
                            "x": 0.7,
                            "y": 1.4
                        },
                        "spline": "EASE_IN"
                    }
                },
                "particleDuration": 0.2,
                "type": "COPY_SPRITE"
            },
            {
                "time": 0.030,
                "type": "WAIT"
            },
            {
                "type": "LOOP_END"
            }
    ],
    "ballTrailBig": [
      {
        "scaleX": 1.2,
        "scaleY": 1.2,
        "duration": 0,
        "type": "CHANGE_SCALE"
      },
       {
                "type": "LOOP_START"
            },
            {
                "color": "#99999",
                "noLighter": false,
                "pAlpha":
                {
                    "init": 0.4,
                    "start":
                    {
                        "value": 0,
                        "spline": ""
                    }
                },
                "pScale":
                {
                    "init":
                    {
                        "x": 1.2,
                        "y": 1.2
                    },
                    "start":
                    {
                        "value":
                        {
                            "x": 0.84,
                            "y": 1.68
                        },
                        "spline": "EASE_IN"
                    }
                },
                "particleDuration": 0.2,
                "type": "COPY_SPRITE"
            },
            {
                "time": 0.030,
                "type": "WAIT"
            },
            {
                "type": "LOOP_END"
            }
    ],
    "ballTrailHexa": [
      {
        "anim": "HEXAGON",
        "keepAngleSync": false,
        "offset": {
          "x": 0,
          "y": 0,
          "z": 3
        },
        "pAlpha": {
          "end": {
            "spline": "",
            "value": 0
          },
          "init": 1
        },
        "pScale": {
          "init": {
            "x": 1,
            "y": 1
          },
          "start": {
            "spline": "",
            "value": {
              "x": 0.5,
              "y": 0.5
            }
          }
        },
        "particleDuration": 0.15,
        "type": "PLAY_ANIM",
        "useTargetAngle": true
      },
      {
        "time": 0.016,
        "type": "WAIT"
      }
    ],
    "ballTrailHexaSlow": [
      {
        "anim": "HEXAGON",
        "keepAngleSync": false,
        "offset": {
          "x": 0,
          "y": 0,
          "z": 3
        },
        "pAlpha": {
          "end": {
            "spline": "",
            "value": 0
          },
          "init": 1
        },
        "pScale": {
          "init": {
            "x": 1,
            "y": 1
          },
          "start": {
            "spline": "",
            "value": {
              "x": 0.5,
              "y": 0.5
            }
          }
        },
        "particleDuration": 0.5,
        "type": "PLAY_ANIM",
        "useTargetAngle": true
      },
      {
        "time": 0.016,
        "type": "WAIT"
      }
    ],
    "ballWallKill": [
      {
        "anim": "KILL",
        "pAlpha": {
          "init": 1,
          "start": {
            "value": 1
          }
        },
        "type": "PLAY_ANIM"
      },
      {
        "fadeOut": 0.35,
        "size": "L",
        "type": "LIGHT"
      },
      {
        "sound": "media/sound/battle/ball-kill.ogg",
        "type": "PLAY_SOUND",
        "volume": 0.5
      }
    ]
  }
}