{
  "ANIMS": {
    "SUB": [
      {
        "frames": [
          0,
          1,
          2,
          3,
          4
        ],
        "name": "BOUNCE",
        "pivot": {
          "x": 8,
          "y": 0
        },
        "repeat": false,
        "sheet": {
          "height": 8,
          "offX": 0,
          "offY": 240,
          "src": "media/entity/effects/ball.png ",
          "width": 16
        },
        "time": 0.05
      },
      {
        "frames": [
          0,
          1,
          2,
          3,
          4
        ],
        "name": "CIRCLE",
        "repeat": false,
        "sheet": {
          "height": 16,
          "offX": 96,
          "offY": 240,
          "src": "media/entity/effects/ball-LQM.png ",
          "width": 16
        },
        "time": 0.05
      },
      {
        "frames": [
          0,
          1,
          2,
          3,
          4,
          5
        ],
        "name": "KILL",
        "pivot": {
          "x": 16,
          "y": 0
        },
        "repeat": false,
        "sheet": {
          "height": 16,
          "offX": 0,
          "offY": 256,
          "src": "media/entity/effects/ball-LQM.png ",
          "width": 32
        },
        "time": 0.035
      },
      {
        "flipY": false,
        "frames": [
          0,
          1,
          2,
          3,
          4
        ],
        "name": "TRAIL",
        "repeat": false,
        "sheet": {
          "height": 24,
          "offX": 0,
          "offY": 272,
          "src": "media/entity/effects/ball.png",
          "width": 24
        },
        "time": 0.06
      }
    ]
  },
  "DOCTYPE": "EFFECT",
  "EFFECTS": {
    "ballAirKill": [
      {
        "anim": "CIRCLE",
        "pAlpha": {
          "init": 1,
          "start": {
            "value": 1
          }
        },
        "type": "PLAY_ANIM"
      },
      {
        "fadeOut": 0.35,
        "size": "L",
        "type": "LIGHT"
      },
      {
        "sound": "media/sound/battle/ball-kill.ogg",
        "type": "PLAY_SOUND",
        "volume": 0.5
      }
    ],
    "ballBounce": [
      {
        "anim": "BOUNCE",
        "pAlpha": {
          "init": 1,
          "start": {
            "value": 1
          }
        },
        "type": "PLAY_ANIM",
        "useTargetAngle": false
      },
      {
        "duration": 0,
        "fadeIn": 0,
        "fadeOut": 0.35,
        "glow": false,
        "size": "L",
        "type": "LIGHT"
      },
      {
        "global": false,
        "loop": false,
        "sound": "media/sound/battle/airon/wave/ball-bounce-wave3.ogg",
        "type": "PLAY_SOUND",
        "variance": 0.1,
        "volume": 0.75
      }
    ],
    "ballTrailHammer": [
            {
                "type": "LOOP_START"
            },
            {
                "color": "#00aa77",
                "noLighter": false,
                "pAlpha":
                {
                    "init": 0.4,
                    "start":
                    {
                        "value": 0,
                        "spline": ""
                    }
                },
                "pScale":
                {
                    "init":
                    {
                        "x": 1,
                        "y": 1
                    },
                    "start":
                    {
                        "value":
                        {
                            "x": 0.7,
                            "y": 1.4
                        },
                        "spline": "EASE_IN"
                    }
                },
                "particleDuration": 0.2,
                "type": "COPY_SPRITE"
            },
            {
                "time": 0.030,
                "type": "WAIT"
            },
            {
                "type": "LOOP_END"
            }
    ],
    "ballTrailBig": [
      {
        "scaleX": 1.2,
        "scaleY": 1.2,
        "duration": 0,
        "type": "CHANGE_SCALE"
      },
      {
        "useTargetAngle": true,
        "offset": {
          "x": 0,
          "y": -7,
          "z": -3
        },
        "pAlpha": {
          "init": 0.8,
          "start": {
            "value": 0.3,
            "spline": ""
          }
        },
        "pScale": {
          "init": {
            "x": 1.2,
            "y": 1.2
          }
        },
        "anim": "TRAIL",
        "type": "PLAY_ANIM"
      },
      {
        "time": 0.015,
        "type": "WAIT"
      }
    ],
    "ballTrail": [
      {
        "useTargetAngle": true,
        "offset": {
          "x": 0,
          "y": -7,
          "z": -3
        },
        "pAlpha": {
          "init": 0.8,
          "start": {
            "value": 0.3,
            "spline": ""
          }
        },
        "anim": "TRAIL",
        "type": "PLAY_ANIM"
      },
      {
        "time": 0.015,
        "type": "WAIT"
      }
    ],
    "ballWallKill": [
      {
        "anim": "KILL",
        "pAlpha": {
          "init": 1,
          "start": {
            "value": 1
          }
        },
        "type": "PLAY_ANIM"
      },
      {
        "fadeOut": 0.35,
        "size": "L",
        "type": "LIGHT"
      },
      {
        "sound": "media/sound/battle/ball-kill.ogg",
        "type": "PLAY_SOUND",
        "volume": 0.5
      }
    ]
  }
}