{
  "ANIMS": {
    "SUB": [
      {
        "frames": [
          0,
          1,
          2,
          3,
          4,
          5
        ],
        "name": "BOUNCE",
        "pivot": {
          "x": 12,
          "y": 0
        },
        "repeat": false,
        "sheet": {
          "height": 16,
          "offX": 0,
          "offY": 96,
          "src": "media/entity/effects/ball.png",
          "width": 24
        },
        "time": 0.05
      },
      {
        "frames": [
          0,
          1,
          2,
          3,
          4,
          5
        ],
        "name": "CIRCLE",
        "repeat": false,
        "sheet": {
          "height": 16,
          "offX": 144,
          "offY": 96,
          "src": "media/entity/effects/ball.png",
          "width": 16
        },
        "time": 0.05
      },
      {
        "frames": [
          0,
          1,
          2,
          3,
          4,
          5,
          6,
          7
        ],
        "name": "KILL",
        "pivot": {
          "x": 12,
          "y": 0
        },
        "repeat": false,
        "sheet": {
          "height": 16,
          "offX": 0,
          "offY": 112,
          "src": "media/entity/effects/ball.png",
          "width": 24
        },
        "time": 0.05
      },
      {
        "flipY": true,
        "frames": [
          0,
          1,
          2,
          3,
          4,
          5
        ],
        "name": "TRAIL",
        "repeat": false,
        "sheet": {
          "height": 24,
          "offX": 0,
          "offY": 128,
          "src": "media/entity/effects/ball.png",
          "width": 24
        },
        "time": 0.04
      },
      {
        "flipX": true,
        "frames": [
          0,
          1,
          2,
          3,
          4,
          5
        ],
        "name": "TRAIL_R",
        "repeat": false,
        "sheet": {
          "height": 24,
          "offX": 0,
          "offY": 128,
          "src": "media/entity/effects/ball.png",
          "width": 24
        },
        "time": 0.04
      }
    ]
  },
  "DOCTYPE": "EFFECT",
  "EFFECTS": {
    "ballAirKill": [
      {
        "anim": "CIRCLE",
        "pAlpha": {
          "init": 1,
          "start": {
            "value": 1
          }
        },
        "type": "PLAY_ANIM",
        "useTargetAngle": false
      },
      {
        "duration": 0,
        "fadeIn": 0,
        "fadeOut": 0.35,
        "glow": false,
        "size": "L",
        "type": "LIGHT"
      },
      {
        "global": false,
        "loop": false,
        "sound": "media/sound/battle/ball-kill.ogg",
        "type": "PLAY_SOUND",
        "volume": 0.5
      }
    ],
    "ballBounce": [
      {
        "anim": "BOUNCE",
        "keepAngleSync": false,
        "pAlpha": {
          "init": 1,
          "start": {
            "value": 1
          }
        },
        "type": "PLAY_ANIM",
        "useTargetAngle": false
      },
      {
        "duration": 0,
        "fadeIn": 0,
        "fadeOut": 0.35,
        "glow": false,
        "size": "L",
        "type": "LIGHT"
      },
      {
        "global": false,
        "loop": false,
        "sound": "media/sound/battle/airon/cold/ball-bounce-cold2.ogg",
        "type": "PLAY_SOUND",
        "variance": 0.1,
        "volume": 0.75
      }
    ],
    "ballTrailHammer": [
       {
                "type": "LOOP_START"
            },
            {
                "color": "#aaccff",
                "noLighter": false,
                "pAlpha":
                {
                    "init": 0.4,
                    "start":
                    {
                        "value": 0,
                        "spline": ""
                    }
                },
                "pScale":
                {
                    "init":
                    {
                        "x": 1,
                        "y": 1
                    },
                    "start":
                    {
                        "value":
                        {
                            "x": 0.7,
                            "y": 1.4
                        },
                        "spline": "EASE_IN"
                    }
                },
                "particleDuration": 0.2,
                "type": "COPY_SPRITE"
            },
            {
                "time": 0.030,
                "type": "WAIT"
            },
            {
                "type": "LOOP_END"
            }
    ],
    "ballTrail": [
      {
        "type": "PLAY_ANIM",
        "anim": "TRAIL",
        "offset": {
          "x": 0,
          "y": -7,
          "z": -3
        },
        "pAlpha": {
          "init": 0.9,
          "start": {
            "value": 0.4
          }
        },
        "useTargetAngle": true
      },
      {
        "type": "WAIT",
        "time": 0.015
      },
      {
        "type": "PLAY_ANIM",
        "anim": "TRAIL_R",
        "offset": {
          "x": 0,
          "y": -7,
          "z": -3
        },
        "pAlpha": {
          "init": 0.9,
          "start": {
            "value": 0.4
          }
        },
        "useTargetAngle": true
      },
      {
        "type": "WAIT",
        "time": 0.015
      }
    ],
    "ballWallKill": [
      {
        "anim": "KILL",
        "pAlpha": {
          "init": 1,
          "start": {
            "value": 1
          }
        },
        "type": "PLAY_ANIM"
      },
      {
        "fadeOut": 0.35,
        "size": "L",
        "type": "LIGHT"
      },
      {
        "sound": "media/sound/battle/ball-kill.ogg",
        "type": "PLAY_SOUND",
        "volume": 0.5
      }
    ],
    "snowballTrail": [
      {
        "duration": -1,
        "fadeIn": 0,
        "fadeOut": 0.1,
        "glow": false,
        "size": "XXL",
        "type": "LIGHT"
      },
      {
        "type": "LOOP_START"
      },
      {
        "color": "white",
        "noLighter": false,
        "pAlpha": {
          "init": 0.6,
          "start": {
            "spline": "",
            "value": 0
          }
        },
        "particleDuration": 0.2,
        "type": "COPY_SPRITE"
      },
      {
        "time": 0.033,
        "type": "WAIT"
      },
      {
        "type": "LOOP_END"
      }
    ]
  }
}