{
  "DOCTYPE": "EFFECT",
  "ANIMS": {
    "guiSprites": true,
    "SUB": [
      {
        "name": "CIRCLE_NEUTRAL",
        "sheet": {
          "src": "media/entity/effects/lighter-particle-big-square.png",
          "offX": 0,
          "offY": 0,
          "width": 96,
          "height": 96
        },
        "renderMode": "lighter",
        "time": 0.3,
        "repeat": false,
        "frames": [
          0
        ]
      },
      {
        "name": "CIRCLE_HEAT",
        "sheet": {
          "src": "media/entity/effects/lighter-particle-big-square.png",
          "offX": 0,
          "offY": 0,
          "width": 96,
          "height": 96
        },
        "renderMode": "lighter",
        "time": 0.3,
        "repeat": false,
        "frames": [
          1
        ]
      },
      {
        "name": "CIRCLE_COLD",
        "sheet": {
          "src": "media/entity/effects/lighter-particle-big-square.png",
          "offX": 0,
          "offY": 0,
          "width": 96,
          "height": 96
        },
        "renderMode": "lighter",
        "time": 0.3,
        "repeat": false,
        "frames": [
          2
        ]
      },
      {
        "name": "CIRCLE_SHOCK",
        "sheet": {
          "src": "media/entity/effects/lighter-particle-big-square.png",
          "offX": 0,
          "offY": 0,
          "width": 96,
          "height": 96
        },
        "renderMode": "lighter",
        "time": 0.3,
        "repeat": false,
        "frames": [
          3
        ]
      },
      {
        "name": "CIRCLE_WAVE",
        "sheet": {
          "src": "media/entity/effects/lighter-particle-big-square.png",
          "offX": 0,
          "offY": 0,
          "width": 96,
          "height": 96
        },
        "renderMode": "lighter",
        "time": 0.3,
        "repeat": false,
        "frames": [
          4
        ]
      },
      {
        "name": "SUCK_PARTICLE",
        "pivot": {
          "x": 4,
          "y": 28
        },
        "sheet": {
          "src": "media/entity/effects/special-charge.png",
          "offX": 0,
          "offY": 0,
          "width": 8,
          "height": 32
        },
        "renderMode": "lighter",
        "time": 0.04,
        "repeat": false,
        "frames": [
          0,
          1,
          2,
          3,
          4,
          5,
          6,
          7
        ]
      },
      {
        "name": "STAR",
        "sheet": {
          "src": "media/entity/effects/particles1.png",
          "offX": 144,
          "offY": 96,
          "width": 16,
          "height": 16
        },
        "guiSprites": true,
        "renderMode": "lighter",
        "time": 0.4,
        "repeat": false,
        "frames": [
          0
        ]
      },
      {
        "name": "STAR_FILLED",
        "sheet": {
          "src": "media/entity/effects/particles1.png",
          "offX": 144,
          "offY": 96,
          "width": 16,
          "height": 16
        },
        "guiSprites": true,
        "renderMode": "lighter",
        "time": 0.4,
        "repeat": false,
        "frames": [
          1
        ]
      }
    ]
  },
  "EFFECTS": {
    "flashShort": [
      {
        "color": "white",
        "alpha": 1,
        "duration": 0.3,
        "keepDuration": 0,
        "noLighter": false,
        "type": "FLASH_COLOR"
      }
    ],
    "playerDefeat": [
      {
        "color": "#ff0000",
        "fadeIn": 0.1,
        "fadeOut": 1,
        "duration": 1,
        "type": "SCREEN_FLASH"
      },
      {
        "volume": 1,
        "global": true,
        "loop": false,
        "speed": 0.3,
        "sound": "media/sound/battle/hit-counter-echo.ogg",
        "type": "PLAY_SOUND"
      },
      {
        "volume": 1.5,
        "global": true,
        "loop": false,
        "speed": 2,
        "sound": "media/sound/scenes/swoosh-rise-long.ogg",
        "type": "PLAY_SOUND"
      },
      {
        "volume": 1,
        "global": true,
        "loop": false,
        "speed": 0.5,
        "sound": "media/sound/battle/airon/hit-organic-deep-4.ogg",
        "type": "PLAY_SOUND"
      },
      {
        "time": 0.2,
        "type": "WAIT"
      },
      {
        "volume": 0.9,
        "global": true,
        "loop": false,
        "speed": 0.5,
        "sound": "media/sound/battle/airon/hit-organic-deep-4.ogg",
        "type": "PLAY_SOUND"
      },
      {
        "time": 0.2,
        "type": "WAIT"
      },
      {
        "volume": 0.8,
        "global": true,
        "loop": false,
        "speed": 0.5,
        "sound": "media/sound/battle/airon/hit-organic-deep-4.ogg",
        "type": "PLAY_SOUND"
      },
      {
        "time": 0.2,
        "type": "WAIT"
      },
      {
        "volume": 0.7,
        "global": true,
        "loop": false,
        "speed": 0.5,
        "sound": "media/sound/battle/airon/hit-organic-deep-4.ogg",
        "type": "PLAY_SOUND"
      },
      {
        "time": 0.2,
        "type": "WAIT"
      },
      {
        "volume": 0.6,
        "global": true,
        "loop": false,
        "speed": 0.5,
        "sound": "media/sound/battle/airon/hit-organic-deep-4.ogg",
        "type": "PLAY_SOUND"
      },
      {
        "time": 0.2,
        "type": "WAIT"
      },
      {
        "volume": 0.5,
        "global": true,
        "loop": false,
        "speed": 0.5,
        "sound": "media/sound/battle/airon/hit-organic-deep-4.ogg",
        "type": "PLAY_SOUND"
      },
      {
        "time": 0.13,
        "type": "WAIT"
      },
      {
        "time": 0.13,
        "type": "WAIT"
      }
    ],
    "rankC": [
      {
        "volume": 1,
        "global": true,
        "loop": false,
        "sound": "media/sound/battle/new-rank.ogg",
        "type": "PLAY_SOUND"
      },
      {
        "numParticles": 3,
        "duration": 0.2,
        "centralAngle": 1,
        "startDist": 16,
        "random": true,
        "moveDist": 80,
        "moveVariance": 20,
        "keySpline": "EASE_OUT",
        "collision": false,
        "pScale": {
          "init": {
            "x": 0.5,
            "y": 0.5
          },
          "start": {
            "value": {
              "x": 1,
              "y": 1
            },
            "time": 0.2,
            "spline": ""
          },
          "end": {
            "value": {
              "x": 0,
              "y": 0
            },
            "time": 0.2,
            "spline": ""
          }
        },
        "pRotate": {
          "init": 0,
          "start": {
            "value": 0.5,
            "spline": ""
          }
        },
        "particleDuration": 0.7,
        "anim": "STAR_FILLED",
        "type": "OFFSET_PARTICLE_CIRCLE"
      }
    ],
    "rankB": [
      {
        "volume": 1,
        "global": true,
        "loop": false,
        "speed": 1.1,
        "sound": "media/sound/battle/new-rank.ogg",
        "type": "PLAY_SOUND"
      },
      {
        "numParticles": 5,
        "duration": 0.2,
        "centralAngle": 1,
        "startDist": 16,
        "random": true,
        "moveDist": 80,
        "moveVariance": 20,
        "keySpline": "EASE_OUT",
        "collision": false,
        "pScale": {
          "init": {
            "x": 0.5,
            "y": 0.5
          },
          "start": {
            "value": {
              "x": 1,
              "y": 1
            },
            "time": 0.2,
            "spline": ""
          },
          "end": {
            "value": {
              "x": 0,
              "y": 0
            },
            "time": 0.2,
            "spline": ""
          }
        },
        "pRotate": {
          "init": 0,
          "start": {
            "value": 0.5,
            "spline": ""
          }
        },
        "particleDuration": 0.7,
        "anim": "STAR_FILLED",
        "type": "OFFSET_PARTICLE_CIRCLE"
      }
    ],
    "rankA": [
      {
        "volume": 1,
        "global": true,
        "loop": false,
        "speed": 1.2,
        "sound": "media/sound/battle/new-rank.ogg",
        "type": "PLAY_SOUND"
      },
      {
        "numParticles": 7,
        "duration": 0.2,
        "centralAngle": 1,
        "startDist": 16,
        "random": true,
        "moveDist": 100,
        "moveVariance": 40,
        "keySpline": "EASE_OUT",
        "collision": false,
        "pScale": {
          "init": {
            "x": 0.5,
            "y": 0.5
          },
          "start": {
            "value": {
              "x": 1,
              "y": 1
            },
            "time": 0.2,
            "spline": ""
          },
          "end": {
            "value": {
              "x": 0,
              "y": 0
            },
            "time": 0.2,
            "spline": ""
          }
        },
        "pRotate": {
          "init": 0,
          "start": {
            "value": 0.5,
            "spline": ""
          }
        },
        "particleDuration": 0.7,
        "anim": "STAR_FILLED",
        "type": "OFFSET_PARTICLE_CIRCLE"
      }
    ],
    "rankS": [
      {
        "volume": 1,
        "global": true,
        "loop": false,
        "sound": "media/sound/battle/s-rank.ogg",
        "type": "PLAY_SOUND"
      },
      {
        "color": "#004444",
        "fadeIn": 0.3,
        "fadeOut": 2,
        "duration": 0.1,
        "type": "SCREEN_FLASH"
      },
      {
        "numParticles": 50,
        "duration": 0.6,
        "centralAngle": 1,
        "startDist": 32,
        "random": true,
        "moveDist": 320,
        "keySpline": "LINEAR",
        "collision": false,
        "pScale": {
          "init": {
            "x": 0.5,
            "y": 0.5
          },
          "start": {
            "value": {
              "x": 1,
              "y": 1
            },
            "time": 0.1,
            "spline": ""
          },
          "end": {
            "value": {
              "x": 0,
              "y": 0
            },
            "time": 0.2,
            "spline": ""
          }
        },
        "pRotate": {
          "init": 0,
          "start": {
            "value": 1,
            "spline": ""
          }
        },
        "particleDuration": 0.7,
        "anim": "STAR_FILLED",
        "type": "OFFSET_PARTICLE_CIRCLE"
      },
      {
        "numParticles": 75,
        "duration": 1.5,
        "centralAngle": 1,
        "startDist": 32,
        "random": true,
        "moveDist": 320,
        "keySpline": "LINEAR",
        "collision": false,
        "pScale": {
          "init": {
            "x": 0.5,
            "y": 0.5
          },
          "start": {
            "value": {
              "x": 1,
              "y": 1
            },
            "time": 0.1,
            "spline": ""
          },
          "end": {
            "value": {
              "x": 0,
              "y": 0
            },
            "time": 0.2,
            "spline": ""
          }
        },
        "pRotate": {
          "init": 0,
          "start": {
            "value": 1,
            "spline": ""
          }
        },
        "particleDuration": 1,
        "anim": "STAR",
        "type": "OFFSET_PARTICLE_CIRCLE"
      },
      {
        "time": 0.13,
        "type": "WAIT"
      }
    ],
    "sRankKill": [
      {
        "volume": 0.8,
        "global": true,
        "loop": false,
        "variance": 0.2,
        "speed": 1.3,
        "sound": "media/sound/battle/new-rank.ogg",
        "type": "PLAY_SOUND"
      },
      {
        "color": "#002222",
        "fadeIn": 0.1,
        "fadeOut": 0.2,
        "duration": 0.1,
        "type": "SCREEN_FLASH"
      },
      {
        "numParticles": 10,
        "duration": 0.2,
        "centralAngle": 1,
        "startDist": 16,
        "random": true,
        "moveDist": 100,
        "moveVariance": 40,
        "keySpline": "EASE_OUT",
        "collision": false,
        "pScale": {
          "init": {
            "x": 0.5,
            "y": 0.5
          },
          "start": {
            "value": {
              "x": 1,
              "y": 1
            },
            "time": 0.2,
            "spline": ""
          },
          "end": {
            "value": {
              "x": 0,
              "y": 0
            },
            "time": 0.2,
            "spline": ""
          }
        },
        "pRotate": {
          "init": 0,
          "start": {
            "value": 0.5,
            "spline": ""
          }
        },
        "particleDuration": 0.7,
        "anim": "STAR_FILLED",
        "type": "OFFSET_PARTICLE_CIRCLE"
      }
    ],
    "chargeLevel1": [
      {
        "size": "L",
        "fadeIn": 0,
        "fadeOut": 0.1,
        "duration": -1,
        "glow": false,
        "type": "LIGHT"
      },
      {
        "color": "white",
        "alpha": 1,
        "duration": 0.3,
        "keepDuration": 0.1,
        "noLighter": false,
        "type": "FLASH_COLOR"
      },
      {
        "numParticles": 3,
        "duration": 0,
        "centralAngle": 1,
        "startDist": 0,
        "uniformRandom": 0.3,
        "particleRotate": true,
        "offset": {
          "x": 0,
          "y": 128,
          "z": 128
        },
        "moveDist": 20,
        "moveVariance": 0,
        "keySpline": "EASE_OUT",
        "inverse": true,
        "collision": false,
        "moveWithTarget": 1,
        "anim": "SUCK_PARTICLE",
        "type": "OFFSET_PARTICLE_CIRCLE"
      },
      {
        "useTargetAngle": false,
        "keepAngleSync": false,
        "offset": {
          "x": 0,
          "y": 0,
          "z": 0
        },
        "pAlpha": {
          "init": 1,
          "start": {
            "value": 0,
            "spline": "LINEAR"
          }
        },
        "pScale": {
          "init": {
            "x": 0.25,
            "y": 0.25
          },
          "start": {
            "value": {
              "x": 0.75,
              "y": 0.75
            },
            "spline": "EASE_OUT"
          }
        },
        "moveWithTarget": 1,
        "particleDuration": 0.25,
        "anim": "CIRCLE_NEUTRAL",
        "type": "PLAY_ANIM"
      },
      {
        "time": 0.05,
        "type": "WAIT"
      },
      {
        "type": "LOOP_START"
      },
      {
        "color": "#fff",
        "colorAlpha": "1",
        "noLighter": true,
        "pAlpha": {
          "init": 0.6,
          "start": {
            "value": 0.1,
            "spline": "EASE_OUT"
          }
        },
        "pScale": {
          "init": {
            "x": 1,
            "y": 1
          },
          "start": {
            "value": {
              "x": 1.75,
              "y": 1.75
            },
            "spline": "EASE_OUT"
          }
        },
        "particleDuration": 0.15,
        "type": "COPY_SPRITE"
      },
      {
        "time": 0.066,
        "type": "WAIT"
      },
      {
        "type": "LOOP_END"
      }
    ],
    "chargeLevel2": [
      {
        "size": "XL",
        "fadeIn": 0,
        "fadeOut": 0.1,
        "duration": -1,
        "glow": false,
        "type": "LIGHT"
      },
      {
        "color": "white",
        "alpha": 1,
        "duration": 0.4,
        "keepDuration": 0.1,
        "noLighter": false,
        "type": "FLASH_COLOR"
      },
      {
        "numParticles": 6,
        "duration": 0,
        "centralAngle": 1,
        "startDist": 0,
        "uniformRandom": 0.3,
        "particleRotate": true,
        "offset": {
          "x": 0,
          "y": 128,
          "z": 128
        },
        "moveDist": 48,
        "moveVariance": 24,
        "keySpline": "EASE_OUT",
        "inverse": true,
        "collision": false,
        "moveWithTarget": 1,
        "anim": "SUCK_PARTICLE",
        "type": "OFFSET_PARTICLE_CIRCLE"
      },
      {
        "useTargetAngle": false,
        "keepAngleSync": false,
        "offset": {
          "x": 0,
          "y": 0,
          "z": 0
        },
        "pAlpha": {
          "init": 1,
          "start": {
            "value": 0,
            "spline": "LINEAR"
          }
        },
        "pScale": {
          "init": {
            "x": 0.25,
            "y": 0.25
          },
          "start": {
            "value": {
              "x": 0.6,
              "y": 0.6
            },
            "spline": "EASE_OUT"
          }
        },
        "moveWithTarget": 1,
        "anim": "CIRCLE_NEUTRAL",
        "type": "PLAY_ANIM"
      },
      {
        "useTargetAngle": false,
        "keepAngleSync": false,
        "offset": {
          "x": 0,
          "y": 0,
          "z": 0
        },
        "pAlpha": {
          "init": 1,
          "start": {
            "value": 0,
            "spline": "LINEAR"
          }
        },
        "pScale": {
          "init": {
            "x": 0.25,
            "y": 0.25
          },
          "start": {
            "value": {
              "x": 1,
              "y": 1
            },
            "spline": "EASE_OUT"
          }
        },
        "moveWithTarget": 1,
        "particleDuration": 0.3,
        "anim": "CIRCLE_NEUTRAL",
        "type": "PLAY_ANIM"
      },
      {
        "useTargetAngle": false,
        "keepAngleSync": false,
        "offset": {
          "x": 0,
          "y": 0,
          "z": 0
        },
        "pAlpha": {
          "init": 1,
          "start": {
            "value": 0,
            "spline": "EASE_OUT"
          }
        },
        "pScale": {
          "init": {
            "x": 0.25,
            "y": 0.1
          },
          "start": {
            "value": {
              "x": 2,
              "y": 0.4
            },
            "spline": "EASE_OUT"
          }
        },
        "pRotate": {
          "init": 0.125
        },
        "moveWithTarget": 1,
        "anim": "CIRCLE_NEUTRAL",
        "type": "PLAY_ANIM"
      },
      {
        "useTargetAngle": false,
        "keepAngleSync": false,
        "offset": {
          "x": 0,
          "y": 0,
          "z": 0
        },
        "pAlpha": {
          "init": 1,
          "start": {
            "value": 0,
            "spline": "EASE_OUT"
          }
        },
        "pScale": {
          "init": {
            "x": 0.25,
            "y": 0.1
          },
          "start": {
            "value": {
              "x": 2,
              "y": 0.4
            },
            "spline": "EASE_OUT"
          }
        },
        "pRotate": {
          "init": -0.125
        },
        "moveWithTarget": 1,
        "anim": "CIRCLE_NEUTRAL",
        "type": "PLAY_ANIM"
      },
      {
        "time": 0.05,
        "type": "WAIT"
      },
      {
        "type": "LOOP_START"
      },
      {
        "color": "#fff",
        "colorAlpha": "1",
        "noLighter": true,
        "pAlpha": {
          "init": 0.6,
          "start": {
            "value": 0.1,
            "spline": "EASE_OUT"
          }
        },
        "pScale": {
          "init": {
            "x": 1,
            "y": 1
          },
          "start": {
            "value": {
              "x": 1.75,
              "y": 1.75
            },
            "spline": "EASE_OUT"
          }
        },
        "particleDuration": 0.15,
        "type": "COPY_SPRITE"
      },
      {
        "time": 0.066,
        "type": "WAIT"
      },
      {
        "type": "LOOP_END"
      }
    ],
    "chargeLevel3": [
      {
        "size": "XXL",
        "fadeIn": 0,
        "fadeOut": 0.1,
        "duration": -1,
        "glow": false,
        "type": "LIGHT"
      },
      {
        "color": "white",
        "alpha": 1,
        "duration": 0.5,
        "keepDuration": 0.1,
        "noLighter": false,
        "type": "FLASH_COLOR"
      },
      {
        "numParticles": 12,
        "duration": 0,
        "centralAngle": 1,
        "startDist": 0,
        "uniformRandom": 0.3,
        "particleRotate": true,
        "offset": {
          "x": 0,
          "y": 128,
          "z": 128
        },
        "moveDist": 80,
        "moveVariance": 32,
        "keySpline": "EASE_OUT",
        "inverse": true,
        "collision": false,
        "moveWithTarget": 1,
        "anim": "SUCK_PARTICLE",
        "type": "OFFSET_PARTICLE_CIRCLE"
      },
      {
        "useTargetAngle": false,
        "keepAngleSync": false,
        "offset": {
          "x": 0,
          "y": 0,
          "z": 0
        },
        "pAlpha": {
          "init": 1,
          "start": {
            "value": 0,
            "spline": "EASE_OUT"
          }
        },
        "pScale": {
          "init": {
            "x": 0.25,
            "y": 0.25
          },
          "start": {
            "value": {
              "x": 0.6,
              "y": 0.6
            },
            "spline": "EASE_OUT"
          }
        },
        "moveWithTarget": 1,
        "anim": "CIRCLE_NEUTRAL",
        "type": "PLAY_ANIM"
      },
      {
        "useTargetAngle": false,
        "keepAngleSync": false,
        "offset": {
          "x": 0,
          "y": 0,
          "z": 0
        },
        "pAlpha": {
          "init": 1,
          "start": {
            "value": 0,
            "spline": "EASE_OUT"
          }
        },
        "pScale": {
          "init": {
            "x": 0.25,
            "y": 0.25
          },
          "start": {
            "value": {
              "x": 1,
              "y": 1
            },
            "spline": "EASE_OUT"
          }
        },
        "moveWithTarget": 1,
        "anim": "CIRCLE_NEUTRAL",
        "type": "PLAY_ANIM"
      },
      {
        "useTargetAngle": false,
        "keepAngleSync": false,
        "offset": {
          "x": 0,
          "y": 0,
          "z": 0
        },
        "pAlpha": {
          "init": 1,
          "start": {
            "value": 0,
            "spline": "EASE_OUT"
          }
        },
        "pScale": {
          "init": {
            "x": 0.25,
            "y": 0.25
          },
          "start": {
            "value": {
              "x": 2,
              "y": 2
            },
            "spline": "EASE_OUT"
          }
        },
        "moveWithTarget": 1,
        "anim": "CIRCLE_NEUTRAL",
        "type": "PLAY_ANIM"
      },
      {
        "useTargetAngle": false,
        "keepAngleSync": false,
        "offset": {
          "x": 0,
          "y": 0,
          "z": 0
        },
        "pAlpha": {
          "init": 1,
          "start": {
            "value": 0,
            "spline": "EASE_OUT"
          }
        },
        "pScale": {
          "init": {
            "x": 0.25,
            "y": 0.25
          },
          "start": {
            "value": {
              "x": 5,
              "y": 0.5
            },
            "spline": "EASE_OUT"
          }
        },
        "pRotate": {
          "init": 0.08
        },
        "moveWithTarget": 1,
        "anim": "CIRCLE_NEUTRAL",
        "type": "PLAY_ANIM"
      },
      {
        "useTargetAngle": false,
        "keepAngleSync": false,
        "offset": {
          "x": 0,
          "y": 0,
          "z": 0
        },
        "pAlpha": {
          "init": 1,
          "start": {
            "value": 0,
            "spline": "EASE_OUT"
          }
        },
        "pScale": {
          "init": {
            "x": 0.25,
            "y": 0.25
          },
          "start": {
            "value": {
              "x": 5,
              "y": 0.5
            },
            "spline": "EASE_OUT"
          }
        },
        "pRotate": {
          "init": 0.17
        },
        "moveWithTarget": 1,
        "anim": "CIRCLE_NEUTRAL",
        "type": "PLAY_ANIM"
      },
      {
        "useTargetAngle": false,
        "keepAngleSync": false,
        "offset": {
          "x": 0,
          "y": 0,
          "z": 0
        },
        "pAlpha": {
          "init": 1,
          "start": {
            "value": 0,
            "spline": "EASE_OUT"
          }
        },
        "pScale": {
          "init": {
            "x": 0.25,
            "y": 0.25
          },
          "start": {
            "value": {
              "x": 5,
              "y": 0.5
            },
            "spline": "EASE_OUT"
          }
        },
        "pRotate": {
          "init": -0.08
        },
        "moveWithTarget": 1,
        "anim": "CIRCLE_NEUTRAL",
        "type": "PLAY_ANIM"
      },
      {
        "useTargetAngle": false,
        "keepAngleSync": false,
        "offset": {
          "x": 0,
          "y": 0,
          "z": 0
        },
        "pAlpha": {
          "init": 1,
          "start": {
            "value": 0,
            "spline": "EASE_OUT"
          }
        },
        "pScale": {
          "init": {
            "x": 0.25,
            "y": 0.25
          },
          "start": {
            "value": {
              "x": 5,
              "y": 0.5
            },
            "spline": "EASE_OUT"
          }
        },
        "pRotate": {
          "init": -0.17
        },
        "moveWithTarget": 1,
        "anim": "CIRCLE_NEUTRAL",
        "type": "PLAY_ANIM"
      },
      {
        "time": 0.05,
        "type": "WAIT"
      },
      {
        "type": "LOOP_START"
      },
      {
        "color": "#fff",
        "colorAlpha": "1",
        "noLighter": true,
        "pAlpha": {
          "init": 0.6,
          "start": {
            "value": 0.1,
            "spline": "EASE_OUT"
          }
        },
        "pScale": {
          "init": {
            "x": 1,
            "y": 1
          },
          "start": {
            "value": {
              "x": 1.75,
              "y": 1.75
            },
            "spline": "EASE_OUT"
          }
        },
        "particleDuration": 0.15,
        "type": "COPY_SPRITE"
      },
      {
        "time": 0.066,
        "type": "WAIT"
      },
      {
        "type": "LOOP_END"
      }
    ],
    "chargeLevel1-switch": [
      {
        "size": "L",
        "fadeIn": 0,
        "fadeOut": 0.1,
        "duration": -1,
        "glow": false,
        "type": "LIGHT"
      },
      {
        "color": "white",
        "alpha": 1,
        "duration": 0.3,
        "keepDuration": 0.1,
        "noLighter": false,
        "type": "FLASH_COLOR"
      },
      {
        "numParticles": 3,
        "duration": 0,
        "centralAngle": 1,
        "startDist": 0,
        "uniformRandom": 0.3,
        "particleRotate": true,
        "offset": {
          "x": 0,
          "y": 128,
          "z": 128
        },
        "moveDist": 20,
        "moveVariance": 0,
        "keySpline": "EASE_OUT",
        "inverse": true,
        "collision": false,
        "moveWithTarget": 1,
        "anim": "SUCK_PARTICLE",
        "type": "OFFSET_PARTICLE_CIRCLE"
      },
      {
        "useTargetAngle": false,
        "keepAngleSync": false,
        "offset": {
          "x": 0,
          "y": 0,
          "z": 0
        },
        "pAlpha": {
          "init": 1,
          "start": {
            "value": 0,
            "spline": "LINEAR"
          }
        },
        "pScale": {
          "init": {
            "x": 0.25,
            "y": 0.25
          },
          "start": {
            "value": {
              "x": 0.75,
              "y": 0.75
            },
            "spline": "EASE_OUT"
          }
        },
        "moveWithTarget": 1,
        "particleDuration": 0.25,
        "anim": "CIRCLE_NEUTRAL",
        "type": "PLAY_ANIM"
      },
      {
        "time": 0.05,
        "type": "WAIT"
      },
      {
        "type": "LOOP_START"
      },
      {
        "color": "#fff",
        "colorAlpha": "1",
        "noLighter": true,
        "pAlpha": {
          "init": 0.6,
          "start": {
            "value": 0.1,
            "spline": "EASE_OUT"
          }
        },
        "pScale": {
          "init": {
            "x": 1,
            "y": 1
          },
          "start": {
            "value": {
              "x": 1.75,
              "y": 1.75
            },
            "spline": "EASE_OUT"
          }
        },
        "particleDuration": 0.15,
        "type": "COPY_SPRITE"
      },
      {
        "time": 0.066,
        "type": "WAIT"
      },
      {
        "type": "LOOP_END"
      }
    ],
    "chargeLevel1heat": [
      {
        "size": "L",
        "fadeIn": 0,
        "fadeOut": 0.1,
        "duration": -1,
        "glow": false,
        "type": "LIGHT"
      },
      {
        "color": "white",
        "alpha": 1,
        "duration": 0.3,
        "keepDuration": 0.1,
        "noLighter": false,
        "type": "FLASH_COLOR"
      },
      {
        "numParticles": 3,
        "duration": 0,
        "centralAngle": 1,
        "startDist": 0,
        "uniformRandom": 0.3,
        "particleRotate": true,
        "offset": {
          "x": 0,
          "y": 128,
          "z": 128
        },
        "moveDist": 20,
        "moveVariance": 0,
        "keySpline": "EASE_OUT",
        "inverse": true,
        "collision": false,
        "moveWithTarget": 1,
        "anim": "SUCK_PARTICLE",
        "type": "OFFSET_PARTICLE_CIRCLE"
      },
      {
        "useTargetAngle": false,
        "keepAngleSync": false,
        "offset": {
          "x": 0,
          "y": 0,
          "z": 0
        },
        "pAlpha": {
          "init": 1,
          "start": {
            "value": 0,
            "spline": "LINEAR"
          }
        },
        "pScale": {
          "init": {
            "x": 0.25,
            "y": 0.25
          },
          "start": {
            "value": {
              "x": 0.75,
              "y": 0.75
            },
            "spline": "EASE_OUT"
          }
        },
        "moveWithTarget": 1,
        "particleDuration": 0.25,
        "anim": "CIRCLE_HEAT",
        "type": "PLAY_ANIM"
      },
      {
        "time": 0.05,
        "type": "WAIT"
      },
      {
        "type": "LOOP_START"
      },
      {
        "color": "#f21",
        "colorAlpha": "1",
        "noLighter": true,
        "pAlpha": {
          "init": 0.8,
          "start": {
            "value": 0.1,
            "spline": "EASE_OUT"
          }
        },
        "pScale": {
          "init": {
            "x": 1,
            "y": 1
          },
          "start": {
            "value": {
              "x": 1.75,
              "y": 1.75
            },
            "spline": "EASE_OUT"
          }
        },
        "particleDuration": 0.15,
        "type": "COPY_SPRITE"
      },
      {
        "time": 0.066,
        "type": "WAIT"
      },
      {
        "type": "LOOP_END"
      }
    ],
    "chargeLevel2heat": [
      {
        "size": "XL",
        "fadeIn": 0,
        "fadeOut": 0.1,
        "duration": -1,
        "glow": false,
        "type": "LIGHT"
      },
      {
        "color": "white",
        "alpha": 1,
        "duration": 0.4,
        "keepDuration": 0.1,
        "noLighter": false,
        "type": "FLASH_COLOR"
      },
      {
        "numParticles": 6,
        "duration": 0,
        "centralAngle": 1,
        "startDist": 0,
        "uniformRandom": 0.3,
        "particleRotate": true,
        "offset": {
          "x": 0,
          "y": 128,
          "z": 128
        },
        "moveDist": 48,
        "moveVariance": 24,
        "keySpline": "EASE_OUT",
        "inverse": true,
        "collision": false,
        "moveWithTarget": 1,
        "anim": "SUCK_PARTICLE",
        "type": "OFFSET_PARTICLE_CIRCLE"
      },
      {
        "useTargetAngle": false,
        "keepAngleSync": false,
        "offset": {
          "x": 0,
          "y": 0,
          "z": 0
        },
        "pAlpha": {
          "init": 1,
          "start": {
            "value": 0,
            "spline": "LINEAR"
          }
        },
        "pScale": {
          "init": {
            "x": 0.25,
            "y": 0.25
          },
          "start": {
            "value": {
              "x": 0.6,
              "y": 0.6
            },
            "spline": "EASE_OUT"
          }
        },
        "moveWithTarget": 1,
        "anim": "CIRCLE_HEAT",
        "type": "PLAY_ANIM"
      },
      {
        "useTargetAngle": false,
        "keepAngleSync": false,
        "offset": {
          "x": 0,
          "y": 0,
          "z": 0
        },
        "pAlpha": {
          "init": 1,
          "start": {
            "value": 0,
            "spline": "LINEAR"
          }
        },
        "pScale": {
          "init": {
            "x": 0.25,
            "y": 0.25
          },
          "start": {
            "value": {
              "x": 1,
              "y": 1
            },
            "spline": "EASE_OUT"
          }
        },
        "moveWithTarget": 1,
        "particleDuration": 0.3,
        "anim": "CIRCLE_HEAT",
        "type": "PLAY_ANIM"
      },
      {
        "useTargetAngle": false,
        "keepAngleSync": false,
        "offset": {
          "x": 0,
          "y": 0,
          "z": 0
        },
        "pAlpha": {
          "init": 1,
          "start": {
            "value": 0,
            "spline": "EASE_OUT"
          }
        },
        "pScale": {
          "init": {
            "x": 0.25,
            "y": 0.1
          },
          "start": {
            "value": {
              "x": 2,
              "y": 0.4
            },
            "spline": "EASE_OUT"
          }
        },
        "pRotate": {
          "init": 0.125
        },
        "moveWithTarget": 1,
        "anim": "CIRCLE_HEAT",
        "type": "PLAY_ANIM"
      },
      {
        "useTargetAngle": false,
        "keepAngleSync": false,
        "offset": {
          "x": 0,
          "y": 0,
          "z": 0
        },
        "pAlpha": {
          "init": 1,
          "start": {
            "value": 0,
            "spline": "EASE_OUT"
          }
        },
        "pScale": {
          "init": {
            "x": 0.25,
            "y": 0.1
          },
          "start": {
            "value": {
              "x": 2,
              "y": 0.4
            },
            "spline": "EASE_OUT"
          }
        },
        "pRotate": {
          "init": -0.125
        },
        "moveWithTarget": 1,
        "anim": "CIRCLE_HEAT",
        "type": "PLAY_ANIM"
      },
      {
        "time": 0.05,
        "type": "WAIT"
      },
      {
        "type": "LOOP_START"
      },
      {
        "color": "#f21",
        "colorAlpha": "1",
        "noLighter": true,
        "pAlpha": {
          "init": 0.8,
          "start": {
            "value": 0.1,
            "spline": "EASE_OUT"
          }
        },
        "pScale": {
          "init": {
            "x": 1,
            "y": 1
          },
          "start": {
            "value": {
              "x": 1.75,
              "y": 1.75
            },
            "spline": "EASE_OUT"
          }
        },
        "particleDuration": 0.15,
        "type": "COPY_SPRITE"
      },
      {
        "time": 0.066,
        "type": "WAIT"
      },
      {
        "type": "LOOP_END"
      }
    ],
    "chargeLevel3heat": [
      {
        "size": "XXL",
        "fadeIn": 0,
        "fadeOut": 0.1,
        "duration": -1,
        "glow": false,
        "type": "LIGHT"
      },
      {
        "color": "white",
        "alpha": 1,
        "duration": 0.5,
        "keepDuration": 0.1,
        "noLighter": false,
        "type": "FLASH_COLOR"
      },
      {
        "numParticles": 12,
        "duration": 0,
        "centralAngle": 1,
        "startDist": 0,
        "uniformRandom": 0.3,
        "particleRotate": true,
        "offset": {
          "x": 0,
          "y": 128,
          "z": 128
        },
        "moveDist": 80,
        "moveVariance": 32,
        "keySpline": "EASE_OUT",
        "inverse": true,
        "collision": false,
        "moveWithTarget": 1,
        "anim": "SUCK_PARTICLE",
        "type": "OFFSET_PARTICLE_CIRCLE"
      },
      {
        "useTargetAngle": false,
        "keepAngleSync": false,
        "offset": {
          "x": 0,
          "y": 0,
          "z": 0
        },
        "pAlpha": {
          "init": 1,
          "start": {
            "value": 0,
            "spline": "EASE_OUT"
          }
        },
        "pScale": {
          "init": {
            "x": 0.25,
            "y": 0.25
          },
          "start": {
            "value": {
              "x": 0.6,
              "y": 0.6
            },
            "spline": "EASE_OUT"
          }
        },
        "moveWithTarget": 1,
        "anim": "CIRCLE_HEAT",
        "type": "PLAY_ANIM"
      },
      {
        "useTargetAngle": false,
        "keepAngleSync": false,
        "offset": {
          "x": 0,
          "y": 0,
          "z": 0
        },
        "pAlpha": {
          "init": 1,
          "start": {
            "value": 0,
            "spline": "EASE_OUT"
          }
        },
        "pScale": {
          "init": {
            "x": 0.25,
            "y": 0.25
          },
          "start": {
            "value": {
              "x": 1,
              "y": 1
            },
            "spline": "EASE_OUT"
          }
        },
        "moveWithTarget": 1,
        "anim": "CIRCLE_HEAT",
        "type": "PLAY_ANIM"
      },
      {
        "useTargetAngle": false,
        "keepAngleSync": false,
        "offset": {
          "x": 0,
          "y": 0,
          "z": 0
        },
        "pAlpha": {
          "init": 1,
          "start": {
            "value": 0,
            "spline": "EASE_OUT"
          }
        },
        "pScale": {
          "init": {
            "x": 0.25,
            "y": 0.25
          },
          "start": {
            "value": {
              "x": 2,
              "y": 2
            },
            "spline": "EASE_OUT"
          }
        },
        "moveWithTarget": 1,
        "anim": "CIRCLE_HEAT",
        "type": "PLAY_ANIM"
      },
      {
        "useTargetAngle": false,
        "keepAngleSync": false,
        "offset": {
          "x": 0,
          "y": 0,
          "z": 0
        },
        "pAlpha": {
          "init": 1,
          "start": {
            "value": 0,
            "spline": "EASE_OUT"
          }
        },
        "pScale": {
          "init": {
            "x": 0.25,
            "y": 0.25
          },
          "start": {
            "value": {
              "x": 5,
              "y": 0.5
            },
            "spline": "EASE_OUT"
          }
        },
        "pRotate": {
          "init": 0.08
        },
        "moveWithTarget": 1,
        "anim": "CIRCLE_HEAT",
        "type": "PLAY_ANIM"
      },
      {
        "useTargetAngle": false,
        "keepAngleSync": false,
        "offset": {
          "x": 0,
          "y": 0,
          "z": 0
        },
        "pAlpha": {
          "init": 1,
          "start": {
            "value": 0,
            "spline": "EASE_OUT"
          }
        },
        "pScale": {
          "init": {
            "x": 0.25,
            "y": 0.25
          },
          "start": {
            "value": {
              "x": 5,
              "y": 0.5
            },
            "spline": "EASE_OUT"
          }
        },
        "pRotate": {
          "init": 0.17
        },
        "moveWithTarget": 1,
        "anim": "CIRCLE_HEAT",
        "type": "PLAY_ANIM"
      },
      {
        "useTargetAngle": false,
        "keepAngleSync": false,
        "offset": {
          "x": 0,
          "y": 0,
          "z": 0
        },
        "pAlpha": {
          "init": 1,
          "start": {
            "value": 0,
            "spline": "EASE_OUT"
          }
        },
        "pScale": {
          "init": {
            "x": 0.25,
            "y": 0.25
          },
          "start": {
            "value": {
              "x": 5,
              "y": 0.5
            },
            "spline": "EASE_OUT"
          }
        },
        "pRotate": {
          "init": -0.08
        },
        "moveWithTarget": 1,
        "anim": "CIRCLE_HEAT",
        "type": "PLAY_ANIM"
      },
      {
        "useTargetAngle": false,
        "keepAngleSync": false,
        "offset": {
          "x": 0,
          "y": 0,
          "z": 0
        },
        "pAlpha": {
          "init": 1,
          "start": {
            "value": 0,
            "spline": "EASE_OUT"
          }
        },
        "pScale": {
          "init": {
            "x": 0.25,
            "y": 0.25
          },
          "start": {
            "value": {
              "x": 5,
              "y": 0.5
            },
            "spline": "EASE_OUT"
          }
        },
        "pRotate": {
          "init": -0.17
        },
        "moveWithTarget": 1,
        "anim": "CIRCLE_HEAT",
        "type": "PLAY_ANIM"
      },
      {
        "time": 0.05,
        "type": "WAIT"
      },
      {
        "type": "LOOP_START"
      },
      {
        "color": "#f21",
        "colorAlpha": "1",
        "noLighter": true,
        "pAlpha": {
          "init": 0.8,
          "start": {
            "value": 0.1,
            "spline": "EASE_OUT"
          }
        },
        "pScale": {
          "init": {
            "x": 1,
            "y": 1
          },
          "start": {
            "value": {
              "x": 1.75,
              "y": 1.75
            },
            "spline": "EASE_OUT"
          }
        },
        "particleDuration": 0.15,
        "type": "COPY_SPRITE"
      },
      {
        "time": 0.066,
        "type": "WAIT"
      },
      {
        "type": "LOOP_END"
      }
    ],
    "chargeLevel1cold": [
      {
        "size": "L",
        "fadeIn": 0,
        "fadeOut": 0.1,
        "duration": -1,
        "glow": false,
        "type": "LIGHT"
      },
      {
        "color": "white",
        "alpha": 1,
        "duration": 0.3,
        "keepDuration": 0.1,
        "noLighter": false,
        "type": "FLASH_COLOR"
      },
      {
        "numParticles": 3,
        "duration": 0,
        "centralAngle": 1,
        "startDist": 0,
        "uniformRandom": 0.3,
        "particleRotate": true,
        "offset": {
          "x": 0,
          "y": 128,
          "z": 128
        },
        "moveDist": 20,
        "moveVariance": 0,
        "keySpline": "EASE_OUT",
        "inverse": true,
        "collision": false,
        "moveWithTarget": 1,
        "anim": "SUCK_PARTICLE",
        "type": "OFFSET_PARTICLE_CIRCLE"
      },
      {
        "useTargetAngle": false,
        "keepAngleSync": false,
        "offset": {
          "x": 0,
          "y": 0,
          "z": 0
        },
        "pAlpha": {
          "init": 1,
          "start": {
            "value": 0,
            "spline": "LINEAR"
          }
        },
        "pScale": {
          "init": {
            "x": 0.25,
            "y": 0.25
          },
          "start": {
            "value": {
              "x": 0.75,
              "y": 0.75
            },
            "spline": "EASE_OUT"
          }
        },
        "moveWithTarget": 1,
        "particleDuration": 0.25,
        "anim": "CIRCLE_COLD",
        "type": "PLAY_ANIM"
      },
      {
        "time": 0.05,
        "type": "WAIT"
      },
      {
        "type": "LOOP_START"
      },
      {
        "color": "#44f",
        "colorAlpha": "1",
        "noLighter": true,
        "pAlpha": {
          "init": 0.8,
          "start": {
            "value": 0.1,
            "spline": "EASE_OUT"
          }
        },
        "pScale": {
          "init": {
            "x": 1,
            "y": 1
          },
          "start": {
            "value": {
              "x": 1.75,
              "y": 1.75
            },
            "spline": "EASE_OUT"
          }
        },
        "particleDuration": 0.15,
        "type": "COPY_SPRITE"
      },
      {
        "time": 0.066,
        "type": "WAIT"
      },
      {
        "type": "LOOP_END"
      }
    ],
    "chargeLevel2cold": [
      {
        "size": "XL",
        "fadeIn": 0,
        "fadeOut": 0.1,
        "duration": -1,
        "glow": false,
        "type": "LIGHT"
      },
      {
        "color": "white",
        "alpha": 1,
        "duration": 0.4,
        "keepDuration": 0.1,
        "noLighter": false,
        "type": "FLASH_COLOR"
      },
      {
        "numParticles": 6,
        "duration": 0,
        "centralAngle": 1,
        "startDist": 0,
        "uniformRandom": 0.3,
        "particleRotate": true,
        "offset": {
          "x": 0,
          "y": 128,
          "z": 128
        },
        "moveDist": 48,
        "moveVariance": 24,
        "keySpline": "EASE_OUT",
        "inverse": true,
        "collision": false,
        "moveWithTarget": 1,
        "anim": "SUCK_PARTICLE",
        "type": "OFFSET_PARTICLE_CIRCLE"
      },
      {
        "useTargetAngle": false,
        "keepAngleSync": false,
        "offset": {
          "x": 0,
          "y": 0,
          "z": 0
        },
        "pAlpha": {
          "init": 1,
          "start": {
            "value": 0,
            "spline": "LINEAR"
          }
        },
        "pScale": {
          "init": {
            "x": 0.25,
            "y": 0.25
          },
          "start": {
            "value": {
              "x": 0.6,
              "y": 0.6
            },
            "spline": "EASE_OUT"
          }
        },
        "moveWithTarget": 1,
        "anim": "CIRCLE_COLD",
        "type": "PLAY_ANIM"
      },
      {
        "useTargetAngle": false,
        "keepAngleSync": false,
        "offset": {
          "x": 0,
          "y": 0,
          "z": 0
        },
        "pAlpha": {
          "init": 1,
          "start": {
            "value": 0,
            "spline": "LINEAR"
          }
        },
        "pScale": {
          "init": {
            "x": 0.25,
            "y": 0.25
          },
          "start": {
            "value": {
              "x": 1,
              "y": 1
            },
            "spline": "EASE_OUT"
          }
        },
        "moveWithTarget": 1,
        "particleDuration": 0.3,
        "anim": "CIRCLE_COLD",
        "type": "PLAY_ANIM"
      },
      {
        "useTargetAngle": false,
        "keepAngleSync": false,
        "offset": {
          "x": 0,
          "y": 0,
          "z": 0
        },
        "pAlpha": {
          "init": 1,
          "start": {
            "value": 0,
            "spline": "EASE_OUT"
          }
        },
        "pScale": {
          "init": {
            "x": 0.25,
            "y": 0.1
          },
          "start": {
            "value": {
              "x": 2,
              "y": 0.4
            },
            "spline": "EASE_OUT"
          }
        },
        "pRotate": {
          "init": 0.125
        },
        "moveWithTarget": 1,
        "anim": "CIRCLE_COLD",
        "type": "PLAY_ANIM"
      },
      {
        "useTargetAngle": false,
        "keepAngleSync": false,
        "offset": {
          "x": 0,
          "y": 0,
          "z": 0
        },
        "pAlpha": {
          "init": 1,
          "start": {
            "value": 0,
            "spline": "EASE_OUT"
          }
        },
        "pScale": {
          "init": {
            "x": 0.25,
            "y": 0.1
          },
          "start": {
            "value": {
              "x": 2,
              "y": 0.4
            },
            "spline": "EASE_OUT"
          }
        },
        "pRotate": {
          "init": -0.125
        },
        "moveWithTarget": 1,
        "anim": "CIRCLE_COLD",
        "type": "PLAY_ANIM"
      },
      {
        "time": 0.05,
        "type": "WAIT"
      },
      {
        "type": "LOOP_START"
      },
      {
        "color": "#44f",
        "colorAlpha": "1",
        "noLighter": true,
        "pAlpha": {
          "init": 0.8,
          "start": {
            "value": 0.1,
            "spline": "EASE_OUT"
          }
        },
        "pScale": {
          "init": {
            "x": 1,
            "y": 1
          },
          "start": {
            "value": {
              "x": 1.75,
              "y": 1.75
            },
            "spline": "EASE_OUT"
          }
        },
        "particleDuration": 0.15,
        "type": "COPY_SPRITE"
      },
      {
        "time": 0.066,
        "type": "WAIT"
      },
      {
        "type": "LOOP_END"
      }
    ],
    "chargeLevel3cold": [
      {
        "size": "XXL",
        "fadeIn": 0,
        "fadeOut": 0.1,
        "duration": -1,
        "glow": false,
        "type": "LIGHT"
      },
      {
        "color": "white",
        "alpha": 1,
        "duration": 0.5,
        "keepDuration": 0.1,
        "noLighter": false,
        "type": "FLASH_COLOR"
      },
      {
        "numParticles": 12,
        "duration": 0,
        "centralAngle": 1,
        "startDist": 0,
        "uniformRandom": 0.3,
        "particleRotate": true,
        "offset": {
          "x": 0,
          "y": 128,
          "z": 128
        },
        "moveDist": 80,
        "moveVariance": 32,
        "keySpline": "EASE_OUT",
        "inverse": true,
        "collision": false,
        "moveWithTarget": 1,
        "anim": "SUCK_PARTICLE",
        "type": "OFFSET_PARTICLE_CIRCLE"
      },
      {
        "useTargetAngle": false,
        "keepAngleSync": false,
        "offset": {
          "x": 0,
          "y": 0,
          "z": 0
        },
        "pAlpha": {
          "init": 1,
          "start": {
            "value": 0,
            "spline": "EASE_OUT"
          }
        },
        "pScale": {
          "init": {
            "x": 0.25,
            "y": 0.25
          },
          "start": {
            "value": {
              "x": 0.6,
              "y": 0.6
            },
            "spline": "EASE_OUT"
          }
        },
        "moveWithTarget": 1,
        "anim": "CIRCLE_COLD",
        "type": "PLAY_ANIM"
      },
      {
        "useTargetAngle": false,
        "keepAngleSync": false,
        "offset": {
          "x": 0,
          "y": 0,
          "z": 0
        },
        "pAlpha": {
          "init": 1,
          "start": {
            "value": 0,
            "spline": "EASE_OUT"
          }
        },
        "pScale": {
          "init": {
            "x": 0.25,
            "y": 0.25
          },
          "start": {
            "value": {
              "x": 1,
              "y": 1
            },
            "spline": "EASE_OUT"
          }
        },
        "moveWithTarget": 1,
        "anim": "CIRCLE_COLD",
        "type": "PLAY_ANIM"
      },
      {
        "useTargetAngle": false,
        "keepAngleSync": false,
        "offset": {
          "x": 0,
          "y": 0,
          "z": 0
        },
        "pAlpha": {
          "init": 1,
          "start": {
            "value": 0,
            "spline": "EASE_OUT"
          }
        },
        "pScale": {
          "init": {
            "x": 0.25,
            "y": 0.25
          },
          "start": {
            "value": {
              "x": 2,
              "y": 2
            },
            "spline": "EASE_OUT"
          }
        },
        "moveWithTarget": 1,
        "anim": "CIRCLE_COLD",
        "type": "PLAY_ANIM"
      },
      {
        "useTargetAngle": false,
        "keepAngleSync": false,
        "offset": {
          "x": 0,
          "y": 0,
          "z": 0
        },
        "pAlpha": {
          "init": 1,
          "start": {
            "value": 0,
            "spline": "EASE_OUT"
          }
        },
        "pScale": {
          "init": {
            "x": 0.25,
            "y": 0.25
          },
          "start": {
            "value": {
              "x": 5,
              "y": 0.5
            },
            "spline": "EASE_OUT"
          }
        },
        "pRotate": {
          "init": 0.08
        },
        "moveWithTarget": 1,
        "anim": "CIRCLE_COLD",
        "type": "PLAY_ANIM"
      },
      {
        "useTargetAngle": false,
        "keepAngleSync": false,
        "offset": {
          "x": 0,
          "y": 0,
          "z": 0
        },
        "pAlpha": {
          "init": 1,
          "start": {
            "value": 0,
            "spline": "EASE_OUT"
          }
        },
        "pScale": {
          "init": {
            "x": 0.25,
            "y": 0.25
          },
          "start": {
            "value": {
              "x": 5,
              "y": 0.5
            },
            "spline": "EASE_OUT"
          }
        },
        "pRotate": {
          "init": 0.17
        },
        "moveWithTarget": 1,
        "anim": "CIRCLE_COLD",
        "type": "PLAY_ANIM"
      },
      {
        "useTargetAngle": false,
        "keepAngleSync": false,
        "offset": {
          "x": 0,
          "y": 0,
          "z": 0
        },
        "pAlpha": {
          "init": 1,
          "start": {
            "value": 0,
            "spline": "EASE_OUT"
          }
        },
        "pScale": {
          "init": {
            "x": 0.25,
            "y": 0.25
          },
          "start": {
            "value": {
              "x": 5,
              "y": 0.5
            },
            "spline": "EASE_OUT"
          }
        },
        "pRotate": {
          "init": -0.08
        },
        "moveWithTarget": 1,
        "anim": "CIRCLE_COLD",
        "type": "PLAY_ANIM"
      },
      {
        "useTargetAngle": false,
        "keepAngleSync": false,
        "offset": {
          "x": 0,
          "y": 0,
          "z": 0
        },
        "pAlpha": {
          "init": 1,
          "start": {
            "value": 0,
            "spline": "EASE_OUT"
          }
        },
        "pScale": {
          "init": {
            "x": 0.25,
            "y": 0.25
          },
          "start": {
            "value": {
              "x": 5,
              "y": 0.5
            },
            "spline": "EASE_OUT"
          }
        },
        "pRotate": {
          "init": -0.17
        },
        "moveWithTarget": 1,
        "anim": "CIRCLE_COLD",
        "type": "PLAY_ANIM"
      },
      {
        "time": 0.05,
        "type": "WAIT"
      },
      {
        "type": "LOOP_START"
      },
      {
        "color": "#44f",
        "colorAlpha": "1",
        "noLighter": true,
        "pAlpha": {
          "init": 0.8,
          "start": {
            "value": 0.1,
            "spline": "EASE_OUT"
          }
        },
        "pScale": {
          "init": {
            "x": 1,
            "y": 1
          },
          "start": {
            "value": {
              "x": 1.75,
              "y": 1.75
            },
            "spline": "EASE_OUT"
          }
        },
        "particleDuration": 0.15,
        "type": "COPY_SPRITE"
      },
      {
        "time": 0.066,
        "type": "WAIT"
      },
      {
        "type": "LOOP_END"
      }
    ],
    "chargeLevel1shock": [
      {
        "size": "L",
        "fadeIn": 0,
        "fadeOut": 0.1,
        "duration": -1,
        "glow": false,
        "type": "LIGHT"
      },
      {
        "color": "white",
        "alpha": 1,
        "duration": 0.3,
        "keepDuration": 0.1,
        "noLighter": false,
        "type": "FLASH_COLOR"
      },
      {
        "numParticles": 3,
        "duration": 0,
        "centralAngle": 1,
        "startDist": 0,
        "uniformRandom": 0.3,
        "particleRotate": true,
        "offset": {
          "x": 0,
          "y": 128,
          "z": 128
        },
        "moveDist": 20,
        "moveVariance": 0,
        "keySpline": "EASE_OUT",
        "inverse": true,
        "collision": false,
        "moveWithTarget": 1,
        "anim": "SUCK_PARTICLE",
        "type": "OFFSET_PARTICLE_CIRCLE"
      },
      {
        "useTargetAngle": false,
        "keepAngleSync": false,
        "offset": {
          "x": 0,
          "y": 0,
          "z": 0
        },
        "pAlpha": {
          "init": 1,
          "start": {
            "value": 0,
            "spline": "LINEAR"
          }
        },
        "pScale": {
          "init": {
            "x": 0.25,
            "y": 0.25
          },
          "start": {
            "value": {
              "x": 0.75,
              "y": 0.75
            },
            "spline": "EASE_OUT"
          }
        },
        "moveWithTarget": 1,
        "particleDuration": 0.25,
        "anim": "CIRCLE_SHOCK",
        "type": "PLAY_ANIM"
      },
      {
        "time": 0.05,
        "type": "WAIT"
      },
      {
        "type": "LOOP_START"
      },
      {
        "color": "#b4f",
        "colorAlpha": "1",
        "noLighter": true,
        "pAlpha": {
          "init": 0.8,
          "start": {
            "value": 0.1,
            "spline": "EASE_OUT"
          }
        },
        "pScale": {
          "init": {
            "x": 1,
            "y": 1
          },
          "start": {
            "value": {
              "x": 1.75,
              "y": 1.75
            },
            "spline": "EASE_OUT"
          }
        },
        "particleDuration": 0.15,
        "type": "COPY_SPRITE"
      },
      {
        "time": 0.066,
        "type": "WAIT"
      },
      {
        "type": "LOOP_END"
      }
    ],
    "chargeLevel2shock": [
      {
        "size": "XL",
        "fadeIn": 0,
        "fadeOut": 0.1,
        "duration": -1,
        "glow": false,
        "type": "LIGHT"
      },
      {
        "color": "white",
        "alpha": 1,
        "duration": 0.4,
        "keepDuration": 0.1,
        "noLighter": false,
        "type": "FLASH_COLOR"
      },
      {
        "numParticles": 6,
        "duration": 0,
        "centralAngle": 1,
        "startDist": 0,
        "uniformRandom": 0.3,
        "particleRotate": true,
        "offset": {
          "x": 0,
          "y": 128,
          "z": 128
        },
        "moveDist": 48,
        "moveVariance": 24,
        "keySpline": "EASE_OUT",
        "inverse": true,
        "collision": false,
        "moveWithTarget": 1,
        "anim": "SUCK_PARTICLE",
        "type": "OFFSET_PARTICLE_CIRCLE"
      },
      {
        "useTargetAngle": false,
        "keepAngleSync": false,
        "offset": {
          "x": 0,
          "y": 0,
          "z": 0
        },
        "pAlpha": {
          "init": 1,
          "start": {
            "value": 0,
            "spline": "LINEAR"
          }
        },
        "pScale": {
          "init": {
            "x": 0.25,
            "y": 0.25
          },
          "start": {
            "value": {
              "x": 0.6,
              "y": 0.6
            },
            "spline": "EASE_OUT"
          }
        },
        "moveWithTarget": 1,
        "anim": "CIRCLE_SHOCK",
        "type": "PLAY_ANIM"
      },
      {
        "useTargetAngle": false,
        "keepAngleSync": false,
        "offset": {
          "x": 0,
          "y": 0,
          "z": 0
        },
        "pAlpha": {
          "init": 1,
          "start": {
            "value": 0,
            "spline": "LINEAR"
          }
        },
        "pScale": {
          "init": {
            "x": 0.25,
            "y": 0.25
          },
          "start": {
            "value": {
              "x": 1,
              "y": 1
            },
            "spline": "EASE_OUT"
          }
        },
        "moveWithTarget": 1,
        "particleDuration": 0.3,
        "anim": "CIRCLE_SHOCK",
        "type": "PLAY_ANIM"
      },
      {
        "useTargetAngle": false,
        "keepAngleSync": false,
        "offset": {
          "x": 0,
          "y": 0,
          "z": 0
        },
        "pAlpha": {
          "init": 1,
          "start": {
            "value": 0,
            "spline": "EASE_OUT"
          }
        },
        "pScale": {
          "init": {
            "x": 0.25,
            "y": 0.1
          },
          "start": {
            "value": {
              "x": 2,
              "y": 0.4
            },
            "spline": "EASE_OUT"
          }
        },
        "pRotate": {
          "init": 0.125
        },
        "moveWithTarget": 1,
        "anim": "CIRCLE_SHOCK",
        "type": "PLAY_ANIM"
      },
      {
        "useTargetAngle": false,
        "keepAngleSync": false,
        "offset": {
          "x": 0,
          "y": 0,
          "z": 0
        },
        "pAlpha": {
          "init": 1,
          "start": {
            "value": 0,
            "spline": "EASE_OUT"
          }
        },
        "pScale": {
          "init": {
            "x": 0.25,
            "y": 0.1
          },
          "start": {
            "value": {
              "x": 2,
              "y": 0.4
            },
            "spline": "EASE_OUT"
          }
        },
        "pRotate": {
          "init": -0.125
        },
        "moveWithTarget": 1,
        "anim": "CIRCLE_SHOCK",
        "type": "PLAY_ANIM"
      },
      {
        "time": 0.05,
        "type": "WAIT"
      },
      {
        "type": "LOOP_START"
      },
      {
        "color": "#b4f",
        "colorAlpha": "1",
        "noLighter": true,
        "pAlpha": {
          "init": 0.8,
          "start": {
            "value": 0.1,
            "spline": "EASE_OUT"
          }
        },
        "pScale": {
          "init": {
            "x": 1,
            "y": 1
          },
          "start": {
            "value": {
              "x": 1.75,
              "y": 1.75
            },
            "spline": "EASE_OUT"
          }
        },
        "particleDuration": 0.15,
        "type": "COPY_SPRITE"
      },
      {
        "time": 0.066,
        "type": "WAIT"
      },
      {
        "type": "LOOP_END"
      }
    ],
    "chargeLevel3shock": [
      {
        "size": "XXL",
        "fadeIn": 0,
        "fadeOut": 0.1,
        "duration": -1,
        "glow": false,
        "type": "LIGHT"
      },
      {
        "color": "white",
        "alpha": 1,
        "duration": 0.5,
        "keepDuration": 0.1,
        "noLighter": false,
        "type": "FLASH_COLOR"
      },
      {
        "numParticles": 12,
        "duration": 0,
        "centralAngle": 1,
        "startDist": 0,
        "uniformRandom": 0.3,
        "particleRotate": true,
        "offset": {
          "x": 0,
          "y": 128,
          "z": 128
        },
        "moveDist": 80,
        "moveVariance": 32,
        "keySpline": "EASE_OUT",
        "inverse": true,
        "collision": false,
        "moveWithTarget": 1,
        "anim": "SUCK_PARTICLE",
        "type": "OFFSET_PARTICLE_CIRCLE"
      },
      {
        "useTargetAngle": false,
        "keepAngleSync": false,
        "offset": {
          "x": 0,
          "y": 0,
          "z": 0
        },
        "pAlpha": {
          "init": 1,
          "start": {
            "value": 0,
            "spline": "EASE_OUT"
          }
        },
        "pScale": {
          "init": {
            "x": 0.25,
            "y": 0.25
          },
          "start": {
            "value": {
              "x": 0.6,
              "y": 0.6
            },
            "spline": "EASE_OUT"
          }
        },
        "moveWithTarget": 1,
        "anim": "CIRCLE_SHOCK",
        "type": "PLAY_ANIM"
      },
      {
        "useTargetAngle": false,
        "keepAngleSync": false,
        "offset": {
          "x": 0,
          "y": 0,
          "z": 0
        },
        "pAlpha": {
          "init": 1,
          "start": {
            "value": 0,
            "spline": "EASE_OUT"
          }
        },
        "pScale": {
          "init": {
            "x": 0.25,
            "y": 0.25
          },
          "start": {
            "value": {
              "x": 1,
              "y": 1
            },
            "spline": "EASE_OUT"
          }
        },
        "moveWithTarget": 1,
        "anim": "CIRCLE_SHOCK",
        "type": "PLAY_ANIM"
      },
      {
        "useTargetAngle": false,
        "keepAngleSync": false,
        "offset": {
          "x": 0,
          "y": 0,
          "z": 0
        },
        "pAlpha": {
          "init": 1,
          "start": {
            "value": 0,
            "spline": "EASE_OUT"
          }
        },
        "pScale": {
          "init": {
            "x": 0.25,
            "y": 0.25
          },
          "start": {
            "value": {
              "x": 2,
              "y": 2
            },
            "spline": "EASE_OUT"
          }
        },
        "moveWithTarget": 1,
        "anim": "CIRCLE_SHOCK",
        "type": "PLAY_ANIM"
      },
      {
        "useTargetAngle": false,
        "keepAngleSync": false,
        "offset": {
          "x": 0,
          "y": 0,
          "z": 0
        },
        "pAlpha": {
          "init": 1,
          "start": {
            "value": 0,
            "spline": "EASE_OUT"
          }
        },
        "pScale": {
          "init": {
            "x": 0.25,
            "y": 0.25
          },
          "start": {
            "value": {
              "x": 5,
              "y": 0.5
            },
            "spline": "EASE_OUT"
          }
        },
        "pRotate": {
          "init": 0.08
        },
        "moveWithTarget": 1,
        "anim": "CIRCLE_SHOCK",
        "type": "PLAY_ANIM"
      },
      {
        "useTargetAngle": false,
        "keepAngleSync": false,
        "offset": {
          "x": 0,
          "y": 0,
          "z": 0
        },
        "pAlpha": {
          "init": 1,
          "start": {
            "value": 0,
            "spline": "EASE_OUT"
          }
        },
        "pScale": {
          "init": {
            "x": 0.25,
            "y": 0.25
          },
          "start": {
            "value": {
              "x": 5,
              "y": 0.5
            },
            "spline": "EASE_OUT"
          }
        },
        "pRotate": {
          "init": 0.17
        },
        "moveWithTarget": 1,
        "anim": "CIRCLE_SHOCK",
        "type": "PLAY_ANIM"
      },
      {
        "useTargetAngle": false,
        "keepAngleSync": false,
        "offset": {
          "x": 0,
          "y": 0,
          "z": 0
        },
        "pAlpha": {
          "init": 1,
          "start": {
            "value": 0,
            "spline": "EASE_OUT"
          }
        },
        "pScale": {
          "init": {
            "x": 0.25,
            "y": 0.25
          },
          "start": {
            "value": {
              "x": 5,
              "y": 0.5
            },
            "spline": "EASE_OUT"
          }
        },
        "pRotate": {
          "init": -0.08
        },
        "moveWithTarget": 1,
        "anim": "CIRCLE_SHOCK",
        "type": "PLAY_ANIM"
      },
      {
        "useTargetAngle": false,
        "keepAngleSync": false,
        "offset": {
          "x": 0,
          "y": 0,
          "z": 0
        },
        "pAlpha": {
          "init": 1,
          "start": {
            "value": 0,
            "spline": "EASE_OUT"
          }
        },
        "pScale": {
          "init": {
            "x": 0.25,
            "y": 0.25
          },
          "start": {
            "value": {
              "x": 5,
              "y": 0.5
            },
            "spline": "EASE_OUT"
          }
        },
        "pRotate": {
          "init": -0.17
        },
        "moveWithTarget": 1,
        "anim": "CIRCLE_SHOCK",
        "type": "PLAY_ANIM"
      },
      {
        "time": 0.05,
        "type": "WAIT"
      },
      {
        "type": "LOOP_START"
      },
      {
        "color": "#b4f",
        "colorAlpha": "1",
        "noLighter": true,
        "pAlpha": {
          "init": 0.8,
          "start": {
            "value": 0.1,
            "spline": "EASE_OUT"
          }
        },
        "pScale": {
          "init": {
            "x": 1,
            "y": 1
          },
          "start": {
            "value": {
              "x": 1.75,
              "y": 1.75
            },
            "spline": "EASE_OUT"
          }
        },
        "particleDuration": 0.15,
        "type": "COPY_SPRITE"
      },
      {
        "time": 0.066,
        "type": "WAIT"
      },
      {
        "type": "LOOP_END"
      }
    ],
    "chargeLevel1wave": [
      {
        "size": "L",
        "fadeIn": 0,
        "fadeOut": 0.1,
        "duration": -1,
        "glow": false,
        "type": "LIGHT"
      },
      {
        "color": "white",
        "alpha": 1,
        "duration": 0.3,
        "keepDuration": 0.1,
        "noLighter": false,
        "type": "FLASH_COLOR"
      },
      {
        "numParticles": 3,
        "duration": 0,
        "centralAngle": 1,
        "startDist": 0,
        "uniformRandom": 0.3,
        "particleRotate": true,
        "offset": {
          "x": 0,
          "y": 128,
          "z": 128
        },
        "moveDist": 20,
        "moveVariance": 0,
        "keySpline": "EASE_OUT",
        "inverse": true,
        "collision": false,
        "moveWithTarget": 1,
        "anim": "SUCK_PARTICLE",
        "type": "OFFSET_PARTICLE_CIRCLE"
      },
      {
        "useTargetAngle": false,
        "keepAngleSync": false,
        "offset": {
          "x": 0,
          "y": 0,
          "z": 0
        },
        "pAlpha": {
          "init": 1,
          "start": {
            "value": 0,
            "spline": "LINEAR"
          }
        },
        "pScale": {
          "init": {
            "x": 0.25,
            "y": 0.25
          },
          "start": {
            "value": {
              "x": 0.75,
              "y": 0.75
            },
            "spline": "EASE_OUT"
          }
        },
        "moveWithTarget": 1,
        "particleDuration": 0.25,
        "anim": "CIRCLE_WAVE",
        "type": "PLAY_ANIM"
      },
      {
        "time": 0.05,
        "type": "WAIT"
      },
      {
        "type": "LOOP_START"
      },
      {
        "color": "#4fc",
        "colorAlpha": "1",
        "noLighter": true,
        "pAlpha": {
          "init": 0.8,
          "start": {
            "value": 0.1,
            "spline": "EASE_OUT"
          }
        },
        "pScale": {
          "init": {
            "x": 1,
            "y": 1
          },
          "start": {
            "value": {
              "x": 1.75,
              "y": 1.75
            },
            "spline": "EASE_OUT"
          }
        },
        "particleDuration": 0.15,
        "type": "COPY_SPRITE"
      },
      {
        "time": 0.066,
        "type": "WAIT"
      },
      {
        "type": "LOOP_END"
      }
    ],
    "chargeLevel2wave": [
      {
        "size": "XL",
        "fadeIn": 0,
        "fadeOut": 0.1,
        "duration": -1,
        "glow": false,
        "type": "LIGHT"
      },
      {
        "color": "white",
        "alpha": 1,
        "duration": 0.4,
        "keepDuration": 0.1,
        "noLighter": false,
        "type": "FLASH_COLOR"
      },
      {
        "numParticles": 6,
        "duration": 0,
        "centralAngle": 1,
        "startDist": 0,
        "uniformRandom": 0.3,
        "particleRotate": true,
        "offset": {
          "x": 0,
          "y": 128,
          "z": 128
        },
        "moveDist": 48,
        "moveVariance": 24,
        "keySpline": "EASE_OUT",
        "inverse": true,
        "collision": false,
        "moveWithTarget": 1,
        "anim": "SUCK_PARTICLE",
        "type": "OFFSET_PARTICLE_CIRCLE"
      },
      {
        "useTargetAngle": false,
        "keepAngleSync": false,
        "offset": {
          "x": 0,
          "y": 0,
          "z": 0
        },
        "pAlpha": {
          "init": 1,
          "start": {
            "value": 0,
            "spline": "LINEAR"
          }
        },
        "pScale": {
          "init": {
            "x": 0.25,
            "y": 0.25
          },
          "start": {
            "value": {
              "x": 0.6,
              "y": 0.6
            },
            "spline": "EASE_OUT"
          }
        },
        "moveWithTarget": 1,
        "anim": "CIRCLE_WAVE",
        "type": "PLAY_ANIM"
      },
      {
        "useTargetAngle": false,
        "keepAngleSync": false,
        "offset": {
          "x": 0,
          "y": 0,
          "z": 0
        },
        "pAlpha": {
          "init": 1,
          "start": {
            "value": 0,
            "spline": "LINEAR"
          }
        },
        "pScale": {
          "init": {
            "x": 0.25,
            "y": 0.25
          },
          "start": {
            "value": {
              "x": 1,
              "y": 1
            },
            "spline": "EASE_OUT"
          }
        },
        "moveWithTarget": 1,
        "particleDuration": 0.3,
        "anim": "CIRCLE_WAVE",
        "type": "PLAY_ANIM"
      },
      {
        "useTargetAngle": false,
        "keepAngleSync": false,
        "offset": {
          "x": 0,
          "y": 0,
          "z": 0
        },
        "pAlpha": {
          "init": 1,
          "start": {
            "value": 0,
            "spline": "EASE_OUT"
          }
        },
        "pScale": {
          "init": {
            "x": 0.25,
            "y": 0.1
          },
          "start": {
            "value": {
              "x": 2,
              "y": 0.4
            },
            "spline": "EASE_OUT"
          }
        },
        "pRotate": {
          "init": 0.125
        },
        "moveWithTarget": 1,
        "anim": "CIRCLE_WAVE",
        "type": "PLAY_ANIM"
      },
      {
        "useTargetAngle": false,
        "keepAngleSync": false,
        "offset": {
          "x": 0,
          "y": 0,
          "z": 0
        },
        "pAlpha": {
          "init": 1,
          "start": {
            "value": 0,
            "spline": "EASE_OUT"
          }
        },
        "pScale": {
          "init": {
            "x": 0.25,
            "y": 0.1
          },
          "start": {
            "value": {
              "x": 2,
              "y": 0.4
            },
            "spline": "EASE_OUT"
          }
        },
        "pRotate": {
          "init": -0.125
        },
        "moveWithTarget": 1,
        "anim": "CIRCLE_WAVE",
        "type": "PLAY_ANIM"
      },
      {
        "time": 0.05,
        "type": "WAIT"
      },
      {
        "type": "LOOP_START"
      },
      {
        "color": "#4fc",
        "colorAlpha": "1",
        "noLighter": true,
        "pAlpha": {
          "init": 0.8,
          "start": {
            "value": 0.1,
            "spline": "EASE_OUT"
          }
        },
        "pScale": {
          "init": {
            "x": 1,
            "y": 1
          },
          "start": {
            "value": {
              "x": 1.75,
              "y": 1.75
            },
            "spline": "EASE_OUT"
          }
        },
        "particleDuration": 0.15,
        "type": "COPY_SPRITE"
      },
      {
        "time": 0.066,
        "type": "WAIT"
      },
      {
        "type": "LOOP_END"
      }
    ],
    "chargeLevel3wave": [
      {
        "size": "XXL",
        "fadeIn": 0,
        "fadeOut": 0.1,
        "duration": -1,
        "glow": false,
        "type": "LIGHT"
      },
      {
        "color": "white",
        "alpha": 1,
        "duration": 0.5,
        "keepDuration": 0.1,
        "noLighter": false,
        "type": "FLASH_COLOR"
      },
      {
        "numParticles": 12,
        "duration": 0,
        "centralAngle": 1,
        "startDist": 0,
        "uniformRandom": 0.3,
        "particleRotate": true,
        "offset": {
          "x": 0,
          "y": 128,
          "z": 128
        },
        "moveDist": 80,
        "moveVariance": 32,
        "keySpline": "EASE_OUT",
        "inverse": true,
        "collision": false,
        "moveWithTarget": 1,
        "anim": "SUCK_PARTICLE",
        "type": "OFFSET_PARTICLE_CIRCLE"
      },
      {
        "useTargetAngle": false,
        "keepAngleSync": false,
        "offset": {
          "x": 0,
          "y": 0,
          "z": 0
        },
        "pAlpha": {
          "init": 1,
          "start": {
            "value": 0,
            "spline": "EASE_OUT"
          }
        },
        "pScale": {
          "init": {
            "x": 0.25,
            "y": 0.25
          },
          "start": {
            "value": {
              "x": 0.6,
              "y": 0.6
            },
            "spline": "EASE_OUT"
          }
        },
        "moveWithTarget": 1,
        "anim": "CIRCLE_WAVE",
        "type": "PLAY_ANIM"
      },
      {
        "useTargetAngle": false,
        "keepAngleSync": false,
        "offset": {
          "x": 0,
          "y": 0,
          "z": 0
        },
        "pAlpha": {
          "init": 1,
          "start": {
            "value": 0,
            "spline": "EASE_OUT"
          }
        },
        "pScale": {
          "init": {
            "x": 0.25,
            "y": 0.25
          },
          "start": {
            "value": {
              "x": 1,
              "y": 1
            },
            "spline": "EASE_OUT"
          }
        },
        "moveWithTarget": 1,
        "anim": "CIRCLE_WAVE",
        "type": "PLAY_ANIM"
      },
      {
        "useTargetAngle": false,
        "keepAngleSync": false,
        "offset": {
          "x": 0,
          "y": 0,
          "z": 0
        },
        "pAlpha": {
          "init": 1,
          "start": {
            "value": 0,
            "spline": "EASE_OUT"
          }
        },
        "pScale": {
          "init": {
            "x": 0.25,
            "y": 0.25
          },
          "start": {
            "value": {
              "x": 2,
              "y": 2
            },
            "spline": "EASE_OUT"
          }
        },
        "moveWithTarget": 1,
        "anim": "CIRCLE_WAVE",
        "type": "PLAY_ANIM"
      },
      {
        "useTargetAngle": false,
        "keepAngleSync": false,
        "offset": {
          "x": 0,
          "y": 0,
          "z": 0
        },
        "pAlpha": {
          "init": 1,
          "start": {
            "value": 0,
            "spline": "EASE_OUT"
          }
        },
        "pScale": {
          "init": {
            "x": 0.25,
            "y": 0.25
          },
          "start": {
            "value": {
              "x": 5,
              "y": 0.5
            },
            "spline": "EASE_OUT"
          }
        },
        "pRotate": {
          "init": 0.08
        },
        "moveWithTarget": 1,
        "anim": "CIRCLE_WAVE",
        "type": "PLAY_ANIM"
      },
      {
        "useTargetAngle": false,
        "keepAngleSync": false,
        "offset": {
          "x": 0,
          "y": 0,
          "z": 0
        },
        "pAlpha": {
          "init": 1,
          "start": {
            "value": 0,
            "spline": "EASE_OUT"
          }
        },
        "pScale": {
          "init": {
            "x": 0.25,
            "y": 0.25
          },
          "start": {
            "value": {
              "x": 5,
              "y": 0.5
            },
            "spline": "EASE_OUT"
          }
        },
        "pRotate": {
          "init": 0.17
        },
        "moveWithTarget": 1,
        "anim": "CIRCLE_WAVE",
        "type": "PLAY_ANIM"
      },
      {
        "useTargetAngle": false,
        "keepAngleSync": false,
        "offset": {
          "x": 0,
          "y": 0,
          "z": 0
        },
        "pAlpha": {
          "init": 1,
          "start": {
            "value": 0,
            "spline": "EASE_OUT"
          }
        },
        "pScale": {
          "init": {
            "x": 0.25,
            "y": 0.25
          },
          "start": {
            "value": {
              "x": 5,
              "y": 0.5
            },
            "spline": "EASE_OUT"
          }
        },
        "pRotate": {
          "init": -0.08
        },
        "moveWithTarget": 1,
        "anim": "CIRCLE_WAVE",
        "type": "PLAY_ANIM"
      },
      {
        "useTargetAngle": false,
        "keepAngleSync": false,
        "offset": {
          "x": 0,
          "y": 0,
          "z": 0
        },
        "pAlpha": {
          "init": 1,
          "start": {
            "value": 0,
            "spline": "EASE_OUT"
          }
        },
        "pScale": {
          "init": {
            "x": 0.25,
            "y": 0.25
          },
          "start": {
            "value": {
              "x": 5,
              "y": 0.5
            },
            "spline": "EASE_OUT"
          }
        },
        "pRotate": {
          "init": -0.17
        },
        "moveWithTarget": 1,
        "anim": "CIRCLE_WAVE",
        "type": "PLAY_ANIM"
      },
      {
        "time": 0.05,
        "type": "WAIT"
      },
      {
        "type": "LOOP_START"
      },
      {
        "color": "#4fc",
        "colorAlpha": "1",
        "noLighter": true,
        "pAlpha": {
          "init": 0.8,
          "start": {
            "value": 0.1,
            "spline": "EASE_OUT"
          }
        },
        "pScale": {
          "init": {
            "x": 1,
            "y": 1
          },
          "start": {
            "value": {
              "x": 1.75,
              "y": 1.75
            },
            "spline": "EASE_OUT"
          }
        },
        "particleDuration": 0.15,
        "type": "COPY_SPRITE"
      },
      {
        "time": 0.066,
        "type": "WAIT"
      },
      {
        "type": "LOOP_END"
      }
    ],
    "chargeLevel1Loop": [
      {
        "type": "LOOP_START"
      },
      {
        "time": 0.1,
        "type": "WAIT"
      },
      {
        "type": "LOOP_END"
      },
      {
        "volume": 1,
        "global": true,
        "loop": false,
        "sound": "media/sound/menu/circuit/circuit-upgrade-b-2.ogg",
        "type": "PLAY_SOUND"
      },
      {
        "size": "L",
        "fadeIn": 0,
        "fadeOut": 0.1,
        "duration": -1,
        "glow": false,
        "type": "LIGHT"
      },
      {
        "color": "white",
        "alpha": 1,
        "duration": 0.3,
        "keepDuration": 0.1,
        "noLighter": false,
        "type": "FLASH_COLOR"
      },
      {
        "numParticles": 3,
        "duration": 0,
        "centralAngle": 1,
        "startDist": 0,
        "uniformRandom": 0.3,
        "particleRotate": true,
        "offset": {
          "x": 0,
          "y": 128,
          "z": 128
        },
        "moveDist": 20,
        "moveVariance": 0,
        "keySpline": "EASE_OUT",
        "inverse": true,
        "collision": false,
        "moveWithTarget": 1,
        "anim": "SUCK_PARTICLE",
        "type": "OFFSET_PARTICLE_CIRCLE"
      },
      {
        "useTargetAngle": false,
        "keepAngleSync": false,
        "offset": {
          "x": 0,
          "y": 0,
          "z": 0
        },
        "pAlpha": {
          "init": 1,
          "start": {
            "value": 0,
            "spline": "LINEAR"
          }
        },
        "pScale": {
          "init": {
            "x": 0.25,
            "y": 0.25
          },
          "start": {
            "value": {
              "x": 0.75,
              "y": 0.75
            },
            "spline": "EASE_OUT"
          }
        },
        "moveWithTarget": 1,
        "particleDuration": 0.25,
        "anim": "CIRCLE_NEUTRAL",
        "type": "PLAY_ANIM"
      },
      {
        "time": 0.05,
        "type": "WAIT"
      },
      {
        "color": "#fff",
        "colorAlpha": "1",
        "noLighter": true,
        "pAlpha": {
          "init": 0.6,
          "start": {
            "value": 0.1,
            "spline": "EASE_OUT"
          }
        },
        "pScale": {
          "init": {
            "x": 1,
            "y": 1
          },
          "start": {
            "value": {
              "x": 1.75,
              "y": 1.75
            },
            "spline": "EASE_OUT"
          }
        },
        "particleDuration": 0.15,
        "type": "COPY_SPRITE"
      },
      {
        "time": 0.066,
        "type": "WAIT"
      }
    ]
  }
}