{
  "DOCTYPE": "EFFECT",
  "ANIMS": {
    "name": "PGUARD_FLASH",
    "pivot": {
      "x": 24,
      "y": 24
    },
    "sheet": {
      "src": "media/entity/effects/guardLQM.png",
      "offX": 0,
      "offY": 224,
      "width": 48,
      "height": 32
    },
    "time": 0.1,
    "repeat": true,
    "frames": [
      0
    ]
  },
  "FACEANIMS": {
    "SUB": [
      {
        "sheet": {
          "src": "media/entity/effects/guardLQM.png",
          "width": 32,
          "height": 32
        },
        "shapeType": "Y_FLAT",
        "dirs": 8,
        "size": {
          "x": 32,
          "y": 0,
          "z": 32
        },
        "SUB": [
          {
            "offset": {
              "x": 0,
              "y": -16,
              "z": 0
            },
            "gfxOffset": {
              "x": 0,
              "y": 10
            },
            "tileOffsets": [
              0,
              8,
              16,
              48,
              48,
              48,
              16,
              8
            ],
            "flipX": [
              0,
              0,
              0,
              0,
              0,
              0,
              1,
              1
            ],
            "SUB": [
              {
                "name": "GUARD_NEUTRAL",
                "time": 0.05,
                "repeat": true,
                "frames": [
                  0,
                  1
                ]
              },
              {
                "name": "GUARD_NEUTRAL_WEAK",
                "time": 0.05,
                "repeat": true,
                "frames": [
                  2,
                  1,
                  0,
                  1,
                  0,
                  1,
                  0,
                  1,
                  0,
                  1
                ],
                "framesAlpha": [
                  1,
                  1,
                  0.95,
                  0.9,
                  0.85,
                  0.8,
                  0.85,
                  0.9,
                  0.95,
                  1
                ]
              },
              {
                "name": "GUARD_NEUTRAL_WEAKER",
                "time": 0.05,
                "repeat": true,
                "frames": [
                  2,
                  1,
                  0,
                  1,
                  0,
                  1
                ],
                "framesAlpha": [
                  1,
                  0.9,
                  0.8,
                  0.7,
                  0.8,
                  0.9
                ]
              },
              {
                "name": "GUARD_NEUTRAL_WEAKEST",
                "time": 0.05,
                "repeat": true,
                "frames": [
                  2,
                  1
                ],
                "framesAlpha": [
                  1,
                  0.2
                ]
              },
              {
                "name": "GUARD_NEUTRAL_BLINK",
                "renderMode": "lighter",
                "time": 0.05,
                "repeat": true,
                "frames": [
                  0,
                  1
                ]
              }
            ]
          },
          {
            "offset": {
              "x": 0,
              "y": 0,
              "z": 0
            },
            "tileOffsets": [
              48,
              48,
              24,
              32,
              40,
              32,
              24,
              48
            ],
            "flipX": [
              0,
              0,
              0,
              0,
              0,
              1,
              1,
              1
            ],
            "SUB": [
              {
                "name": "GUARD_NEUTRAL",
                "time": 0.05,
                "repeat": true,
                "frames": [
                  0,
                  1
                ]
              },
              {
                "name": "GUARD_NEUTRAL_WEAK",
                "time": 0.05,
                "repeat": true,
                "frames": [
                  2,
                  1,
                  0,
                  1,
                  0,
                  1,
                  0,
                  1,
                  0,
                  1
                ],
                "framesAlpha": [
                  1,
                  1,
                  0.95,
                  0.9,
                  0.85,
                  0.8,
                  0.85,
                  0.9,
                  0.95,
                  1
                ]
              },
              {
                "name": "GUARD_NEUTRAL_WEAKER",
                "time": 0.05,
                "repeat": true,
                "frames": [
                  2,
                  1,
                  0,
                  1,
                  0,
                  1
                ],
                "framesAlpha": [
                  1,
                  0.9,
                  0.8,
                  0.7,
                  0.8,
                  0.9
                ]
              },
              {
                "name": "GUARD_NEUTRAL_WEAKEST",
                "time": 0.05,
                "repeat": true,
                "frames": [
                  2,
                  1
                ],
                "framesAlpha": [
                  1,
                  0.2
                ]
              },
              {
                "name": "GUARD_NEUTRAL_BLINK",
                "renderMode": "lighter",
                "time": 0.05,
                "repeat": true,
                "frames": [
                  0,
                  1
                ]
              }
            ]
          }
        ]
      },
      {
        "shapeType": "Y_FLAT",
        "size": {
          "x": 32,
          "y": 0,
          "z": 32
        },
        "sheet": {
          "src": "media/entity/effects/guardLQM.png",
          "xCount": 3,
          "offX": 96,
          "offY": 0,
          "width": 32,
          "height": 32
        },
        "dirs": "1",
        "SUB": [
          {
            "offset": {
              "x": 0,
              "y": -16,
              "z": 0
            },
            "flipX": [
              0
            ],
            "tileOffsets": [
              0
            ],
            "SUB": [
              {
                "name": "GUARD_NEUTRAL2",
                "time": 0.05,
                "repeat": true,
                "frames": [
                  0,
                  1
                ]
              },
              {
                "name": "GUARD_NEUTRAL2_WEAK",
                "time": 0.05,
                "repeat": true,
                "frames": [
                  2,
                  1,
                  0,
                  1,
                  0,
                  1,
                  0,
                  1,
                  0,
                  1
                ],
                "framesAlpha": [
                  1,
                  1,
                  0.95,
                  0.9,
                  0.85,
                  0.8,
                  0.85,
                  0.9,
                  0.95,
                  1
                ]
              },
              {
                "name": "GUARD_NEUTRAL2_WEAKER",
                "time": 0.05,
                "repeat": true,
                "frames": [
                  2,
                  1,
                  0,
                  1,
                  0,
                  1
                ],
                "framesAlpha": [
                  1,
                  0.9,
                  0.8,
                  0.7,
                  0.8,
                  0.9
                ]
              },
              {
                "name": "GUARD_NEUTRAL2_WEAKEST",
                "time": 0.05,
                "repeat": true,
                "frames": [
                  2,
                  1
                ],
                "framesAlpha": [
                  1,
                  0.2
                ]
              },
              {
                "name": "GUARD_NEUTRAL2_BLINK",
                "renderMode": "lighter",
                "time": 0.05,
                "repeat": true,
                "frames": [
                  0,
                  1
                ]
              }
            ]
          },
          {
            "offset": {
              "x": 0,
              "y": 0,
              "z": 0
            },
            "flipX": [
              0
            ],
            "tileOffsets": [
              3
            ],
            "SUB": [
              {
                "name": "GUARD_NEUTRAL2",
                "time": 0.05,
                "repeat": true,
                "frames": [
                  0,
                  1
                ]
              },
              {
                "name": "GUARD_NEUTRAL2_WEAK",
                "time": 0.05,
                "repeat": true,
                "frames": [
                  2,
                  1,
                  0,
                  1,
                  0,
                  1,
                  0,
                  1,
                  0,
                  1
                ],
                "framesAlpha": [
                  1,
                  1,
                  0.95,
                  0.9,
                  0.85,
                  0.8,
                  0.85,
                  0.9,
                  0.95,
                  1
                ]
              },
              {
                "name": "GUARD_NEUTRAL2_WEAKER",
                "time": 0.05,
                "repeat": true,
                "frames": [
                  2,
                  1,
                  0,
                  1,
                  0,
                  1
                ],
                "framesAlpha": [
                  1,
                  0.9,
                  0.8,
                  0.7,
                  0.8,
                  0.9
                ]
              },
              {
                "name": "GUARD_NEUTRAL2_WEAKEST",
                "time": 0.05,
                "repeat": true,
                "frames": [
                  2,
                  1
                ],
                "framesAlpha": [
                  1,
                  0.2
                ]
              },
              {
                "name": "GUARD_NEUTRAL2_BLINK",
                "renderMode": "lighter",
                "time": 0.05,
                "repeat": true,
                "frames": [
                  0,
                  1
                ]
              }
            ]
          }
        ]
      },
      {
        "shapeType": "Y_FLAT",
        "size": {
          "x": 32,
          "y": 0,
          "z": 48
        },
        "sheet": {
          "src": "media/entity/effects/guardLQM.png",
          "xCount": 3,
          "offX": 96,
          "offY": 64,
          "width": 32,
          "height": 48
        },
        "dirs": "1",
        "SUB": [
          {
            "offset": {
              "x": 0,
              "y": 0,
              "z": 0
            },
            "flipX": [
              0
            ],
            "tileOffsets": [
              0
            ],
            "SUB": [
              {
                "name": "GUARD_NEUTRAL3",
                "time": 0.05,
                "repeat": true,
                "frames": [
                  0,
                  1
                ]
              },
              {
                "name": "GUARD_NEUTRAL3_WEAK",
                "time": 0.05,
                "repeat": true,
                "frames": [
                  2,
                  1,
                  0,
                  1,
                  0,
                  1,
                  0,
                  1,
                  0,
                  1
                ],
                "framesAlpha": [
                  1,
                  1,
                  0.95,
                  0.9,
                  0.85,
                  0.8,
                  0.85,
                  0.9,
                  0.95,
                  1
                ]
              },
              {
                "name": "GUARD_NEUTRAL3_WEAKER",
                "time": 0.05,
                "repeat": true,
                "frames": [
                  2,
                  1,
                  0,
                  1,
                  0,
                  1
                ],
                "framesAlpha": [
                  1,
                  0.9,
                  0.8,
                  0.7,
                  0.8,
                  0.9
                ]
              },
              {
                "name": "GUARD_NEUTRAL3_WEAKEST",
                "time": 0.05,
                "repeat": true,
                "frames": [
                  2,
                  1
                ],
                "framesAlpha": [
                  1,
                  0.2
                ]
              },
              {
                "name": "GUARD_NEUTRAL3_BLINK",
                "renderMode": "lighter",
                "time": 0.05,
                "repeat": true,
                "frames": [
                  0,
                  1
                ]
              }
            ]
          }
        ]
      }
    ]
  },
  "EFFECTS": {
    "neutral": [
      {
        "pAlpha": {
          "init": 0,
          "start": {
            "value": 1,
            "time": 0.05,
            "spline": ""
          },
          "end": {
            "value": 0,
            "time": 0.07,
            "spline": ""
          }
        },
        "pScale": {
          "init": {
            "x": 0.5,
            "y": 0.5
          },
          "start": {
            "value": {
              "x": 1,
              "y": 1
            },
            "time": 0.05,
            "spline": ""
          },
          "end": {
            "value": {
              "x": 0.5,
              "y": 0.5
            },
            "time": 0.07,
            "spline": ""
          }
        },
        "particleDuration": -1,
        "anim": "GUARD_NEUTRAL",
        "type": "PLAY_FACE_ANIM"
      },
      {
        "type": "LOOP_START"
      },
      {
        "time": 0.6,
        "type": "WAIT"
      }
    ],
    "neutral2": [
      {
        "pAlpha": {
          "init": 0,
          "start": {
            "value": 1,
            "time": 0.05,
            "spline": ""
          },
          "end": {
            "value": 0,
            "time": 0.07,
            "spline": ""
          }
        },
        "pScale": {
          "init": {
            "x": 0.5,
            "y": 0.5
          },
          "start": {
            "value": {
              "x": 1,
              "y": 1
            },
            "time": 0.05,
            "spline": ""
          },
          "end": {
            "value": {
              "x": 0.5,
              "y": 0.5
            },
            "time": 0.07,
            "spline": ""
          }
        },
        "particleDuration": -1,
        "anim": "GUARD_NEUTRAL_WEAK",
        "type": "PLAY_FACE_ANIM"
      },
      {
        "type": "LOOP_START"
      },
      {
        "time": 0.6,
        "type": "WAIT"
      }
    ],
    "neutral3": [
      {
        "pAlpha": {
          "init": 0,
          "start": {
            "value": 1,
            "time": 0.05,
            "spline": ""
          },
          "end": {
            "value": 0,
            "time": 0.07,
            "spline": ""
          }
        },
        "pScale": {
          "init": {
            "x": 0.5,
            "y": 0.5
          },
          "start": {
            "value": {
              "x": 1,
              "y": 1
            },
            "time": 0.05,
            "spline": ""
          },
          "end": {
            "value": {
              "x": 0.5,
              "y": 0.5
            },
            "time": 0.07,
            "spline": ""
          }
        },
        "particleDuration": -1,
        "anim": "GUARD_NEUTRAL_WEAKER",
        "type": "PLAY_FACE_ANIM"
      },
      {
        "type": "LOOP_START"
      },
      {
        "time": 0.6,
        "type": "WAIT"
      }
    ],
    "neutral4": [
      {
        "pAlpha": {
          "init": 0,
          "start": {
            "value": 1,
            "time": 0.05,
            "spline": ""
          },
          "end": {
            "value": 0,
            "time": 0.07,
            "spline": ""
          }
        },
        "pScale": {
          "init": {
            "x": 0.5,
            "y": 0.5
          },
          "start": {
            "value": {
              "x": 1,
              "y": 1
            },
            "time": 0.05,
            "spline": ""
          },
          "end": {
            "value": {
              "x": 0.5,
              "y": 0.5
            },
            "time": 0.07,
            "spline": ""
          }
        },
        "particleDuration": -1,
        "anim": "GUARD_NEUTRAL_WEAKEST",
        "type": "PLAY_FACE_ANIM"
      },
      {
        "type": "LOOP_START"
      },
      {
        "time": 0.6,
        "type": "WAIT"
      }
    ],
    "neutral_full": [
      {
        "pAlpha": {
          "init": 0,
          "start": {
            "value": 1,
            "time": 0.05,
            "spline": ""
          },
          "end": {
            "value": 0,
            "time": 0.07,
            "spline": ""
          }
        },
        "pScale": {
          "init": {
            "x": 0.5,
            "y": 0.5
          },
          "start": {
            "value": {
              "x": 1,
              "y": 1
            },
            "time": 0.05,
            "spline": ""
          },
          "end": {
            "value": {
              "x": 0.5,
              "y": 0.5
            },
            "time": 0.07,
            "spline": ""
          }
        },
        "particleDuration": -1,
        "anim": "GUARD_NEUTRAL2",
        "type": "PLAY_FACE_ANIM"
      },
      {
        "type": "LOOP_START"
      },
      {
        "time": 0.6,
        "type": "WAIT"
      }
    ],
    "neutral2_full": [
      {
        "pAlpha": {
          "init": 0,
          "start": {
            "value": 1,
            "time": 0.05,
            "spline": ""
          },
          "end": {
            "value": 0,
            "time": 0.07,
            "spline": ""
          }
        },
        "pScale": {
          "init": {
            "x": 0.5,
            "y": 0.5
          },
          "start": {
            "value": {
              "x": 1,
              "y": 1
            },
            "time": 0.05,
            "spline": ""
          },
          "end": {
            "value": {
              "x": 0.5,
              "y": 0.5
            },
            "time": 0.07,
            "spline": ""
          }
        },
        "particleDuration": -1,
        "anim": "GUARD_NEUTRAL2_WEAK",
        "type": "PLAY_FACE_ANIM"
      },
      {
        "type": "LOOP_START"
      },
      {
        "time": 0.6,
        "type": "WAIT"
      }
    ],
    "neutral3_full": [
      {
        "pAlpha": {
          "init": 0,
          "start": {
            "value": 1,
            "time": 0.05,
            "spline": ""
          },
          "end": {
            "value": 0,
            "time": 0.07,
            "spline": ""
          }
        },
        "pScale": {
          "init": {
            "x": 0.5,
            "y": 0.5
          },
          "start": {
            "value": {
              "x": 1,
              "y": 1
            },
            "time": 0.05,
            "spline": ""
          },
          "end": {
            "value": {
              "x": 0.5,
              "y": 0.5
            },
            "time": 0.07,
            "spline": ""
          }
        },
        "particleDuration": -1,
        "anim": "GUARD_NEUTRAL2_WEAKER",
        "type": "PLAY_FACE_ANIM"
      },
      {
        "type": "LOOP_START"
      },
      {
        "time": 0.6,
        "type": "WAIT"
      }
    ],
    "neutral4_full": [
      {
        "pAlpha": {
          "init": 0,
          "start": {
            "value": 1,
            "time": 0.05,
            "spline": ""
          },
          "end": {
            "value": 0,
            "time": 0.07,
            "spline": ""
          }
        },
        "pScale": {
          "init": {
            "x": 0.5,
            "y": 0.5
          },
          "start": {
            "value": {
              "x": 1,
              "y": 1
            },
            "time": 0.05,
            "spline": ""
          },
          "end": {
            "value": {
              "x": 0.5,
              "y": 0.5
            },
            "time": 0.07,
            "spline": ""
          }
        },
        "particleDuration": -1,
        "anim": "GUARD_NEUTRAL2_WEAKEST",
        "type": "PLAY_FACE_ANIM"
      },
      {
        "type": "LOOP_START"
      },
      {
        "time": 0.6,
        "type": "WAIT"
      }
    ],
    "neutral_top": [
      {
        "pAlpha": {
          "init": 0,
          "start": {
            "value": 1,
            "time": 0.05,
            "spline": ""
          },
          "end": {
            "value": 0,
            "time": 0.07,
            "spline": ""
          }
        },
        "pScale": {
          "init": {
            "x": 0.5,
            "y": 0.5
          },
          "start": {
            "value": {
              "x": 1,
              "y": 1
            },
            "time": 0.05,
            "spline": ""
          },
          "end": {
            "value": {
              "x": 0.5,
              "y": 0.5
            },
            "time": 0.07,
            "spline": ""
          }
        },
        "particleDuration": -1,
        "anim": "GUARD_NEUTRAL3",
        "type": "PLAY_FACE_ANIM"
      },
      {
        "type": "LOOP_START"
      },
      {
        "time": 0.6,
        "type": "WAIT"
      }
    ],
    "neutral2_top": [
      {
        "pAlpha": {
          "init": 0,
          "start": {
            "value": 1,
            "time": 0.05,
            "spline": ""
          },
          "end": {
            "value": 0,
            "time": 0.07,
            "spline": ""
          }
        },
        "pScale": {
          "init": {
            "x": 0.5,
            "y": 0.5
          },
          "start": {
            "value": {
              "x": 1,
              "y": 1
            },
            "time": 0.05,
            "spline": ""
          },
          "end": {
            "value": {
              "x": 0.5,
              "y": 0.5
            },
            "time": 0.07,
            "spline": ""
          }
        },
        "particleDuration": -1,
        "anim": "GUARD_NEUTRAL3_WEAK",
        "type": "PLAY_FACE_ANIM"
      },
      {
        "type": "LOOP_START"
      },
      {
        "time": 0.6,
        "type": "WAIT"
      }
    ],
    "neutral3_top": [
      {
        "pAlpha": {
          "init": 0,
          "start": {
            "value": 1,
            "time": 0.05,
            "spline": ""
          },
          "end": {
            "value": 0,
            "time": 0.07,
            "spline": ""
          }
        },
        "pScale": {
          "init": {
            "x": 0.5,
            "y": 0.5
          },
          "start": {
            "value": {
              "x": 1,
              "y": 1
            },
            "time": 0.05,
            "spline": ""
          },
          "end": {
            "value": {
              "x": 0.5,
              "y": 0.5
            },
            "time": 0.07,
            "spline": ""
          }
        },
        "particleDuration": -1,
        "anim": "GUARD_NEUTRAL3_WEAKER",
        "type": "PLAY_FACE_ANIM"
      },
      {
        "type": "LOOP_START"
      },
      {
        "time": 0.6,
        "type": "WAIT"
      }
    ],
    "neutral4_top": [
      {
        "pAlpha": {
          "init": 0,
          "start": {
            "value": 1,
            "time": 0.05,
            "spline": ""
          },
          "end": {
            "value": 0,
            "time": 0.07,
            "spline": ""
          }
        },
        "pScale": {
          "init": {
            "x": 0.5,
            "y": 0.5
          },
          "start": {
            "value": {
              "x": 1,
              "y": 1
            },
            "time": 0.05,
            "spline": ""
          },
          "end": {
            "value": {
              "x": 0.5,
              "y": 0.5
            },
            "time": 0.07,
            "spline": ""
          }
        },
        "particleDuration": -1,
        "anim": "GUARD_NEUTRAL3_WEAKEST",
        "type": "PLAY_FACE_ANIM"
      },
      {
        "type": "LOOP_START"
      },
      {
        "time": 0.6,
        "type": "WAIT"
      }
    ],
    "perfectGuard": [
      {
        "color": "white",
        "colorAlpha": "0.5",
        "noLighter": false,
        "pAlpha": {
          "init": 1,
          "start": {
            "value": 0,
            "spline": ""
          }
        },
        "pScale": {
          "init": {
            "x": 1,
            "y": 1
          },
          "start": {
            "value": {
              "x": 1.5,
              "y": 1.5
            },
            "spline": "EASE_OUT"
          }
        },
        "particleDuration": 0.15,
        "type": "COPY_SPRITE"
      },
      {
        "useTargetAngle": true,
        "keepAngleSync": false,
        "pAlpha": {
          "init": 0.5,
          "start": {
            "value": 0,
            "spline": ""
          }
        },
        "pScale": {
          "init": {
            "x": 1,
            "y": 1
          },
          "start": {
            "value": {
              "x": 1.3,
              "y": 1.3
            },
            "spline": "EASE"
          }
        },
        "moveWithTarget": 1,
        "particleDuration": 0.15,
        "anim": "PGUARD_FLASH",
        "type": "PLAY_ANIM"
      },
      {
        "useTargetAngle": true,
        "keepAngleSync": false,
        "pAlpha": {
          "init": 1,
          "end": {
            "value": 0,
            "time": 0.1,
            "spline": ""
          }
        },
        "pScale": {
          "init": {
            "x": 1,
            "y": 1
          },
          "end": {
            "value": {
              "x": 1.4,
              "y": 1.2
            },
            "time": 0.1,
            "spline": ""
          }
        },
        "moveWithTarget": 1,
        "particleDuration": 0.15,
        "anim": "PGUARD_FLASH",
        "type": "PLAY_ANIM"
      },
      {
        "time": 0.05,
        "type": "WAIT"
      },
      {
        "color": "white",
        "colorAlpha": "0.5",
        "noLighter": false,
        "pAlpha": {
          "init": 1,
          "start": {
            "value": 0,
            "spline": ""
          }
        },
        "pScale": {
          "init": {
            "x": 1,
            "y": 1
          },
          "start": {
            "value": {
              "x": 1.5,
              "y": 1.5
            },
            "spline": "EASE_OUT"
          }
        },
        "particleDuration": 0.15,
        "type": "COPY_SPRITE"
      },
      {
        "time": 0.05,
        "type": "WAIT"
      }
    ],
    "perfectGuardStart": [
      {
        "pAlpha": {
          "init": 0.7,
          "start": {
            "value": 0,
            "spline": ""
          }
        },
        "pScale": {
          "init": {
            "x": 1,
            "y": 1
          },
          "start": {
            "value": {
              "x": 1.5,
              "y": 1.5
            },
            "spline": ""
          }
        },
        "particleDuration": 0.15,
        "anim": "GUARD_NEUTRAL_BLINK",
        "type": "PLAY_FACE_ANIM"
      }
    ],
    "guardBroken": [
      {
        "color": "white",
        "maxAlpha": 0.5,
        "minAlpha": 0.2,
        "blinkDuration": 0.2,
        "blinkCount": -1,
        "noLighter": false,
        "type": "BLINK_COLOR"
      },
      {
        "type": "LOOP_START"
      },
      {
        "time": 0.2,
        "type": "WAIT"
      },
      {
        "type": "LOOP_END"
      }
    ],
    "perfectDash": [
      {
        "volume": 1,
        "global": false,
        "loop": false,
        "speed": 1.4,
        "sound": "media/sound/battle/sweep-long.ogg",
        "type": "PLAY_SOUND"
      },
      {
        "color": "white",
        "alpha": 0.8,
        "duration": 0.5,
        "keepDuration": 0,
        "noLighter": true,
        "type": "FLASH_COLOR"
      }
    ]
  }
}