{
  "DOCTYPE": "EFFECT",
  "ANIMS": {
    "shapeType": "Y_EXPAND",
    "guiSprites": true,
    "SUB": [
      {
        "name": "DEFAULT_SWEEP",
        "sheet": {
          "src": "media/entity/effects/sweep-starcaller.png",
          "width": 64,
          "height": 96
        },
        "pivot": {
          "x": 32,
          "y": 54
        },
        "time": 0.06,
        "repeat": false,
        "frames": [
          0,
          1,
          2,
          3,
          4,
          5,
          6
        ]
      },
      {
        "name": "DEFAULT_SWEEP_REV",
        "sheet": {
          "src": "media/entity/effects/sweep-starcaller.png",
          "width": 64,
          "height": 96
        },
        "pivot": {
          "x": 32,
          "y": 54
        },
        "flipX": 1,
        "time": 0.06,
        "repeat": false,
        "frames": [
          0,
          1,
          2,
          3,
          4,
          5,
          6
        ]
      },
      {
        "name": "HEAT_SWEEP",
        "sheet": {
          "src": "media/entity/effects/sweep-starcaller.png",
          "width": 64,
          "height": 96
        },
        "pivot": {
          "x": 32,
          "y": 54
        },
        "time": 0.06,
        "repeat": false,
        "tileOffset": 8,
        "frames": [
          0,
          1,
          2,
          3,
          4,
          5,
          6,
          7
        ]
      },
      {
        "name": "HEAT_SWEEP_REV",
        "sheet": {
          "src": "media/entity/effects/sweep-starcaller.png",
          "width": 64,
          "height": 96
        },
        "pivot": {
          "x": 32,
          "y": 54
        },
        "flipX": 1,
        "time": 0.06,
        "repeat": false,
        "tileOffset": 8,
        "frames": [
          0,
          1,
          2,
          3,
          4,
          5,
          6,
          7
        ]
      },
      {
        "name": "COLD_SWEEP",
        "sheet": {
          "src": "media/entity/effects/sweep-starcaller.png",
          "width": 64,
          "height": 96
        },
        "pivot": {
          "x": 32,
          "y": 54
        },
        "time": 0.06,
        "repeat": false,
        "tileOffset": 16,
        "frames": [
          0,
          1,
          2,
          3,
          4,
          5,
          6,
          7,
          8
        ]
      },
      {
        "name": "COLD_SWEEP_REV",
        "sheet": {
          "src": "media/entity/effects/sweep-starcaller.png",
          "width": 64,
          "height": 96
        },
        "pivot": {
          "x": 32,
          "y": 54
        },
        "flipX": 1,
        "time": 0.06,
        "repeat": false,
        "tileOffset": 16,
        "frames": [
          0,
          1,
          2,
          3,
          4,
          5,
          6,
          7,
          8
        ]
      },
      {
        "name": "SHOCK_SWEEP",
        "sheet": {
          "src": "media/entity/effects/sweep-starcaller.png",
          "width": 64,
          "height": 96
        },
        "pivot": {
          "x": 32,
          "y": 54
        },
        "time": 0.06,
        "repeat": false,
        "tileOffset": 25,
        "frames": [
          0,
          1,
          2,
          3,
          4,
          5,
          6
        ]
      },
      {
        "name": "SHOCK_SWEEP_REV",
        "sheet": {
          "src": "media/entity/effects/sweep-starcaller.png",
          "width": 64,
          "height": 96
        },
        "pivot": {
          "x": 32,
          "y": 54
        },
        "flipX": 1,
        "time": 0.06,
        "repeat": false,
        "tileOffset": 25,
        "frames": [
          0,
          1,
          2,
          3,
          4,
          5,
          6
        ]
      },
      {
        "name": "WAVE_SWEEP",
        "sheet": {
          "src": "media/entity/effects/sweep-starcaller.png",
          "width": 64,
          "height": 96
        },
        "pivot": {
          "x": 32,
          "y": 54
        },
        "time": 0.06,
        "repeat": false,
        "tileOffset": 32,
        "frames": [
          0,
          1,
          2,
          3,
          4,
          5,
          6
        ]
      },
      {
        "name": "WAVE_SWEEP_REV",
        "sheet": {
          "src": "media/entity/effects/sweep-starcaller.png",
          "width": 64,
          "height": 96
        },
        "pivot": {
          "x": 32,
          "y": 54
        },
        "flipX": 1,
        "time": 0.06,
        "repeat": false,
        "tileOffset": 32,
        "frames": [
          0,
          1,
          2,
          3,
          4,
          5,
          6
        ]
      }
    ]
  },
  "EFFECTS": {
    "default": [
      {
        "global": false,
        "loop": false,
        "speed": 0.9,
        "sounds": [
          {
            "sound": "media/sound/battle/airon/close-combat-sweep-1.ogg",
            "volume": 1,
            "variance": 0.1
          },
          {
            "sound": "media/sound/battle/airon/close-combat-sweep-2.ogg",
            "volume": 1,
            "variance": 0.1
          },
          {
            "sound": "media/sound/battle/airon/close-combat-sweep-3.ogg",
            "volume": 1,
            "variance": 0.1
          }
        ],
        "type": "PLAY_RANDOM_SOUND"
      },
      {
        "useTargetAngle": false,
        "keepAngleSync": false,
        "offset": {
          "x": 0,
          "y": 12,
          "z": 24
        },
        "pScale":
        {
            "init":
            {
                "x": 1.4,
                "y": 1.4
            }
        },
        "moveWithTarget": 1,
        "cancelable": true,
        "anim": "DEFAULT_SWEEP",
        "type": "PLAY_ANIM"
      }
    ],
    "defaultRev": [
      {
        "global": false,
        "loop": false,
        "speed": 0.9,
        "sounds": [
          {
            "sound": "media/sound/battle/airon/close-combat-sweep-1.ogg",
            "volume": 1,
            "variance": 0.1
          },
          {
            "sound": "media/sound/battle/airon/close-combat-sweep-2.ogg",
            "volume": 1,
            "variance": 0.1
          },
          {
            "sound": "media/sound/battle/airon/close-combat-sweep-3.ogg",
            "volume": 1,
            "variance": 0.1
          }
        ],
        "type": "PLAY_RANDOM_SOUND"
      },
      {
        "useTargetAngle": false,
        "keepAngleSync": false,
        "offset": {
          "x": 0,
          "y": 12,
          "z": 24
        },
        "pScale":
        {
            "init":
            {
                "x": 1.4,
                "y": 1.4
            }
        },
        "moveWithTarget": 1,
        "cancelable": true,
        "anim": "DEFAULT_SWEEP_REV",
        "type": "PLAY_ANIM"
      }
    ],
    "heat": [
      {
        "global": false,
        "loop": false,
        "speed": 0.9,
        "sounds": [
          {
            "sound": "media/sound/battle/airon/close-combat-heat-sweep-1.ogg",
            "volume": 1,
            "variance": 0.1
          },
          {
            "sound": "media/sound/battle/airon/close-combat-heat-sweep-2.ogg",
            "volume": 1,
            "variance": 0.1
          },
          {
            "sound": "media/sound/battle/airon/close-combat-heat-sweep-3.ogg",
            "volume": 1,
            "variance": 0.1
          }
        ],
        "type": "PLAY_RANDOM_SOUND"
      },
      {
        "useTargetAngle": false,
        "keepAngleSync": false,
        "offset": {
          "x": 0,
          "y": 12,
          "z": 24
        },
        "pScale":
        {
            "init":
            {
                "x": 1.4,
                "y": 1.4
            }
        },
        "moveWithTarget": 1,
        "cancelable": true,
        "anim": "HEAT_SWEEP",
        "type": "PLAY_ANIM"
      }
    ],
    "heatRev": [
      {
        "global": false,
        "loop": false,
        "speed": 0.9,
        "sounds": [
          {
            "sound": "media/sound/battle/airon/close-combat-heat-sweep-1.ogg",
            "volume": 1,
            "variance": 0.1
          },
          {
            "sound": "media/sound/battle/airon/close-combat-heat-sweep-2.ogg",
            "volume": 1,
            "variance": 0.1
          },
          {
            "sound": "media/sound/battle/airon/close-combat-heat-sweep-3.ogg",
            "volume": 1,
            "variance": 0.1
          }
        ],
        "type": "PLAY_RANDOM_SOUND"
      },
      {
        "useTargetAngle": false,
        "keepAngleSync": false,
        "offset": {
          "x": 0,
          "y": 12,
          "z": 24
        },
        "pScale":
        {
            "init":
            {
                "x": 1.4,
                "y": 1.4
            }
        },
        "moveWithTarget": 1,
        "cancelable": true,
        "anim": "HEAT_SWEEP_REV",
        "type": "PLAY_ANIM"
      }
    ],
    "cold": [
      {
        "global": false,
        "loop": false,
        "speed": 0.9,
        "sounds": [
          {
            "sound": "media/sound/battle/airon/cold/close-combat-cold-sweep-1.ogg",
            "volume": 1,
            "variance": 0.1
          },
          {
            "sound": "media/sound/battle/airon/cold/close-combat-cold-sweep-2.ogg",
            "volume": 1,
            "variance": 0.1
          },
          {
            "sound": "media/sound/battle/airon/cold/close-combat-cold-sweep-3.ogg",
            "volume": 1,
            "variance": 0.1
          }
        ],
        "type": "PLAY_RANDOM_SOUND"
      },
      {
        "useTargetAngle": false,
        "keepAngleSync": false,
        "offset": {
          "x": 0,
          "y": 12,
          "z": 24
        },
        "pScale":
        {
            "init":
            {
                "x": 1.4,
                "y": 1.4
            }
        },
        "moveWithTarget": 1,
        "cancelable": true,
        "anim": "COLD_SWEEP",
        "type": "PLAY_ANIM"
      }
    ],
    "coldRev": [
      {
        "global": false,
        "loop": false,
        "speed": 0.9,
        "sounds": [
          {
            "sound": "media/sound/battle/airon/cold/close-combat-cold-sweep-1.ogg",
            "volume": 1,
            "variance": 0.1
          },
          {
            "sound": "media/sound/battle/airon/cold/close-combat-cold-sweep-2.ogg",
            "volume": 1,
            "variance": 0.1
          },
          {
            "sound": "media/sound/battle/airon/cold/close-combat-cold-sweep-3.ogg",
            "volume": 1,
            "variance": 0.1
          }
        ],
        "type": "PLAY_RANDOM_SOUND"
      },
      {
        "useTargetAngle": false,
        "keepAngleSync": false,
        "offset": {
          "x": 0,
          "y": 12,
          "z": 24
        },
        "pScale":
        {
            "init":
            {
                "x": 1.4,
                "y": 1.4
            }
        },
        "moveWithTarget": 1,
        "cancelable": true,
        "anim": "COLD_SWEEP_REV",
        "type": "PLAY_ANIM"
      }
    ],
    "shock": [
      {
        "global": false,
        "loop": false,
        "speed": 0.9,
        "sounds": [
          {
            "sound": "media/sound/battle/airon/shock/close-combat-shock-sweep-1.ogg",
            "volume": 1,
            "variance": 0.1
          },
          {
            "sound": "media/sound/battle/airon/shock/close-combat-shock-sweep-2.ogg",
            "volume": 1,
            "variance": 0.1
          },
          {
            "sound": "media/sound/battle/airon/shock/close-combat-shock-sweep-3.ogg",
            "volume": 1,
            "variance": 0.1
          }
        ],
        "type": "PLAY_RANDOM_SOUND"
      },
      {
        "useTargetAngle": false,
        "keepAngleSync": false,
        "offset": {
          "x": 0,
          "y": 12,
          "z": 24
        },
        "pScale":
        {
            "init":
            {
                "x": 1.4,
                "y": 1.4
            }
        },
        "moveWithTarget": 1,
        "cancelable": true,
        "anim": "SHOCK_SWEEP",
        "type": "PLAY_ANIM"
      }
    ],
    "shockRev": [
      {
        "global": false,
        "loop": false,
        "speed": 0.9,
        "sounds": [
          {
            "sound": "media/sound/battle/airon/shock/close-combat-shock-sweep-1.ogg",
            "volume": 1,
            "variance": 0.1
          },
          {
            "sound": "media/sound/battle/airon/shock/close-combat-shock-sweep-2.ogg",
            "volume": 1,
            "variance": 0.1
          },
          {
            "sound": "media/sound/battle/airon/shock/close-combat-shock-sweep-3.ogg",
            "volume": 1,
            "variance": 0.1
          }
        ],
        "type": "PLAY_RANDOM_SOUND"
      },
      {
        "useTargetAngle": false,
        "keepAngleSync": false,
        "offset": {
          "z": 24,
          "y": 12
        },
        "pScale":
        {
            "init":
            {
                "x": 1.4,
                "y": 1.4
            }
        },
        "moveWithTarget": true,
        "type": "PLAY_ANIM",
        "anim": "SHOCK_SWEEP_REV"
      }
    ],
    "wave": [
      {
        "global": false,
        "loop": false,
        "speed": 0.9,
        "sounds": [
          {
            "sound": "media/sound/battle/airon/wave/close-combat-wave-sweep-1.ogg",
            "volume": 1,
            "variance": 0.1
          },
          {
            "sound": "media/sound/battle/airon/wave/close-combat-wave-sweep-2.ogg",
            "volume": 1,
            "variance": 0.1
          },
          {
            "sound": "media/sound/battle/airon/wave/close-combat-wave-sweep-4.ogg",
            "volume": 1,
            "variance": 0.1
          }
        ],
        "type": "PLAY_RANDOM_SOUND"
      },
      {
        "useTargetAngle": false,
        "keepAngleSync": false,
        "offset": {
          "x": 0,
          "y": 12,
          "z": 24
        },
        "pScale":
        {
            "init":
            {
                "x": 1.4,
                "y": 1.4
            }
        },
        "moveWithTarget": 1,
        "cancelable": true,
        "anim": "WAVE_SWEEP",
        "type": "PLAY_ANIM"
      }
    ],
    "waveRev": [
      {
        "global": false,
        "loop": false,
        "speed": 0.9,
        "sounds": [
          {
            "sound": "media/sound/battle/airon/wave/close-combat-wave-sweep-1.ogg",
            "volume": 1,
            "variance": 0.1
          },
          {
            "sound": "media/sound/battle/airon/wave/close-combat-wave-sweep-2.ogg",
            "volume": 1,
            "variance": 0.1
          },
          {
            "sound": "media/sound/battle/airon/wave/close-combat-wave-sweep-4.ogg",
            "volume": 1,
            "variance": 0.1
          }
        ],
        "type": "PLAY_RANDOM_SOUND"
      },
      {
        "useTargetAngle": false,
        "keepAngleSync": false,
        "offset": {
          "x": 0,
          "y": 12,
          "z": 24
        },
        "pScale":
        {
            "init":
            {
                "x": 1.4,
                "y": 1.4
            }
        },
        "moveWithTarget": 1,
        "cancelable": true,
        "anim": "WAVE_SWEEP_REV",
        "type": "PLAY_ANIM"
      }
    ]
  }
}