{
    "name":
    {
        "en_US": "Quadroguard1",
        "de_DE": "Joern",
        "zh_CN": "乔恩",
        "ja_JP": "ジョアン",
        "ko_KR": "존",
        "langUid": 1,
        "zh_TW": "喬恩"
    },
    "realname":
    {
        "en_US": "Quadroguard1",
        "de_DE": "Joern",
        "zh_CN": "乔恩<<A<<[CHANGED 2018/08/28]",
        "ja_JP": "ジョアン<<A<<[CHANGED 2018/08/28]",
        "ko_KR": "존<<A<<[CHANGED 2018/08/28]",
        "langUid": 2,
        "zh_TW": "喬恩<<A<<[CHANGED 2018/08/28]"
    },
    "size":
    {
        "x": 16,
        "y": 16,
        "z": 32
    },
    "animSheet": "npc.quadroguard1",
    "walkAnimSet":
    {
        "normal":
        {
            "idle": "idle",
            "move": "walk",
            "run": "run",
            "jump": "jump",
            "fall": "fall"
        }
    },
    "walkAnims": "normal",
    "shadow": 16,
    "configs":
    {
        "normal":
        {
            "relativeVel": 0.5
        },
        "running":
        {
            "relativeVel": 1
        }
    },
    "face": {
    "width": 124,
    "height": 149,
    "centerX": 45,
    "centerY": 52,
    "src": "quadroguard1.png",
    "parts": [
      {
        "normal": {
          "srcX": 0,
          "srcY": 0,
          "width": 124,
          "height": 149,
          "destX": 0,
          "destY": 0
        }
      }
    ],
    "expressions": {
      "DEFAULT": {
        "faces": [
          [
            "normal"
          ]
        ]
      }
    }
  }
}