{
  "proxies": {
    "steelTempestStack": {
            "copyOwnerAnims": false,
            "breakType": "COMBATANT",
            "action":
            [
                {
                  "withElse": false,
                  "type": "IF",
                  "condition": "entity.ownerAttrib.steelTempestCharges == 1",
                  "thenStep": [
                    {
                      "attribName": "steelTempestCharges",
                      "changeType": "set",
                      "changeConnected": "PROXY_OWNER",
                      "type": "SET_ATTRIB_NUMBER",
                      "value": 2
                    },
                    {
                      "duration": 0,
                      "align": "BOTTOM",
                      "rotateFace": 0,
                      "flipLeftFace": true,
                      "wait": false,
                      "waitSkip": 0,
                      "actionDetached": true,
                      "fixPos": false,
                      "type": "SHOW_EFFECT",
                      "effect": {
                        "sheet": "combat.tribladerXPC",
                        "name": "steelTempestPrimeSound"
                      },
                      "offset": {
                        "x": 0,
                        "y": 0,
                        "z": 0
                      }
                    },
                    {
                      "align": "BOTTOM",
                      "type": "SHOOT_PROXY",
                      "proxy": "steelTempestFull",
                      "offset": {
                        "x": 0,
                        "y": 0,
                        "z": 0
                      }
                    },
                    {
                      "name": "end",
                      "type": "GOTO_LABEL"
                    }
                  ]
                },
                {
                  "attribName": "steelTempestCharges",
                  "changeType": "set",
                  "changeConnected": "PROXY_OWNER",
                  "type": "SET_ATTRIB_NUMBER",
                  "value": 1
                },
                {
                  "volume": 0.8,
                  "global": false,
                  "loop": false,
                  "variance": 0.2,
                  "sound": "media/sound/battle/steel-tempest-hit1.ogg",
                  "type": "PLAY_SOUND"
                },
                {
                  "name": "endPrime",
                  "type": "LABEL"
                },
                {
                  "name": "end",
                  "type": "LABEL"
                },
                {
                    "time": 0.4,
                    "type": "WAIT"
                }
            ],
            "invisible": false,
            "hp": 0,
            "stickToSource": "NONE",
            "stickFaceAlign": false,
            "group": "",
            "startAnim": "",
            "label": "worstbirthdayever",
            "size":
            {
                "x": 16,
                "y": 16,
                "z": 32
            },
            "config":
            {
                "collType": "NONE",
                "floatVariance": 0,
                "flyHeight": 1
            },
            "type": "GENERIC"
    },
    "steelTempestFull": {
            "copyOwnerAnims": false,
            "breakType": "COMBATANT",
            "action":
            [
              {
                "actionDetached": false,
                "align": "BOTTOM",
                "target": "PROXY_OWNER",
                "duration": -1,
                "effect": {
                  "name": "steelTempestAura",
                  "sheet": "combat.tribladerXPC"
                },
                "fixPos": false,
                "flipLeftFace": false,
                "offset": {
                  "x": 0,
                  "y": 0,
                  "z": 0
                },
                "rotateFace": 0,
                "type": "SHOW_EFFECT",
                "wait": false,
                "waitSkip": 0
              },
              {
                  "time": 6.5,
                  "type": "WAIT"
              },
              {
                "attribName": "steelTempestCharges",
                "changeType": "set",
                "changeConnected": "PROXY_OWNER",
                "type": "SET_ATTRIB_NUMBER",
                "value": 0
              },
              {
                  "time": 0.5,
                  "type": "WAIT"
              }
            ],
            "invisible": false,
            "hp": 0,
            "stickToSource": "NONE",
            "stickFaceAlign": false,
            "group": "steelTempestFullGroup",
            "startAnim": "",
            "label": "worstbirthdayever",
            "size":
            {
                "x": 16,
                "y": 16,
                "z": 32
            },
            "config":
            {
                "collType": "NONE",
                "floatVariance": 0,
                "flyHeight": 1
            },
            "type": "GENERIC"
    },
    "steelTempestHitbox": {
      "copyOwnerAnims": false,
      "breakType": "COMBATANT",
      "action": [
        {
          "type": "DETACH_TIME_PARENT"
        },
        {
          "value": 3500,
          "type": "SET_SPEED"
        },
        {
          "time": 0.025,
          "collideCancel": 1,
          "type": "MOVE_FORWARD"
        },
        {
          "kind": "PROXY_OWNER",
          "type": "SET_TEMP_TARGET"
        },
        {
          "type": "CLEAR_EFFECTS"
        },
        {
          "value": 0.0001,
          "type": "SET_BOUNCINESS"
        },
        {
          "value": false,
          "immediately": true,
          "type": "FACE_TO_TARGET"
        },
        {
            "posType": "TARGET",
            "align": "CENTER",
            "type": "SET_HIT_PROXY",
            "proxy": "steelTempestStack",
            "offset":
            {
                "x": 0,
                "y": 0,
                "z": 0
            }
        },
        {
          "align": "BOTTOM",
          "radius": 14,
          "yScale": 0,
          "zHeight": 32,
          "centralAngle": 1,
          "duration": 1,
          "expandRadius": 0,
          "alwaysFull": true,
          "clockwise": false,
          "flipLeftFace": 0,
          "rectangular": false,
          "repeat": false,
          "uniformHitDir": false,
          "fixPos": false,
          "checkCollision": false,
          "type": "CIRCLE_ATTACK",
          "attack": {
            "type": "MASSIVE",
            "element": "NEUTRAL",
            "damageFactor": 1.75,
            "reverse": true,
            "critFactor": 1.5,
            "fly": "MEDIUM",
            "spFactor": 0,
            "guardable": "",
            "skillBonus": "MELEE_DMG",
            "hints": [
              "NO_PUZZLE"
            ]
          },
          "offset": {
            "x": 0,
            "y": 0,
            "z": 0
          }
        },
        {
          "value": 6000,
          "type": "SET_SPEED"
        },
        {
          "min": 0,
          "max": 12,
          "maxTime": 1,
          "forceTime": false,
          "rotateSpeed": 0,
          "stopBeforeEdge": false,
          "type": "MOVE_TO_DISTANCE"
        },
        {
          "type": "STOP_XY"
        },
        {
          "time": 0.1,
          "type": "WAIT"
        }
      ],
      "invisible": false,
      "hp": 0,
      "stickToSource": "NONE",
      "stickFaceAlign": false,
      "group": "",
      "size": {
        "x": 0,
        "y": 0,
        "z": 0
      },
      "config": {
        "collType": "IGNORE",
        "airFriction": 1,
        "maxVel": 3500,
        "zGravityFactor": 0,
        "bounciness": 0.0001
      },
      "type": "GENERIC"
    },
    "steelTempestTornadoHit": {
            "copyOwnerAnims": false,
            "breakType": "COMBATANT",
            "action":
            [
                {
                      "volume": 1,
                      "global": false,
                      "loop": false,
                      "variance": 0.1,
                      "sound": "media/sound/battle/steel-tempest-tornado-hit.ogg",
                      "type": "PLAY_SOUND"
                    },
                {
                    "time": 0.4,
                    "type": "WAIT"
                }
            ],
            "invisible": false,
            "hp": 0,
            "stickToSource": "NONE",
            "stickFaceAlign": false,
            "group": "",
            "startAnim": "",
            "label": "worstbirthdayever",
            "size":
            {
                "x": 16,
                "y": 16,
                "z": 32
            },
            "config":
            {
                "collType": "NONE",
                "floatVariance": 0,
                "flyHeight": 1
            },
            "type": "GENERIC"
    },
    "steelTempestTornado": {
      "action": [
        {
          "actionDetached": false,
          "align": "BOTTOM",
          "duration": -1,
          "effect": {
            "name": "steelTempestHurricane",
            "sheet": "combat.tribladerXPC"
          },
          "fixPos": false,
          "flipLeftFace": false,
          "offset": {
            "x": 0,
            "y": 0,
            "z": 0
          },
          "rotateFace": 0,
          "type": "SHOW_EFFECT",
          "wait": false,
          "waitSkip": 0
        },
        {
          "type": "SET_FRICTION",
          "value": 0.4
        },
        {
            "posType": "TARGET",
            "align": "CENTER",
            "type": "SET_HIT_PROXY",
            "proxy": "steelTempestTornadoHit",
            "offset":
            {
                "x": 0,
                "y": 0,
                "z": 0
            }
        },
        {
          "align": "BOTTOM",
          "alwaysFull": true,
          "attack": {
            "damageFactor": 3.3,
            "element": "NEUTRAL",
            "guardable": "",
            "limiter": "",
            "reverse": false,
            "critFactor": 1.5,
            "skillBonus": "",
            "stunSteps": [
              {
                  "type": "BLOCK_XY"
                },
                {
                  "type": "START_LOCK"
                },
              {
                "accel": 0,
                "maxTime": 0,
                "offZ": 0,
                "type": "Z_VEL",
                "value": 450
              }
            ],
            "type": "HEAVY"
          },
          "centralAngle": 1,
          "checkCollision": false,
          "clockwise": false,
          "duration": 1.5,
          "expandRadius": 0,
          "fixPos": false,
          "flipLeftFace": 0,
          "offset": {
            "x": 0,
            "y": 0,
            "z": 0
          },
          "radius": 36,
          "rectangular": false,
          "repeat": false,
          "type": "CIRCLE_ATTACK",
          "uniformHitDir": false,
          "yScale": 0,
          "zHeight": 128
        },
        {
          "type": "SET_SPEED",
          "value": 375
        },
        {
          "time": 1.5,
          "stopBeforeEdge": false,
          "collideCancel": 1,
          "type": "MOVE_FORWARD"
        },
        {
          "type": "STOP_REPEATING_FORCE"
        },
        {
          "group": "move",
          "type": "CLEAR_EFFECTS"
        }
      ],
      "breakType": "COMBATANT",
      "config": {
        "collType": "IGNORE"
      },
      "copyOwnerAnims": false,
      "group": "",
      "hp": 0,
      "invisible": false,
      "size": {
        "x": 16,
        "y": 16,
        "z": 32
      },
      "startAnim": "",
      "stickFaceAlign": false,
      "stickToSource": "NONE",
      "type": "GENERIC"
    }
  },
  "actions": {
    "NEUTRAL": {
      "CS_LQM_TRIBLADER_ATTACK_SPECIAL1_A": {
        "name": {
          "en_US": "Steel Tempest"
        },
        "description": {
          "en_US": ""        
        },
        "steps": [
          {
            "withElse": true,
            "type": "IF",
            "condition": "entity.attrib.steelTempestCharges >= 2",
            "thenStep": [
              {
                "type": "SET_PLAYER_ACTION_BLOCK",
                "blockData": {
                  "dash": -1,
                  "action": -1,
                  "move": -1,
                  "reaim": -1
                }
              },
              {
                "attribName": "steelTempestCharges",
                "changeType": "set",
                "type": "SET_ATTRIB_NUMBER",
                "value": 0
              },
              {
                "group": "steelTempestFullGroup",
                "type": "REMOVE_PROXIES"
              },
              {
                    "sp": -0.6,
                    "type": "CONSUME_SP"
                  },
              {
                "duration": -1,
                "align": "BOTTOM",
                "rotateFace": 8,
                "flipLeftFace": true,
                "wait": false,
                "waitSkip": 0,
                "actionDetached": false,
                "group": "trail",
                "fixPos": false,
                "type": "SHOW_EFFECT",
                "effect": {
                  "sheet": "specials.neutral",
                  "name": "specialTrail"
                },
                "offset": {
                  "x": 0,
                  "y": 0,
                  "z": 0
                }
              },
              {
                "followUp": "tri-attack1End",
                "wait": false,
                "viaWalkConfig": false,
                "type": "SHOW_ANIMATION",
                "anim": "tri-spinShort"
              },
              {
                "value": "HEAVY",
                "type": "SET_HIT_STABLE"
              },
              {
                "duration": 0.3,
                "align": "BOTTOM",
                "rotateFace": 6,
                "flipLeftFace": true,
                "wait": false,
                "waitSkip": 0,
                "actionDetached": false,
                "fixPos": false,
                "type": "SHOW_EFFECT",
                "effect": {
                  "sheet": "combat.tribladerXPC",
                  "name": "sweepNeutral"
                },
                "offset": {
                  "x": 0,
                  "y": 0,
                  "z": 0
                }
              },
              {
                "align": "BOTTOM",
                "centralAngle": 0,
                "startAngle": 0,
                "angleVary": 0,
                "startDist": 48,
                "startDistCollide": "NONE",
                "random": false,
                "count": 1,
                "duration": 0,
                "clockwise": false,
                "flipLeftFace": 0,
                "circularArea": false,
                "uniformDir": 0,
                "delay": 0,
                "repeat": false,
                "type": "SHOOT_PROXY_RANGE",
                "proxy": "steelTempestTornado",
                "offset": {
                  "z": 0
                }
              }
            ],
            "elseStep": [
              {
                "type": "SET_PLAYER_ACTION_BLOCK",
                "blockData": {
                  "dash": -1,
                  "action": -1,
                  "move": -1,
                  "reaim": -1
                }
              },
              {
                "volume": 0.8,
                "global": false,
                "loop": false,
                "variance": 0.2,
                "sound": "media/sound/battle/steel-tempest-miss1.ogg",
                "type": "PLAY_SOUND"
              },
              {
                    "sp": -0.6,
                    "type": "CONSUME_SP"
                  },
              {
                "duration": -1,
                "align": "BOTTOM",
                "rotateFace": 8,
                "flipLeftFace": true,
                "wait": false,
                "waitSkip": 0,
                "actionDetached": false,
                "group": "trail",
                "fixPos": false,
                "type": "SHOW_EFFECT",
                "effect": {
                  "sheet": "specials.neutral",
                  "name": "specialTrail"
                },
                "offset": {
                  "x": 0,
                  "y": 0,
                  "z": 0
                }
              },
              {
                "wait": false,
                "viaWalkConfig": false,
                "type": "SHOW_ANIMATION",
                "anim": "tri-throwSpecial"
              },
              {
                "value": "HEAVY",
                "type": "SET_HIT_STABLE"
              },
              {
                "duration": 0.3,
                "align": "BOTTOM",
                "rotateFace": 6,
                "flipLeftFace": true,
                "wait": false,
                "waitSkip": 0,
                "actionDetached": false,
                "fixPos": false,
                "type": "SHOW_EFFECT",
                "effect": {
                  "sheet": "combat.tribladerXPC",
                  "name": "stabNeutralSilent"
                },
                "offset": {
                  "x": 0,
                  "y": 0,
                  "z": 0
                }
              },
              {
                "duration": 0,
                "align": "FACE",
                "rotateFace": 8,
                "flipLeftFace": true,
                "wait": false,
                "waitSkip": 0,
                "actionDetached": true,
                "fixPos": true,
                "type": "SHOW_EFFECT",
                "effect": {
                  "sheet": "combat.tribladerXPC",
                  "name": "steelTempestStab"
                },
                "offset": {
                  "x": 0,
                  "y": 0,
                  "z": 12
                }
              },
              {
                "align": "BOTTOM",
                "centralAngle": 0,
                "startAngle": 0,
                "angleVary": 0,
                "startDist": 48,
                "startDistCollide": "NONE",
                "random": false,
                "count": 1,
                "duration": 0,
                "clockwise": false,
                "flipLeftFace": 0,
                "circularArea": false,
                "uniformDir": 0,
                "delay": 0,
                "repeat": false,
                "type": "SHOOT_PROXY_RANGE",
                "proxy": "steelTempestHitbox",
                "offset": {
                  "z": 0
                }
              }
            ]
          },
          {
            "time": 0.4,
            "type": "WAIT"
          }
        ]
      }
    }
  }
}