{
    "level": 10,
    "params":
    {
        "hp": 400,
        "attack": 40,
        "defense": 40,
        "focus": 40
    },
    "elementModes":
    {
        "HEAT":
        {
            "hp": 1,
            "attack": 1.1,
            "defense": 0.9,
            "focus": 1,
            "elemFactor":
            [
                0.5,
                1.5,
                1,
                1
            ]
        },
        "COLD":
        {
            "hp": 1,
            "attack": 1,
            "defense": 1,
            "focus": 1,
            "elemFactor":
            [
                0.5,
                1.5,
                1,
                1
            ]
        },
        "SHOCK":
        {
            "hp": 1,
            "attack": 1,
            "defense": 1,
            "focus": 1,
            "elemFactor":
            [
                1,
                1,
                0.5,
                1.5
            ]
        },
        "WAVE":
        {
            "hp": 1,
            "attack": 1,
            "defense": 1,
            "focus": 1,
            "elemFactor":
            [
                1,
                1,
                1.5,
                0.5
            ]
        }
    },
    "credit": 0,
    "exp": 1000,
    "maxSp": 0,
    "enduranceScale": 1,
    "healDropRate": 0,
    "boss": false,
    "bossOrder": 0,
    "headIdx": 4,
    "padding":
    {
        "x": 2,
        "y": 2
    },
    "material": "ORGANIC",
    "aiGroup": "",
    "aiLearnType": "REGULAR",
    "itemDrops":
    [],
    "targetDetect":
    {
        "detectDistance": 120,
        "loseDistance": 320,
        "notifyNeighbourRadius": 100
    },
    "hpBreaks":
    [],
    "size":
    {
        "x": 16,
        "y": 16,
        "z": 24
    },
    "anims": "npc.fancyguy",
    "defaultState": "DEFAULT",
    "walkConfigs":
    {
        "normal":
        {
            "idle": "battleIdle",
            "move": "battleWalk",
            "run": "run",
            "jump": "jump",
            "fall": "fall",
            "damage": "damage"
        },
        "weak":
        {
            "idle": "damage",
            "damage": "damage"
        }
    },
    "_wm": null,
    "walkAnims": "normal",
    "weight": 100,
    "maxVel": 180,
    "jumpingEnabled": true,
    "shadow": 20,
    "hitStable": "LIGHT",
    "faceToTarget": true,
    "stunEscapeTime": 1.5,
    "DOCTYPE": "ENEMY",
    "trackers":
    {
        "move":
        {
            "target": 5,
            "initRandom": 0,
            "resetRandom": 0.3,
            "noStateReset": false,
            "noAssist": false,
            "type": "TIME"
        },
        "hits":
        {
            "target": 3,
            "type": "HIT"
        },
        "brakeOver":
        {
            "target": 4,
            "initRandom": 0,
            "resetRandom": 0,
            "noStateReset": false,
            "type": "TIME"
        },
        "brakeSkipHits":
        {
            "target": 8,
            "type": "HIT"
        },
        "counterHits":
        {
            "target": 5,
            "type": "HIT"
        }
    },
    "states":
    {
        "DEFAULT":
        {
        	"enabledReactions":
            [
                "TEAM_COMBO"
            ],
            "choices":
            [
                {
                    "req":
                    [
                        {
                            "negated": false,
                            "type": "ENTERED_STATE"
                        }
                    ],
                    "action": "weakEnd"
                },
                {
                    "req":
                    [
                        {
                            "negated": false,
                            "type": "VAR_CONDITION",
                            "condition": "pvp.brake"
                        }
                    ],
                    "sub":
                    []
                },
                {
                    "req":
                    [
                        {
                            "max": 0.6,
                            "negated": false,
                            "type": "RANDOM"
                        }
                    ],
                    "preSwitchState": "CLOSE"
                },
                {
                    "preSwitchState": "DISTANCE"
                }
            ]
        },
        "CLOSE":
        {
            "enabledReactions":
            [
                "CLOSE_COUNTER",
                "TEAM_COMBO"
            ],
            "choices":
            [
                {
                    "req":
                    [
                        {
                            "negated": false,
                            "type": "VAR_CONDITION",
                            "condition": "pvp.brake"
                        }
                    ],
                    "preSwitchState": "DEFAULT"
                },
                {
                    "req":
                    [
                        {
                            "min": 0.5,
                            "negated": false,
                            "type": "COMBO_TIME"
                        }
                    ],
                    "action": "JumpDistance"
                },
                {
                    "req":
                    [
                        {
                            "showMsg": true,
                            "negated": false,
                            "type": "STUN_ESCAPE"
                        }
                    ],
                    "action": "JumpDistance",
                    "ignoreStun": true
                },
                {
                    "req":
                    [
                        {
                            "distance": 120,
                            "throwing": false,
                            "type": "!TARGET_REACHABLE"
                        }
                    ],
                    "action": "AdjustClose"
                },
                {
                    "req":
                    [
                        {
                            "negated": false,
                            "type": "VAR_CONDITION",
                            "condition": "pvp.playerPoints >= 2"
                        },
                        {
                            "min": 1,
                            "negated": false,
                            "type": "HAS_SP"
                        }
                    ],
                    "action": "CC+SpinDance",
                    "frequency": "NORMAL",
                    "preSwitchState": "BRAKE"
                },
                {
                    "req":
                    [
                        {
                            "min": 1,
                            "negated": false,
                            "type": "HAS_SP"
                        }
                    ],
                    "action": "SpinDance",
                    "frequency": "SOMETIMES",
                    "preSwitchState": "BRAKE"
                },
                {
                    "req":
                    [
                        {
                            "negated": false,
                            "type": "VAR_CONDITION",
                            "condition": "pvp.playerPoints >= 2"
                        }
                    ],
                    "action": "CloseCombat",
                    "frequency": "OFTEN"
                },
                {
                    "action": "CloseCombat",
                    "frequency": "NORMAL"
                },
                {
                    "action": "SlowWalk"
                }
            ]
        },
        "DISTANCE":
        {
        	"enabledReactions":
            [
                "TEAM_COMBO"
            ],
            "choices":
            [
                {
                    "req":
                    [
                        {
                            "negated": false,
                            "type": "VAR_CONDITION",
                            "condition": "pvp.brake"
                        }
                    ],
                    "preSwitchState": "DEFAULT"
                },
                {
                    "req":
                    [
                        {
                            "min": 0.5,
                            "negated": false,
                            "type": "COMBO_TIME"
                        }
                    ],
                    "action": "JumpDistance"
                },
                {
                    "req":
                    [
                        {
                            "showMsg": true,
                            "negated": false,
                            "type": "STUN_ESCAPE"
                        }
                    ],
                    "action": "JumpDistance",
                    "ignoreStun": true
                },
                {
                    "req":
                    [
                        {
                            "distance": 200,
                            "throwing": true,
                            "type": "!TARGET_REACHABLE"
                        }
                    ],
                    "action": "AdjustDistance"
                },
                {
                    "req":
                    [
                        {
                            "negated": false,
                            "type": "VAR_CONDITION",
                            "condition": "pvp.playerPoints >= 2"
                        },
                        {
                            "min": 1,
                            "negated": false,
                            "type": "HAS_SP"
                        }
                    ],
                    "action": "Balls+Azure",
                    "frequency": "NORMAL",
                    "preSwitchState": "BRAKE"
                },
                {
                    "req":
                    [
                        {
                            "min": 1,
                            "negated": false,
                            "type": "HAS_SP"
                        }
                    ],
                    "action": "AzureStrike",
                    "frequency": "SOMETIMES",
                    "preSwitchState": "BRAKE"
                },
                {
                    "req":
                    [
                        {
                            "negated": false,
                            "type": "VAR_CONDITION",
                            "condition": "pvp.playerPoints >= 2"
                        }
                    ],
                    "action": "ThrowBalls",
                    "frequency": "OFTEN"
                },
                {
                    "action": "ThrowBalls",
                    "frequency": "NORMAL"
                },
                {
                    "req":
                    [
                        {
                            "min": 0,
                            "max": 64,
                            "negated": false,
                            "type": "TARGET_DISTANCE"
                        }
                    ],
                    "action": "JumpDistance"
                },
                {
                    "action": "SlowWalk"
                }
            ]
        },
        "BRAKE":
        {
            "stunEscapeTime": 2,
            "choices":
            [
                {
                    "req":
                    [
                        {
                            "negated": false,
                            "type": "ENTERED_STATE"
                        }
                    ],
                    "action": "weakStart"
                },
                {
                    "req":
                    [
                        {
                            "showMsg": true,
                            "negated": false,
                            "type": "STUN_ESCAPE"
                        }
                    ],
                    "action": "JumpDistance",
                    "ignoreStun": true
                },
                {
                    "req":
                    [
                        {
                            "negated": false,
                            "type": "VAR_CONDITION",
                            "condition": "pvp.brake"
                        }
                    ],
                    "action": "weakEnd",
                    "preSwitchState": "DEFAULT"
                },
                {
                    "req":
                    [
                        {
                            "negated": false,
                            "type": "TRACKER_READY",
                            "name": "brakeOver"
                        }
                    ],
                    "action": "weakEnd",
                    "preSwitchState": "DEFAULT"
                },
                {
                    "req":
                    [
                        {
                            "min": 0,
                            "max": 64,
                            "negated": false,
                            "type": "TARGET_DISTANCE"
                        }
                    ],
                    "action": "Adjust"
                },
                {
                    "action": "BattleIdle"
                }
            ]
        }
    },
    "proxies":
    {
        "defaultNeutral":
        {
            "effects": "ball",
            "speed": 550,
            "maxBounce": 0,
            "timer": 1,
            "trail": false,
            "multiHit": false,
            "noLightGlow": false,
            "attack":
            {
                "type": "LIGHT",
                "element": "NEUTRAL",
                "damageFactor": 0.6,
                "reverse": false,
                "spFactor": 1,
                "guardable": "",
                "skillBonus": "RANGED_DMG",
                "limiter": ""
            },
            "timeBoni": null,
            "behaviors":
            [],
            "type": "BALL",
            "animation":
            {
                "name": "default",
                "sheet":
                {
                    "src": "media/entity/balls/default.png",
                    "width": 24,
                    "height": 24
                },
                "time": 0.05,
                "repeat": true,
                "frames":
                [
                    4
                ]
            }
        },
        "chargedNeutral":
        {
            "effects": "ball",
            "speed": 600,
            "maxBounce": 3,
            "timer": 1.5,
            "trail": true,
            "multiHit": false,
            "noLightGlow": false,
            "attack":
            {
                "type": "HEAVY",
                "element": "NEUTRAL",
                "damageFactor": 1.3,
                "reverse": false,
                "spFactor": 1,
                "hints":
                [
                    "CHARGED"
                ],
                "guardable": "",
                "skillBonus": "RANGED_DMG",
                "limiter": ""
            },
            "timeBoni": null,
            "behaviors":
            [],
            "type": "BALL",
            "animation":
            {
                "name": "default",
                "sheet":
                {
                    "src": "media/entity/balls/default.png",
                    "width": 24,
                    "height": 24
                },
                "time": 0.05,
                "repeat": true,
                "frames":
                [
                    0,
                    1,
                    2,
                    3
                ]
            }
        },
        "special1":
        {
            "size":
            {
                "x": 16,
                "y": 16,
                "z": 8
            },
            "effects": "ball-special",
            "effectKeys":
            {
                "bounce": "steelBounce",
                "wall": "steelWall",
                "air": "steelAir",
                "trail": "steelTrail"
            },
            "speed": 800,
            "maxBounce": 2,
            "timer": 1.5,
            "trail": true,
            "multiHit": true,
            "noLightGlow": false,
            "type": "BALL",
            "animation":
            {
                "name": "default",
                "gfxOffset":
                {
                    "x": 0,
                    "y": 0
                },
                "sheet":
                {
                    "src": "media/entity/balls/default.png",
                    "offX": 0,
                    "offY": 144,
                    "width": 24,
                    "height": 24
                },
                "time": 0.05,
                "repeat": true,
                "frames":
                [
                    0
                ]
            },
            "attack":
            {
                "type": "HEAVY",
                "element": "NEUTRAL",
                "damageFactor": 2.5,
                "reverse": false,
                "spFactor": 0,
                "hints":
                [
                    "CHARGED"
                ],
                "guardable": "",
                "skillBonus": "RANGED_DMG",
                "limiter": ""
            },
            "timeBoni": null,
            "behaviors":
            []
        }
    },
    "actions":
    {
        "Idle":
        [
            {
                "value": true,
                "type": "FACE_TO_TARGET"
            },
            {
                "minTime": 0.1,
                "maxTime": 0.3,
                "type": "WAIT_RANDOM"
            }
        ],
        "SlowWalk":
        [
            {
                "type": "ENABLE_REACTION",
                "reaction": "DOOOOOOODGE"
            },
            {
                "value": true,
                "type": "FACE_TO_TARGET"
            },
            {
                "value": 0.4,
                "type": "SET_RELATIVE_SPEED"
            },
            {
                "maxTime": 0.4,
                "distance": 60,
                "distVariance": 20,
                "keepDirection": false,
                "throwing": true,
                "planOnly": false,
                "type": "NAVIGATE_SIDEWAYS_TARGET"
            }
        ],
        "BattleIdle":
        [
            {
                "value": true,
                "type": "FACE_TO_TARGET"
            },
            {
                "minTime": 0.2,
                "maxTime": 0.4,
                "type": "WAIT_RANDOM"
            }
        ],
        "Adjust":
        [
            {
                "value": true,
                "type": "FACE_TO_TARGET"
            },
            {
                "value": 0.5,
                "type": "SET_RELATIVE_SPEED"
            },
            {
                "maxTime": 1,
                "distance": 120,
                "throwing": true,
                "planOnly": false,
                "targetType": "ENEMY",
                "type": "NAVIGATE_ESCAPE_TARGET"
            }
        ],
        "AdjustClose":
        [
            {
                "type": "ENABLE_REACTION",
                "reaction": "ATTACK_DODGE"
            },
            {
                "value": false,
                "type": "FACE_TO_TARGET"
            },
            {
                "value": 1,
                "type": "SET_RELATIVE_SPEED"
            },
            {
                "maxTime": 1,
                "forceTime": false,
                "distance": 96,
                "planOnly": false,
                "targetType": "ENEMY",
                "precise": false,
                "stayBehind": false,
                "type": "NAVIGATE_TO_TARGET"
            }
        ],
        "AdjustDistance":
        [
            {
                "type": "ENABLE_REACTION",
                "reaction": "DOOOOOOODGE"
            },
            {
                "value": false,
                "type": "FACE_TO_TARGET"
            },
            {
                "value": 1,
                "type": "SET_RELATIVE_SPEED"
            },
            {
                "maxTime": 1,
                "distance": 160,
                "throwing": true,
                "planOnly": false,
                "targetType": "ENEMY",
                "type": "NAVIGATE_ESCAPE_TARGET"
            }
        ],
        "GetClose":
        [
            {
                "type": "ENABLE_REACTION",
                "reaction": "DOOOOOOODGE"
            },
            {
                "value": 0.7,
                "type": "SET_RELATIVE_SPEED"
            },
            {
                "value": "MEDIUM",
                "type": "SET_HIT_STABLE"
            },
            {
                "maxTime": 0.5,
                "forceTime": false,
                "distance": 60,
                "planOnly": false,
                "targetType": "ENEMY",
                "precise": false,
                "stayBehind": false,
                "type": "NAVIGATE_TO_TARGET"
            }
        ],
        "MoveSidways":
        [
            {
                "value": false,
                "type": "FACE_TO_TARGET"
            },
            {
                "value": 1,
                "type": "SET_RELATIVE_SPEED"
            },
            {
                "maxTime": 0.5,
                "distance": 100,
                "distVariance": 20,
                "keepDirection": false,
                "throwing": true,
                "planOnly": false,
                "type": "NAVIGATE_SIDEWAYS_TARGET"
            }
        ],
        "CloseCombat":
        [
            {
                "name": "artChain",
                "type": "SET_ATTRIB_BOOL",
                "value": false
            },
            {
                "noStateReset": false,
                "type": "DO_ENEMY_ACTION",
                "actionName": "_CloseCombat"
            }
        ],
        "SpinDance":
        [
            {
                "value": true,
                "immediately": true,
                "type": "FACE_TO_TARGET"
            },
            {
                "value": "HEAVY",
                "type": "SET_HIT_STABLE"
            },
            {
                "value": 1,
                "type": "SET_RELATIVE_SPEED"
            },
            {
                "type": "ENABLE_REACTION",
                "reaction": "ATTACK_DODGE"
            },
            {
                "maxTime": 0,
                "distance": 80,
                "throwing": true,
                "planOnly": false,
                "targetType": "ENEMY",
                "type": "NAVIGATE_ESCAPE_TARGET"
            },
            {
                "type": "DISABLE_REACTION",
                "reaction": "ATTACK_DODGE"
            },
            {
                "wait": false,
                "viaWalkConfig": false,
                "type": "SHOW_ANIMATION",
                "anim": "handUp"
            },
            {
                "time": 0.2,
                "type": "WAIT"
            },
            {
                "followUp": "pointing",
                "wait": false,
                "viaWalkConfig": false,
                "type": "SHOW_ANIMATION",
                "anim": "prePointing"
            },
            {
                "time": 0.3,
                "type": "WAIT"
            },
            {
                "value": 1.3,
                "type": "SET_RELATIVE_SPEED"
            },
            {
                "value": 0.5,
                "type": "FACE_TO_TARGET_SPEED"
            },
            {
                "value": true,
                "immediately": true,
                "type": "FACE_TO_TARGET"
            },
            {
                "followUp": "pointingBrake",
                "wait": false,
                "viaWalkConfig": false,
                "type": "SHOW_ANIMATION",
                "anim": "spinFull"
            },
            {
                "time": 0.3,
                "stopBeforeEdge": false,
                "type": "MOVE_FORWARD"
            },
            {
                "value": 2,
                "type": "SET_RELATIVE_SPEED"
            },
            {
                "noStateReset": false,
                "type": "DO_ENEMY_ACTION",
                "actionName": "_SpinDance"
            }
        ],
        "CC+SpinDance":
        [
            {
                "name": "artChain",
                "type": "SET_ATTRIB_BOOL",
                "value": true
            },
            {
                "noStateReset": false,
                "type": "DO_ENEMY_ACTION",
                "actionName": "_CloseCombat"
            }
        ],
        "_CloseCombat":
        [
            {
                "value": "HEAVY",
                "type": "SET_HIT_STABLE"
            },
            {
                "type": "ENABLE_REACTION",
                "reaction": "ATTACK_DODGE"
            },
            {
                "value": 1,
                "type": "SET_RELATIVE_SPEED"
            },
            {
                "maxTime": 0.4,
                "forceTime": false,
                "distance": 80,
                "planOnly": false,
                "targetType": "ENEMY",
                "precise": false,
                "stayBehind": false,
                "type": "NAVIGATE_TO_TARGET"
            },
            {
                "type": "DISABLE_REACTION",
                "reaction": "ATTACK_DODGE"
            },
            {
                "value": 1,
                "type": "FACE_TO_TARGET_SPEED"
            },
            {
                "value": 1.2,
                "type": "SET_RELATIVE_SPEED"
            },
            {
                "wait": false,
                "viaWalkConfig": false,
                "type": "SHOW_ANIMATION",
                "anim": "pointingFly"
            },
            {
                "time": 0.3,
                "stopBeforeEdge": false,
                "type": "MOVE_FORWARD"
            },
            {
                "type": "ENABLE_REACTION",
                "reaction": "GUARD"
            },
            {
                "value": true,
                "immediately": true,
                "type": "FACE_TO_TARGET"
            },
            {
                "followUp": "meleeEndRev",
                "wait": false,
                "viaWalkConfig": false,
                "type": "SHOW_ANIMATION",
                "anim": "spinShortRev"
            },
            {
                "sweepType": "SPHEROMANCER",
                "reversed": true,
                "faceCount": 6,
                "type": "COMBAT_SWEEP"
            },
            {
                "time": 0.05,
                "stopBeforeEdge": false,
                "type": "MOVE_FORWARD"
            },
            {
                "time": 0.16,
                "type": "WAIT"
            },
            {
                "followUp": "meleeEnd",
                "wait": false,
                "viaWalkConfig": false,
                "type": "SHOW_ANIMATION",
                "anim": "spinShort"
            },
            {
                "value": true,
                "type": "FACE_TO_TARGET"
            },
            {
                "sweepType": "SPHEROMANCER",
                "reversed": false,
                "faceCount": 6,
                "type": "COMBAT_SWEEP"
            },
            {
                "time": 0.05,
                "stopBeforeEdge": false,
                "type": "MOVE_FORWARD"
            },
            {
                "time": 0.16,
                "type": "WAIT"
            },
            {
                "followUp": "meleeEndRev",
                "wait": false,
                "viaWalkConfig": false,
                "type": "SHOW_ANIMATION",
                "anim": "spinShortRev"
            },
            {
                "value": true,
                "type": "FACE_TO_TARGET"
            },
            {
                "sweepType": "SPHEROMANCER",
                "reversed": true,
                "faceCount": 6,
                "type": "COMBAT_SWEEP"
            },
            {
                "time": 0.05,
                "stopBeforeEdge": false,
                "type": "MOVE_FORWARD"
            },
            {
                "time": 0.16,
                "type": "WAIT"
            },
            {
                "followUp": "meleeEnd",
                "wait": false,
                "viaWalkConfig": false,
                "type": "SHOW_ANIMATION",
                "anim": "spinFull"
            },
            {
                "value": true,
                "type": "FACE_TO_TARGET"
            },
            {
                "sweepType": "SPHEROMANCER_FINISHER",
                "reversed": false,
                "faceCount": 6,
                "type": "COMBAT_SWEEP"
            },
            {
                "value": 200,
                "type": "SET_SPEED"
            },
            {
                "value": 3,
                "type": "SET_ACCEL_SPEED"
            },
            {
                "time": 0.15,
                "stopBeforeEdge": false,
                "type": "MOVE_FORWARD"
            },
            {
                "value": 50,
                "type": "SET_SPEED"
            },
            {
                "time": 0.2,
                "stopBeforeEdge": false,
                "type": "MOVE_FORWARD"
            },
            {
                "time": 0.1,
                "type": "WAIT"
            },
            {
                "type": "DISABLE_REACTION",
                "reaction": "GUARD"
            },
            {
                "conditions":
                [
                    {
                        "name": "artChain",
                        "negated": false,
                        "type": "ATTRIB_IS_TRUE"
                    },
                    {
                        "min": 1,
                        "negated": false,
                        "type": "HAS_SP"
                    },
                    {
                        "negated": false,
                        "type": "VAR_CONDITION",
                        "condition": "!pvp.brake"
                    }
                ],
                "withElse": true,
                "type": "COMBAT_IF",
                "thenStep":
                [
                    {
                        "noStateReset": false,
                        "type": "DO_ENEMY_ACTION",
                        "actionName": "_SpinDance"
                    }
                ],
                "elseStep":
                [
                    {
                        "value": "LIGHT",
                        "type": "SET_HIT_STABLE"
                    },
                    {
                        "conditions":
                        [
                            {
                                "name": "artChain",
                                "negated": false,
                                "type": "ATTRIB_IS_TRUE"
                            }
                        ],
                        "withElse": false,
                        "type": "COMBAT_IF",
                        "thenStep":
                        [
                            {
                                "type": "ENABLE_REACTION",
                                "reaction": "DOOOOOOODGE"
                            }
                        ]
                    }
                ]
            },
            {
                "time": 0.4,
                "type": "WAIT"
            }
        ],
        "_SpinDance":
        [
            {
                "value": "HEAVY",
                "type": "SET_HIT_STABLE"
            },
            {
                "value": true,
                "immediately": true,
                "type": "FACE_TO_TARGET"
            },
            {
                "value": "MASSIVE",
                "type": "SET_HIT_STABLE"
            },
            {
                "followUp": "pointing",
                "wait": false,
                "viaWalkConfig": false,
                "type": "SHOW_ANIMATION",
                "anim": "prePointing"
            },
            {
                "element": "NEUTRAL",
                "level": 1,
                "type": "COMBAT_ART_CHARGE"
            },
            {
                "followUp": "meleeEnd",
                "wait": false,
                "viaWalkConfig": false,
                "type": "SHOW_ANIMATION",
                "anim": "spinFullLong"
            },
            {
                "duration": 0,
                "align": "BOTTOM",
                "rotateFace": 0,
                "flipLeftFace": false,
                "wait": false,
                "waitSkip": 0,
                "actionDetached": false,
                "fixPos": false,
                "type": "SHOW_EFFECT",
                "effect":
                {
                    "sheet": "special-neutral",
                    "name": "largeSweep"
                },
                "offset":
                {
                    "x": 0,
                    "y": 0,
                    "z": 0
                }
            },
            {
                "align": "BOTTOM",
                "radius": 40,
                "yScale": 0,
                "zHeight": 16,
                "centralAngle": 2.5,
                "startAngle": -0.25,
                "duration": 0.5,
                "expandRadius": 0,
                "alwaysFull": false,
                "clockwise": false,
                "flipLeftFace": false,
                "rectangular": false,
                "repeat": false,
                "uniformHitDir": false,
                "fixPos": false,
                "checkCollision": false,
                "type": "CIRCLE_ATTACK",
                "attack":
                {
                    "type": "HEAVY",
                    "element": "NEUTRAL",
                    "damageFactor": 1.3,
                    "spFactor": 0,
                    "guardable": ""
                },
                "offset":
                {
                    "x": 0,
                    "y": 0,
                    "z": 0
                }
            },
            {
                "value": 200,
                "type": "SET_SPEED"
            },
            {
                "value": 1,
                "type": "SET_RELATIVE_SPEED"
            },
            {
                "value": 3,
                "type": "SET_ACCEL_SPEED"
            },
            {
                "time": 0.35,
                "stopBeforeEdge": false,
                "type": "MOVE_FORWARD"
            },
            {
                "value": "LIGHT",
                "type": "SET_HIT_STABLE"
            },
            {
                "time": 0.2,
                "type": "WAIT"
            },
            {
                "conditions":
                [
                    {
                        "name": "artChain",
                        "negated": false,
                        "type": "ATTRIB_IS_TRUE"
                    },
                    {
                        "negated": false,
                        "type": "VAR_CONDITION",
                        "condition": "pvp.playerPoints >= 4"
                    },
                    {
                        "min": 1,
                        "negated": false,
                        "type": "HAS_SP"
                    },
                    {
                        "negated": false,
                        "type": "VAR_CONDITION",
                        "condition": "!pvp.brake"
                    }
                ],
                "withElse": false,
                "type": "COMBAT_IF",
                "thenStep":
                [
                    {
                        "name": "artChain",
                        "type": "SET_ATTRIB_BOOL",
                        "value": false
                    },
                    {
                        "noStateReset": false,
                        "type": "DO_ENEMY_ACTION",
                        "actionName": "_SpinDance"
                    }
                ]
            },
            {
                "time": 0.5,
                "type": "WAIT"
            }
        ],
        "ThrowBalls":
        [
            {
                "name": "artChain",
                "type": "SET_ATTRIB_BOOL",
                "value": false
            },
            {
                "noStateReset": false,
                "type": "DO_ENEMY_ACTION",
                "actionName": "_ThrowBalls"
            }
        ],
        "Balls+Azure":
        [
            {
                "name": "artChain",
                "type": "SET_ATTRIB_BOOL",
                "value": true
            },
            {
                "noStateReset": false,
                "type": "DO_ENEMY_ACTION",
                "actionName": "_ThrowBalls"
            }
        ],
        "AzureStrike":
        [
            {
                "value": "HEAVY",
                "type": "SET_HIT_STABLE"
            },
            {
                "value": true,
                "type": "FACE_TO_TARGET"
            },
            {
                "type": "ENABLE_REACTION",
                "reaction": "ATTACK_DODGE"
            },
            {
                "value": 1,
                "type": "SET_RELATIVE_SPEED"
            },
            {
                "maxTime": 1,
                "distance": 140,
                "throwing": true,
                "planOnly": false,
                "targetType": "ENEMY",
                "type": "NAVIGATE_ESCAPE_TARGET"
            },
            {
                "value": 2,
                "type": "SET_RELATIVE_SPEED"
            },
            {
                "value": true,
                "immediately": true,
                "type": "FACE_TO_TARGET"
            },
            {
                "type": "DISABLE_REACTION",
                "reaction": "ATTACK_DODGE"
            },
            {
                "value": "MASSIVE",
                "type": "SET_HIT_STABLE"
            },
            {
                "wait": false,
                "viaWalkConfig": false,
                "type": "SHOW_ANIMATION",
                "anim": "handUp"
            },
            {
                "time": 0.2,
                "type": "WAIT"
            },
            {
                "followUp": "pointing",
                "wait": false,
                "viaWalkConfig": false,
                "type": "SHOW_ANIMATION",
                "anim": "prePointing"
            },
            {
                "time": 0.3,
                "type": "WAIT"
            },
            {
                "noStateReset": false,
                "type": "DO_ENEMY_ACTION",
                "actionName": "_AzureStrike"
            }
        ],
        "_ThrowBalls":
        [
            {
                "value": "HEAVY",
                "type": "SET_HIT_STABLE"
            },
            {
                "value": true,
                "type": "FACE_TO_TARGET"
            },
            {
                "value": 0.7,
                "type": "SET_RELATIVE_SPEED"
            },
            {
                "wait": false,
                "viaWalkConfig": false,
                "type": "SHOW_ANIMATION",
                "anim": "battleWalk"
            },
            {
                "maxTime": 1,
                "distance": 140,
                "throwing": true,
                "planOnly": false,
                "targetType": "ENEMY",
                "type": "NAVIGATE_ESCAPE_TARGET"
            },
            {
                "maxTime": 0.5,
                "distance": 130,
                "distVariance": 40,
                "keepDirection": false,
                "throwing": true,
                "planOnly": false,
                "type": "NAVIGATE_SIDEWAYS_TARGET"
            },
            {
                "followUp": "attackEnd",
                "wait": false,
                "viaWalkConfig": false,
                "type": "SHOW_ANIMATION",
                "anim": "spinShort"
            },
            {
                "charged": true,
                "type": "SHOW_THROW_FX"
            },
            {
                "elementProxy": "CHARGED",
                "type": "SHOOT_PROXY_PLAYER"
            },
            {
                "time": 0.18,
                "type": "WAIT"
            },
            {
                "followUp": "attackEndRev",
                "wait": false,
                "viaWalkConfig": false,
                "type": "SHOW_ANIMATION",
                "anim": "spinShortRev"
            },
            {
                "charged": false,
                "type": "SHOW_THROW_FX"
            },
            {
                "elementProxy": "QUICK",
                "type": "SHOOT_PROXY_PLAYER"
            },
            {
                "time": 0.18,
                "type": "WAIT"
            },
            {
                "followUp": "attackEnd",
                "wait": false,
                "viaWalkConfig": false,
                "type": "SHOW_ANIMATION",
                "anim": "spinShort"
            },
            {
                "charged": false,
                "type": "SHOW_THROW_FX"
            },
            {
                "elementProxy": "QUICK",
                "type": "SHOOT_PROXY_PLAYER"
            },
            {
                "time": 0.18,
                "type": "WAIT"
            },
            {
                "followUp": "attackEndRev",
                "wait": false,
                "viaWalkConfig": false,
                "type": "SHOW_ANIMATION",
                "anim": "spinShortRev"
            },
            {
                "charged": false,
                "type": "SHOW_THROW_FX"
            },
            {
                "elementProxy": "QUICK",
                "type": "SHOOT_PROXY_PLAYER"
            },
            {
                "time": 0.18,
                "type": "WAIT"
            },
            {
                "followUp": "attackEnd",
                "wait": false,
                "viaWalkConfig": false,
                "type": "SHOW_ANIMATION",
                "anim": "spinShort"
            },
            {
                "charged": false,
                "type": "SHOW_THROW_FX"
            },
            {
                "elementProxy": "QUICK",
                "type": "SHOOT_PROXY_PLAYER"
            },
            {
                "time": 0.2,
                "type": "WAIT"
            },
            {
                "conditions":
                [
                    {
                        "name": "artChain",
                        "negated": false,
                        "type": "ATTRIB_IS_TRUE"
                    }
                ],
                "withElse": false,
                "type": "COMBAT_IF",
                "thenStep":
                [
                    {
                        "noStateReset": false,
                        "type": "DO_ENEMY_ACTION",
                        "actionName": "_AzureStrike"
                    }
                ]
            },
            {
                "time": 0.2,
                "type": "WAIT"
            }
        ],
        "_BallOfSteel":
        [
            {
              "poiFilter": {
                "group": "apolloDetectionGroup",
                "type": "PROXY"
              },
              "distance": 2000,
              "type": "SET_POI_TEMP_TARGET"
            },
        	{
                "changeType": "set",
                "type": "CHANGE_VAR_BOOL",
                "varName": "tmp.teamComboGuardCounter",
                "value": false
            },
            {
                "value": "HEAVY",
                "type": "SET_HIT_STABLE"
            },
            {
                "value": true,
                "type": "FACE_TO_TARGET"
            },
            {
                "value": 0.7,
                "type": "SET_RELATIVE_SPEED"
            },
            {
                "followUp": "pointing",
                "wait": false,
                "viaWalkConfig": false,
                "type": "SHOW_ANIMATION",
                "anim": "prePointing"
            },
            {
                "element": "NEUTRAL",
                "level": 1,
                "type": "COMBAT_ART_CHARGE"
            },
            {
                "followUp": "attackEnd",
                "wait": false,
                "viaWalkConfig": false,
                "type": "SHOW_ANIMATION",
                "anim": "spinShort"
            },
            {
                 "proxy": "special1",
                 "type": "SHOOT_PROXY_PLAYER"
            },
            {
                "time": 0.2,
                "type": "WAIT"
            }
        ],
        "_AzureStrike":
        [
            {
                "value": "HEAVY",
                "type": "SET_HIT_STABLE"
            },
            {
                "followUp": "pointing",
                "wait": false,
                "viaWalkConfig": false,
                "type": "SHOW_ANIMATION",
                "anim": "prePointing"
            },
            {
                "element": "NEUTRAL",
                "level": 1,
                "type": "COMBAT_ART_CHARGE"
            },
            {
                "volume": 1,
                "global": false,
                "loop": false,
                "type": "PLAY_SOUND",
                "sound": "media/sound/battle/dash-3.ogg"
            },
            {
                "wait": false,
                "viaWalkConfig": false,
                "type": "SHOW_ANIMATION",
                "anim": "pointingFly"
            },
            {
                "jumpHeight": "S",
                "wait": false,
                "ignoreSounds": false,
                "type": "JUMP"
            },
            {
                "value": 1.5,
                "type": "SET_RELATIVE_SPEED"
            },
            {
                "value": 2,
                "type": "SET_ACCEL_SPEED"
            },
            {
                "value": "IGNORE",
                "type": "SET_COLL_TYPE"
            },
            {
                "duration": 0.5,
                "align": "CENTER",
                "rotateFace": 0,
                "flipLeftFace": false,
                "wait": false,
                "waitSkip": 0,
                "actionDetached": false,
                "fixPos": false,
                "type": "SHOW_EFFECT",
                "effect":
                {
                    "sheet": "specials.neutral",
                    "name": "dashTrail"
                },
                "offset":
                {
                    "x": 0,
                    "y": 0,
                    "z": 0
                }
            },
            {
                "duration": 0.5,
                "align": "CENTER",
                "rotateFace": 0,
                "flipLeftFace": false,
                "wait": false,
                "waitSkip": 0,
                "actionDetached": false,
                "fixPos": false,
                "type": "SHOW_EFFECT",
                "effect":
                {
                    "sheet": "dust",
                    "name": "line"
                },
                "offset":
                {
                    "x": 0,
                    "y": 3,
                    "z": 6
                }
            },
            {
                "value": 0.4,
                "type": "SET_INVINCIBLE"
            },
            {
                "align": "BOTTOM",
                "radius": 24,
                "yScale": 0,
                "zHeight": 0,
                "centralAngle": 0,
                "duration": 0.4,
                "expandRadius": 0,
                "alwaysFull": true,
                "clockwise": false,
                "flipLeftFace": false,
                "rectangular": false,
                "repeat": false,
                "uniformHitDir": false,
                "fixPos": false,
                "checkCollision": false,
                "type": "CIRCLE_ATTACK",
                "attack":
                {
                    "type": "HEAVY",
                    "element": "NEUTRAL",
                    "damageFactor": 2.5,
                    "fly": "MASSIVE",
                    "spFactor": 0,
                    "guardable": ""
                },
                "offset":
                {
                    "x": 0,
                    "y": 0,
                    "z": 0
                }
            },
            {
                "value": false,
                "immediately": true,
                "type": "FACE_TO_TARGET"
            },
            {
                "value": 450,
                "type": "SET_SPEED"
            },
            {
                "time": 0.4,
                "stopBeforeEdge": false,
                "type": "MOVE_FORWARD"
            },
            {
                "value": "VIRTUAL",
                "type": "SET_COLL_TYPE"
            },
            {
                "value": 200,
                "type": "SET_SPEED"
            },
            {
                "time": 0.1,
                "stopBeforeEdge": false,
                "type": "MOVE_FORWARD"
            },
            {
                "value": 80,
                "type": "SET_SPEED"
            },
            {
                "wait": false,
                "viaWalkConfig": false,
                "type": "SHOW_ANIMATION",
                "anim": "pointingBrake"
            },
            {
                "time": 0.2,
                "stopBeforeEdge": false,
                "type": "MOVE_FORWARD"
            },
            {
                "type": "CLEAR_ANIMATION"
            },
            {
                "conditions":
                [
                    {
                        "name": "artChain",
                        "negated": false,
                        "type": "ATTRIB_IS_TRUE"
                    },
                    {
                        "min": 1,
                        "negated": false,
                        "type": "HAS_SP"
                    }
                ],
                "withElse": false,
                "type": "COMBAT_IF",
                "thenStep":
                [
                    {
                        "noStateReset": false,
                        "type": "DO_ENEMY_ACTION",
                        "actionName": "_AzureStrike"
                    }
                ]
            },
            {
                "time": 0.1,
                "type": "WAIT"
            }
        ],
        "Dodge":
        [
            {
                "value": true,
                "type": "FACE_TO_TARGET"
            },
            {
                "withElse": true,
                "type": "IF",
                "condition": "entity.dodgeBlocked",
                "thenStep":
                [
                    {
                        "value": 0.3,
                        "type": "SET_RELATIVE_SPEED"
                    },
                    {
                        "wait": false,
                        "viaWalkConfig": false,
                        "type": "SHOW_ANIMATION",
                        "anim": "spinFull"
                    },
                    {
                        "maxTime": 0.3,
                        "distance": 64,
                        "planOnly": false,
                        "dodgeType": "NEUTRAL",
                        "aggressive": true,
                        "type": "NAVIGATE_DODGE"
                    }
                ],
                "elseStep":
                [
                    {
                        "duration": -1,
                        "align": "BOTTOM",
                        "rotateFace": 0,
                        "flipLeftFace": false,
                        "wait": false,
                        "waitSkip": 0,
                        "actionDetached": false,
                        "fixPos": false,
                        "type": "SHOW_EFFECT",
                        "effect":
                        {
                            "sheet": "dust",
                            "name": "line"
                        },
                        "offset":
                        {
                            "x": 0,
                            "y": 0,
                            "z": 0
                        }
                    },
                    {
                        "value": 0.2,
                        "type": "SET_INVINCIBLE"
                    },
                    {
                        "value": 2,
                        "type": "SET_RELATIVE_SPEED"
                    },
                    {
                        "value": "HEAVY",
                        "type": "SET_HIT_STABLE"
                    },
                    {
                        "followUp": "pointingBrake",
                        "wait": false,
                        "viaWalkConfig": false,
                        "type": "SHOW_ANIMATION",
                        "anim": "spinFull"
                    },
                    {
                        "conditions":
                        [
                            {
                                "min": 0,
                                "max": 250,
                                "negated": false,
                                "type": "TARGET_DISTANCE"
                            }
                        ],
                        "withElse": true,
                        "type": "COMBAT_IF",
                        "thenStep":
                        [
                            {
                                "maxTime": 0.3,
                                "distance": 64,
                                "planOnly": false,
                                "dodgeType": "NEUTRAL",
                                "aggressive": true,
                                "type": "NAVIGATE_DODGE"
                            }
                        ],
                        "elseStep":
                        [
                            {
                                "maxTime": 0.3,
                                "distance": 64,
                                "planOnly": false,
                                "dodgeType": "AGGRESSIVE",
                                "aggressive": true,
                                "type": "NAVIGATE_DODGE"
                            }
                        ]
                    }
                ]
            }
        ],
        "AttackDodge":
        [
            {
                "value": true,
                "type": "FACE_TO_TARGET"
            },
            {
                "value": 0.2,
                "type": "SET_INVINCIBLE"
            },
            {
                "value": "HEAVY",
                "type": "SET_HIT_STABLE"
            },
            {
                "value": 2,
                "type": "SET_RELATIVE_SPEED"
            },
            {
                "duration": -1,
                "align": "BOTTOM",
                "rotateFace": 0,
                "flipLeftFace": false,
                "wait": false,
                "waitSkip": 0,
                "actionDetached": false,
                "type": "SHOW_EFFECT",
                "effect":
                {
                    "sheet": "dust",
                    "name": "line"
                },
                "offset":
                {
                    "x": 0,
                    "y": 0,
                    "z": 0
                }
            },
            {
                "wait": false,
                "viaWalkConfig": false,
                "type": "SHOW_ANIMATION",
                "anim": "pointingFly"
            },
            {
                "maxTime": 0.3,
                "distance": 64,
                "planOnly": false,
                "dodgeType": "AGGRESSIVE",
                "aggressive": true,
                "type": "NAVIGATE_DODGE"
            }
        ],
        "GuardCountered":
        [
            {
                "flyLevel": "MASSIVE",
                "breaking": true,
                "stable": false,
                "wait": true,
                "type": "DO_DAMAGE_MOVEMENT"
            },
            {
                "time": 0.4,
                "type": "WAIT"
            }
        ],
        "weakStart":
        [
            {
                "duration": -1,
                "align": "BOTTOM",
                "rotateFace": 0,
                "flipLeftFace": false,
                "wait": false,
                "waitSkip": 0,
                "actionDetached": true,
                "group": "weak",
                "type": "SHOW_EFFECT",
                "effect":
                {
                    "sheet": "enemy",
                    "name": "angry2"
                },
                "offset":
                {
                    "x": 0,
                    "y": 0,
                    "z": 0
                }
            }
        ],
        "weakEnd":
        [
            {
                "group": "weak",
                "type": "CLEAR_EFFECTS"
            }
        ],
        "JumpDistance":
        [
            {
                "value": "MASSIVE",
                "type": "SET_HIT_STABLE"
            },
            {
                "type": "WAIT_UNTIL_ON_GROUND"
            },
            {
                "value": 0.4,
                "type": "SET_INVINCIBLE"
            },
            {
                "group": "weak",
                "type": "CLEAR_EFFECTS"
            },
            {
                "value": 2,
                "type": "SET_RELATIVE_SPEED"
            },
            {
                "value": false,
                "immediately": true,
                "type": "FACE_TO_TARGET"
            },
            {
                "value": true,
                "type": "SET_FACE_FIX"
            },
            {
                "jumpHeight": "L",
                "wait": false,
                "ignoreSounds": false,
                "type": "JUMP"
            },
            {
                "maxTime": 0.4,
                "distance": 120,
                "throwing": false,
                "planOnly": false,
                "targetType": "ENEMY",
                "type": "NAVIGATE_ESCAPE_TARGET"
            }
        ],
        "CloseCounter":
        [
            {
                "value": 0.3,
                "type": "SET_INVINCIBLE"
            },
            {
                "value": 2,
                "type": "SET_RELATIVE_SPEED"
            },
            {
                "maxTime": 0.3,
                "distance": 100,
                "throwing": false,
                "planOnly": false,
                "targetType": "ENEMY",
                "type": "NAVIGATE_ESCAPE_TARGET"
            },
            {
                "type": "DO_ENEMY_ACTION",
                "actionName": "CC+SpinDance"
            }
        ]
    },
    "reactions":
    {
    	"TEAM_COMBO":
        {
            "minDistance": 0,
            "maxDistance": 2000,
            "preciseFace": false,
            "checkCollision": false,
            "action": "_BallOfSteel",
            "conditions":
                [
                    {
                        "negated": false,
                        "type": "VAR_CONDITION",
                        "condition": "tmp.teamComboGuardCounter"
                    },
                    {
                        "min": 1,
                        "negated": false,
                        "type": "HAS_SP"
                    },
                    {
                        "negated": false,
                        "type": "VAR_CONDITION",
                        "condition": "!pvp.brake"
                    }
                ],
            "ignoreParty": false,
            "ignoreReplaceTargets": false,
            "blockFurtherHits": false,
            "attackType": "",
            "flyLevel": "",
            "stunChange": "FORCE_STUN",
            "dramaticEffect": "",
            "type": "TARGET_DISTANCE"
        },
        "DOOOOOOODGE":
        {
            "action": "Dodge",
            "viewAngle": 0.5,
            "restartPrevAction": false,
            "probability": 1,
            "count": 4,
            "blockTime": 0.5,
            "conditions":
            [],
            "type": "DODGE"
        },
        "ATTACK_DODGE":
        {
            "action": "AttackDodge",
            "viewAngle": 0.5,
            "restartPrevAction": true,
            "probability": 1,
            "count": 3,
            "blockTime": 0.5,
            "conditions":
            [],
            "type": "DODGE"
        },
        "GUARD":
        {
            "preSwitchState": "BRAKE",
            "action": "GuardCountered",
            "type": "GUARD_COUNTER"
        },
        "CLOSE_COUNTER":
        {
            "hitType": "REGULAR",
            "action": "CloseCounter",
            "blockFurtherHits": false,
            "attackType": "",
            "flyLevel": "",
            "stunChange": "FORCE_STUN",
            "alignFace": false,
            "dramaticEffect": "",
            "conditions":
            [
                {
                    "negated": false,
                    "type": "VAR_CONDITION",
                    "condition": "pvp.playerPoints >= 4"
                },
                {
                    "negated": false,
                    "type": "TRACKER_READY",
                    "name": "counterHits"
                }
            ],
            "ignoreFailed": false,
            "type": "HIT_REACTION"
        }
    },
    "meta":
    {
        "species":
        {
            "en_US": "Warrior of Justice",
            "de_DE": "Krieger der Gerechtigkeit<<C<<Geprüft: Minsu",
            "zh_CN": "正义战士",
            "ja_JP": "正義の戦士",
            "ko_KR": "정의의 사도",
            "langUid": 4,
            "zh_TW": "正義戰士"
        },
        "category": "PLAYERS",
        "descriptions":
        [
            {
                "text":
                {
                    "en_US": "A self proclaimed warrior of justice who accuses Lea of cheating and thus challenges her to a duel. He is quite the fighter and gets more vicious the more desperate his situation.",
                    "de_DE": "Ein selbsternannter Krieger der Gerechtigkeit, der Lea beschuldigte, dass sie cheaten würde und sie deshalb zu einem Duell herausforderte. Er ist ein ernstzunehmender Kämpfer, der immer gefährlicher wird, je mehr er in Bedrängnis gerät.<<C<<Geprüft: Minsu",
                    "zh_CN": "一个自称正义使者的家伙，指控莉亚进行了作弊行为，并向她提出了决斗挑战。他身手不错，在自身处境不妙的时候会进行疯狂的反击。<<A<<[CHANGED 2018/09/19]",
                    "ja_JP": "自称正義の戦士。レアがチート行為を行っていると非難し、彼女に対して決闘を申し込んだ。なかなかの実力を持つファイターで、追い込まれるとさらに凶悪な攻撃や行動を取り始める。<<A<<[CHANGED 2018/09/19]",
                    "ko_KR": "레아를 치터로 몬 자칭 정의의 사도로, 그녀에게 도전장을 내밉니다. 그는 꽤 실력 있는 전사로 더 절박한 상황이 될수록 더 강해집니다.<<A<<[CHANGED 2018/09/19]",
                    "langUid": 6,
                    "zh_TW": "一個自稱正義使者的傢伙，指控莉亞進行了作弊行為，並向她提出了決鬥挑戰。他身手不錯，在自身處境不妙的時候會進行瘋狂的反擊。<<A<<[CHANGED 2018/09/19]"
                },
                "condition": ""
            }
        ]
    }
}