{
    "level": 10,
    "params":
    {
        "hp": 350,
        "attack": 45,
        "defense": 20,
        "focus": 60
    },
    "elementModes":
    {
        "HEAT":
        {
            "hp": 1,
            "attack": 1.1,
            "defense": 0.9,
            "focus": 1,
            "elemFactor":
            [
                0.5,
                1.5,
                1,
                1
            ]
        },
        "COLD":
        {
            "hp": 1,
            "attack": 1,
            "defense": 1,
            "focus": 1,
            "elemFactor":
            [
                0.5,
                1.5,
                1,
                1
            ]
        },
        "SHOCK":
        {
            "hp": 1,
            "attack": 1,
            "defense": 1,
            "focus": 1,
            "elemFactor":
            [
                1,
                1,
                0.5,
                1.5
            ]
        },
        "WAVE":
        {
            "hp": 1,
            "attack": 1,
            "defense": 1,
            "focus": 1,
            "elemFactor":
            [
                1,
                1,
                1.5,
                0.5
            ]
        }
    },
    "credit": 0,
    "exp": 0,
    "maxSp": 0,
    "enduranceScale": 1,
    "healDropRate": 0,
    "boss": false,
    "bossOrder": 0,
    "padding":
    {
        "x": 2,
        "y": 2
    },
    "material": "ORGANIC",
    "aiGroup": "",
    "aiLearnType": "REGULAR",
    "itemDrops":
    [],
    "targetDetect":
    {
        "detectDistance": 0,
        "loseDistance": 320,
        "notifyNeighbourRadius": 100
    },
    "hpBreaks":
    [],
    "size":
    {
        "x": 16,
        "y": 16,
        "z": 24
    },
    "anims": "npc.emilie",
    "defaultState": "DEFAULT",
    "walkConfigs":
    {
        "normal":
        {
            "idle": "aim",
            "move": "aimMove",
            "run": "run",
            "jump": "jump",
            "fall": "fall",
            "damage": "damage"
        },
        "weak":
        {
            "idle": "damage",
            "damage": "damage"
        }
    },
    "_wm": null,
    "walkAnims": "normal",
    "weight": 100,
    "maxVel": 180,
    "jumpingEnabled": true,
    "shadow": 20,
    "hitStable": "LIGHT",
    "faceToTarget": true,
    "stunEscapeTime": 1.5,
    "DOCTYPE": "ENEMY",
    "trackers":
    {
        "move":
        {
            "target": 5,
            "initRandom": 0,
            "resetRandom": 0.3,
            "noStateReset": false,
            "noAssist": false,
            "type": "TIME"
        },
        "hits":
        {
            "target": 3,
            "type": "HIT"
        },
        "brakeOver":
        {
            "target": 2.5,
            "initRandom": 0,
            "resetRandom": 0,
            "noStateReset": false,
            "type": "TIME"
        },
        "brakeSkipHits":
        {
            "target": 8,
            "type": "HIT"
        },
        "counterHits":
        {
            "target": 5,
            "type": "HIT"
        }
    },
    "states":
    {
        "DEFAULT":
        {
            "choices":
            [
                {
                    "req":
                    [
                        {
                            "negated": false,
                            "type": "ENTERED_STATE"
                        }
                    ],
                    "action": "weakEnd"
                },
                {
                    "req":
                    [
                        {
                            "negated": false,
                            "type": "VAR_CONDITION",
                            "condition": "pvp.brake"
                        }
                    ],
                    "sub":
                    []
                },
                {
                    "req":
                    [
                        {
                            "max": 0.75,
                            "negated": false,
                            "type": "RANDOM"
                        }
                    ],
                    "preSwitchState": "CLOSE"
                },
                {
                    "preSwitchState": "DISTANCE"
                }
            ]
        },
        "CLOSE":
        {
            "enabledReactions":
            [
                "CLOSE_COUNTER"
            ],
            "choices":
            [
                {
                    "req":
                    [
                        {
                            "negated": false,
                            "type": "VAR_CONDITION",
                            "condition": "pvp.brake"
                        }
                    ],
                    "preSwitchState": "DEFAULT"
                },
                {
                    "req":
                    [
                        {
                            "min": 0.5,
                            "negated": false,
                            "type": "COMBO_TIME"
                        }
                    ],
                    "action": "JumpDistance"
                },
                {
                    "req":
                    [
                        {
                            "showMsg": true,
                            "negated": false,
                            "type": "STUN_ESCAPE"
                        }
                    ],
                    "action": "JumpDistance",
                    "ignoreStun": true
                },
                {
                    "req":
                    [
                        {
                            "distance": 120,
                            "throwing": false,
                            "type": "!TARGET_REACHABLE"
                        }
                    ],
                    "action": "AdjustClose"
                },
                {
                    "req":
                    [
                        {
                            "negated": false,
                            "type": "VAR_CONDITION",
                            "condition": "pvp.enemyPoints >= 2"
                        },
                        {
                            "min": 1,
                            "negated": false,
                            "type": "HAS_SP"
                        }
                    ],
                    "action": "CC+Beatdown",
                    "frequency": "NORMAL",
                    "preSwitchState": "BRAKE"
                },
                {
                    "req":
                    [
                        {
                            "min": 1,
                            "negated": false,
                            "type": "HAS_SP"
                        }
                    ],
                    "action": "Beatdown",
                    "frequency": "SOMETIMES",
                    "preSwitchState": "BRAKE"
                },
                {
                    "req":
                    [
                        {
                            "negated": false,
                            "type": "VAR_CONDITION",
                            "condition": "pvp.enemyPoints >= 2"
                        }
                    ],
                    "action": "CloseCombat",
                    "frequency": "OFTEN"
                },
                {
                    "action": "CloseCombat",
                    "frequency": "NORMAL"
                },
                {
                    "action": "SlowWalk"
                }
            ]
        },
        "DISTANCE":
        {
            "choices":
            [
                {
                    "req":
                    [
                        {
                            "negated": false,
                            "type": "VAR_CONDITION",
                            "condition": "pvp.brake"
                        }
                    ],
                    "preSwitchState": "DEFAULT"
                },
                {
                    "req":
                    [
                        {
                            "min": 0.5,
                            "negated": false,
                            "type": "COMBO_TIME"
                        }
                    ],
                    "action": "JumpDistance"
                },
                {
                    "req":
                    [
                        {
                            "showMsg": true,
                            "negated": false,
                            "type": "STUN_ESCAPE"
                        }
                    ],
                    "action": "JumpDistance",
                    "ignoreStun": true
                },
                {
                    "req":
                    [
                        {
                            "distance": 200,
                            "throwing": true,
                            "type": "!TARGET_REACHABLE"
                        }
                    ],
                    "action": "AdjustDistance"
                },
                {
                    "req":
                    [
                        {
                            "negated": false,
                            "type": "VAR_CONDITION",
                            "condition": "pvp.enemyPoints >= 2"
                        },
                        {
                            "min": 1,
                            "negated": false,
                            "type": "HAS_SP"
                        }
                    ],
                    "action": "Balls+BallOfFist",
                    "frequency": "NORMAL",
                    "preSwitchState": "BRAKE"
                },
                {
                    "req":
                    [
                        {
                            "min": 1,
                            "negated": false,
                            "type": "HAS_SP"
                        }
                    ],
                    "action": "AzureStrike",
                    "frequency": "SOMETIMES",
                    "preSwitchState": "BRAKE"
                },
                {
                    "req":
                    [
                        {
                            "negated": false,
                            "type": "VAR_CONDITION",
                            "condition": "pvp.enemyPoints >= 2"
                        }
                    ],
                    "action": "ThrowBalls",
                    "frequency": "OFTEN"
                },
                {
                    "action": "ThrowBalls",
                    "frequency": "NORMAL"
                },
                {
                    "req":
                    [
                        {
                            "min": 0,
                            "max": 64,
                            "negated": false,
                            "type": "TARGET_DISTANCE"
                        }
                    ],
                    "action": "JumpDistance"
                },
                {
                    "action": "SlowWalk"
                }
            ]
        },
        "BRAKE":
        {
            "stunEscapeTime": 2,
            "choices":
            [
                {
                    "req":
                    [
                        {
                            "negated": false,
                            "type": "ENTERED_STATE"
                        }
                    ],
                    "action": "weakStart"
                },
                {
                    "req":
                    [
                        {
                            "showMsg": true,
                            "negated": false,
                            "type": "STUN_ESCAPE"
                        }
                    ],
                    "action": "JumpDistance",
                    "ignoreStun": true
                },
                {
                    "req":
                    [
                        {
                            "negated": false,
                            "type": "VAR_CONDITION",
                            "condition": "pvp.brake"
                        }
                    ],
                    "action": "weakEnd",
                    "preSwitchState": "DEFAULT"
                },
                {
                    "req":
                    [
                        {
                            "negated": false,
                            "type": "TRACKER_READY",
                            "name": "brakeOver"
                        }
                    ],
                    "action": "weakEnd",
                    "preSwitchState": "DEFAULT"
                },
                {
                    "req":
                    [
                        {
                            "min": 0,
                            "max": 64,
                            "negated": false,
                            "type": "TARGET_DISTANCE"
                        }
                    ],
                    "action": "Adjust"
                },
                {
                    "action": "BattleIdle"
                }
            ]
        }
    },
    "proxies":
    {
        "defaultNeutral":
        {
            "effects": "ball",
            "speed": 550,
            "maxBounce": 0,
            "timer": 1,
            "trail": false,
            "multiHit": false,
            "noLightGlow": false,
            "attack":
            {
                "type": "LIGHT",
                "element": "NEUTRAL",
                "damageFactor": 0.6,
                "reverse": false,
                "spFactor": 1,
                "guardable": "",
                "skillBonus": "RANGED_DMG",
                "limiter": ""
            },
            "timeBoni": null,
            "behaviors":
            [],
            "type": "BALL",
            "animation":
            {
                "name": "default",
                "sheet":
                {
                    "src": "media/entity/balls/default.png",
                    "width": 24,
                    "height": 24
                },
                "time": 0.05,
                "repeat": true,
                "frames":
                [
                    6
                ]
            }
        },
        "chargedNeutral":
        {
            "effects": "ball",
            "speed": 600,
            "maxBounce": 3,
            "timer": 1.5,
            "trail": true,
            "multiHit": false,
            "noLightGlow": false,
            "attack":
            {
                "type": "HEAVY",
                "element": "NEUTRAL",
                "damageFactor": 1.3,
                "reverse": false,
                "spFactor": 1,
                "hints":
                [
                    "CHARGED"
                ],
                "guardable": "",
                "skillBonus": "RANGED_DMG",
                "limiter": ""
            },
            "timeBoni": null,
            "behaviors":
            [],
            "type": "BALL",
            "animation": {
              "name": "default",
              "sheet": {
                "src": "media/entity/balls/default.png",
                "width": 24,
                "height": 24
              },
              "time": 0.05,
              "repeat": true,
              "frames": [5]
            }
        },
        "neutralSpecial1": {
      "effects": "ball",
      "speed": 800,
      "maxBounce": 0,
      "timer": 1.5,
      "trail": true,
      "multiHit": false,
      "noLightGlow": false,
      "type": "BALL",
      "animation": {
        "name": "default",
        "sheet": {
          "src": "media/entity/balls/default.png",
          "width": 24,
          "height": 24
        },
        "time": 0.05,
        "repeat": true,
        "frames": [5]
      },
      "attack": {
        "type": "HEAVY",
        "element": "NEUTRAL",
        "damageFactor": 1,
        "reverse": false,
        "hints": ["CHARGED"],
        "guardable": "",
        "skillBonus": "RANGED_DMG",
        "limiter": ""
      },
      "timeBoni": null,
      "behaviors": [
        {
          "type": "FOLLOW_TARGET",
          "steerDegree": 0.6
        }
      ]
    },
        "taunt": {
      "copyOwnerAnims": false,
      "breakType": "COMBATANT",
      "action": [
        {
          "kind": "FIRST",
          "includeSelf": false,
          "type": "SET_PARTY_TEMP_TARGET",
          "selectKey": ""
        },
        {
          "withElse": false,
          "type": "IF",
          "condition": "entity.hasTmpTarget",
          "thenStep": [
            {
              "type": "SET_TARGET_REPLACE_TARGET"
            }
          ]
        },
        {
          "kind": "SECOND",
          "includeSelf": false,
          "type": "SET_PARTY_TEMP_TARGET",
          "selectKey": ""
        },
        {
          "withElse": false,
          "type": "IF",
          "condition": "entity.hasTmpTarget",
          "thenStep": [
            {
              "type": "SET_TARGET_REPLACE_TARGET"
            }
          ]
        },
        {
          "time": -1,
          "type": "WAIT"
        }
      ],
      "invisible": false,
      "hp": 0,
      "stickToSource": "OWNER",
      "stickFaceAlign": false,
      "group": "tauntEmilie",
      "startAnim": "",
      "size": {
        "x": 16,
        "y": 16,
        "z": 24
      },
      "config": {
        "collType": "IGNORE"
      },
      "type": "GENERIC"
    }
    },
    "actions":
    {
        "Idle":
        [
            {
                "sticking": false,
                "group": "tauntEmilie",
                "ignoreSelf": false,
                "type": "REMOVE_PROXIES"
            },
            {
                "align": "BOTTOM",
                "proxy": "taunt",
                "offset": {
                  "x": 0,
                  "y": 0,
                  "z": 0
                },
                "type": "SHOOT_PROXY"
            },
            {
                "searchType": "SCREEN_RANGE",
                "ignoreCurrentTarget": false,
                "prevHitBehavior": "NONE",
                "distance": 2000,
                "type": "SET_CLOSE_TEMP_TARGET"
            },
            {
                "value": true,
                "type": "FACE_TO_TARGET"
            },
            {
                "minTime": 0.1,
                "maxTime": 0.3,
                "type": "WAIT_RANDOM"
            }
        ],
        "SlowWalk":
        [
            {
                "sticking": false,
                "group": "tauntEmilie",
                "ignoreSelf": false,
                "type": "REMOVE_PROXIES"
            },
            {
                "align": "BOTTOM",
                "proxy": "taunt",
                "offset": {
                  "x": 0,
                  "y": 0,
                  "z": 0
                },
                "type": "SHOOT_PROXY"
            },
            {
                "searchType": "SCREEN_RANGE",
                "ignoreCurrentTarget": false,
                "prevHitBehavior": "NONE",
                "distance": 2000,
                "type": "SET_CLOSE_TEMP_TARGET"
            },
            {
                "type": "ENABLE_REACTION",
                "reaction": "DOOOOOOODGE"
            },
            {
                "value": true,
                "type": "FACE_TO_TARGET"
            },
            {
                "value": 0.55,
                "type": "SET_RELATIVE_SPEED"
            },
            {
                "maxTime": 0.4,
                "distance": 60,
                "distVariance": 20,
                "keepDirection": false,
                "throwing": true,
                "planOnly": false,
                "type": "NAVIGATE_SIDEWAYS_TARGET"
            }
        ],
        "BattleIdle":
        [
            {
                "sticking": false,
                "group": "tauntEmilie",
                "ignoreSelf": false,
                "type": "REMOVE_PROXIES"
            },
            {
                "align": "BOTTOM",
                "proxy": "taunt",
                "offset": {
                  "x": 0,
                  "y": 0,
                  "z": 0
                },
                "type": "SHOOT_PROXY"
            },
            {
                "searchType": "SCREEN_RANGE",
                "ignoreCurrentTarget": false,
                "prevHitBehavior": "NONE",
                "distance": 2000,
                "type": "SET_CLOSE_TEMP_TARGET"
            },
            {
                "value": true,
                "type": "FACE_TO_TARGET"
            },
            {
                "minTime": 0.2,
                "maxTime": 0.4,
                "type": "WAIT_RANDOM"
            }
        ],
        "Adjust":
        [
            {
                "sticking": false,
                "group": "tauntEmilie",
                "ignoreSelf": false,
                "type": "REMOVE_PROXIES"
            },
            {
                "align": "BOTTOM",
                "proxy": "taunt",
                "offset": {
                  "x": 0,
                  "y": 0,
                  "z": 0
                },
                "type": "SHOOT_PROXY"
            },
            {
                "searchType": "SCREEN_RANGE",
                "ignoreCurrentTarget": false,
                "prevHitBehavior": "NONE",
                "distance": 2000,
                "type": "SET_CLOSE_TEMP_TARGET"
            },
            {
                "value": true,
                "type": "FACE_TO_TARGET"
            },
            {
                "value": 0.65,
                "type": "SET_RELATIVE_SPEED"
            },
            {
                "maxTime": 1,
                "distance": 80,
                "throwing": true,
                "planOnly": false,
                "targetType": "ENEMY",
                "type": "NAVIGATE_ESCAPE_TARGET"
            }
        ],
        "AdjustClose":
        [
            {
                "sticking": false,
                "group": "tauntEmilie",
                "ignoreSelf": false,
                "type": "REMOVE_PROXIES"
            },
            {
                "align": "BOTTOM",
                "proxy": "taunt",
                "offset": {
                  "x": 0,
                  "y": 0,
                  "z": 0
                },
                "type": "SHOOT_PROXY"
            },
            {
                "searchType": "SCREEN_RANGE",
                "ignoreCurrentTarget": false,
                "prevHitBehavior": "NONE",
                "distance": 2000,
                "type": "SET_CLOSE_TEMP_TARGET"
            },
            {
                "type": "ENABLE_REACTION",
                "reaction": "ATTACK_DODGE"
            },
            {
                "value": false,
                "type": "FACE_TO_TARGET"
            },
            {
                "value": 1.15,
                "type": "SET_RELATIVE_SPEED"
            },
            {
                "maxTime": 1,
                "forceTime": false,
                "distance": 56,
                "planOnly": false,
                "targetType": "ENEMY",
                "precise": false,
                "stayBehind": false,
                "type": "NAVIGATE_TO_TARGET"
            }
        ],
        "AdjustDistance":
        [
            {
                "sticking": false,
                "group": "tauntEmilie",
                "ignoreSelf": false,
                "type": "REMOVE_PROXIES"
            },
            {
                "align": "BOTTOM",
                "proxy": "taunt",
                "offset": {
                  "x": 0,
                  "y": 0,
                  "z": 0
                },
                "type": "SHOOT_PROXY"
            },
            {
                "searchType": "SCREEN_RANGE",
                "ignoreCurrentTarget": false,
                "prevHitBehavior": "NONE",
                "distance": 2000,
                "type": "SET_CLOSE_TEMP_TARGET"
            },
            {
                "type": "ENABLE_REACTION",
                "reaction": "DOOOOOOODGE"
            },
            {
                "value": false,
                "type": "FACE_TO_TARGET"
            },
            {
                "value": 1.15,
                "type": "SET_RELATIVE_SPEED"
            },
            {
                "maxTime": 1,
                "distance": 140,
                "throwing": true,
                "planOnly": false,
                "targetType": "ENEMY",
                "type": "NAVIGATE_ESCAPE_TARGET"
            }
        ],
        "GetClose":
        [
            {
                "sticking": false,
                "group": "tauntEmilie",
                "ignoreSelf": false,
                "type": "REMOVE_PROXIES"
            },
            {
                "align": "BOTTOM",
                "proxy": "taunt",
                "offset": {
                  "x": 0,
                  "y": 0,
                  "z": 0
                },
                "type": "SHOOT_PROXY"
            },
            {
                "searchType": "SCREEN_RANGE",
                "ignoreCurrentTarget": false,
                "prevHitBehavior": "NONE",
                "distance": 2000,
                "type": "SET_CLOSE_TEMP_TARGET"
            },
            {
                "type": "ENABLE_REACTION",
                "reaction": "DOOOOOOODGE"
            },
            {
                "value": 0.85,
                "type": "SET_RELATIVE_SPEED"
            },
            {
                "value": "MEDIUM",
                "type": "SET_HIT_STABLE"
            },
            {
                "maxTime": 0.5,
                "forceTime": false,
                "distance": 35,
                "planOnly": false,
                "targetType": "ENEMY",
                "precise": false,
                "stayBehind": false,
                "type": "NAVIGATE_TO_TARGET"
            }
        ],
        "MoveSidways":
        [
            {
                "sticking": false,
                "group": "tauntEmilie",
                "ignoreSelf": false,
                "type": "REMOVE_PROXIES"
            },
            {
                "align": "BOTTOM",
                "proxy": "taunt",
                "offset": {
                  "x": 0,
                  "y": 0,
                  "z": 0
                },
                "type": "SHOOT_PROXY"
            },
            {
                "searchType": "SCREEN_RANGE",
                "ignoreCurrentTarget": false,
                "prevHitBehavior": "NONE",
                "distance": 2000,
                "type": "SET_CLOSE_TEMP_TARGET"
            },
            {
                "value": false,
                "type": "FACE_TO_TARGET"
            },
            {
                "value": 1.15,
                "type": "SET_RELATIVE_SPEED"
            },
            {
                "maxTime": 0.5,
                "distance": 100,
                "distVariance": 20,
                "keepDirection": false,
                "throwing": true,
                "planOnly": false,
                "type": "NAVIGATE_SIDEWAYS_TARGET"
            }
        ],
        "CloseCombat":
        [
            {
                "name": "artChain",
                "type": "SET_ATTRIB_BOOL",
                "value": false
            },
            {
                "noStateReset": false,
                "type": "DO_ENEMY_ACTION",
                "actionName": "_CloseCombat"
            }
        ],
        "Beatdown":
        [
            {
                "sticking": false,
                "group": "tauntEmilie",
                "ignoreSelf": false,
                "type": "REMOVE_PROXIES"
            },
            {
                "align": "BOTTOM",
                "proxy": "taunt",
                "offset": {
                  "x": 0,
                  "y": 0,
                  "z": 0
                },
                "type": "SHOOT_PROXY"
            },
            {
                "searchType": "SCREEN_RANGE",
                "ignoreCurrentTarget": false,
                "prevHitBehavior": "NONE",
                "distance": 2000,
                "type": "SET_CLOSE_TEMP_TARGET"
            },
            {
                "value": true,
                "immediately": true,
                "type": "FACE_TO_TARGET"
            },
            {
                "value": "HEAVY",
                "type": "SET_HIT_STABLE"
            },
            {
                "value": 1,
                "type": "SET_RELATIVE_SPEED"
            },
            {
                "type": "ENABLE_REACTION",
                "reaction": "ATTACK_DODGE"
            },
            {
                "maxTime": 0,
                "distance": 80,
                "throwing": true,
                "planOnly": false,
                "targetType": "ENEMY",
                "type": "NAVIGATE_ESCAPE_TARGET"
            },
            {
                "type": "DISABLE_REACTION",
                "reaction": "ATTACK_DODGE"
            },
            {
                "wait": false,
                "viaWalkConfig": false,
                "type": "SHOW_ANIMATION",
                "anim": "handUp"
            },
            {
                "time": 0.2,
                "type": "WAIT"
            },
            {
                "value": 1.3,
                "type": "SET_RELATIVE_SPEED"
            },
            {
                "value": 0.5,
                "type": "FACE_TO_TARGET_SPEED"
            },
            {
                "value": true,
                "immediately": true,
                "type": "FACE_TO_TARGET"
            },
            {
                "followUp": "aim",
                "wait": false,
                "viaWalkConfig": false,
                "type": "SHOW_ANIMATION",
                "anim": "spinFull"
            },
            {
                "time": 0.3,
                "stopBeforeEdge": false,
                "type": "MOVE_FORWARD"
            },
            {
                "value": 2.15,
                "type": "SET_RELATIVE_SPEED"
            },
            {
                "noStateReset": false,
                "type": "DO_ENEMY_ACTION",
                "actionName": "_Beatdown"
            }
        ],
        "CC+Beatdown":
        [
            {
                "name": "artChain",
                "type": "SET_ATTRIB_BOOL",
                "value": true
            },
            {
                "noStateReset": false,
                "type": "DO_ENEMY_ACTION",
                "actionName": "_CloseCombat"
            }
        ],
        "_CloseCombat":
        [
            {
                "sticking": false,
                "group": "tauntEmilie",
                "ignoreSelf": false,
                "type": "REMOVE_PROXIES"
            },
            {
                "align": "BOTTOM",
                "proxy": "taunt",
                "offset": {
                  "x": 0,
                  "y": 0,
                  "z": 0
                },
                "type": "SHOOT_PROXY"
            },
            {
                "searchType": "SCREEN_RANGE",
                "ignoreCurrentTarget": false,
                "prevHitBehavior": "NONE",
                "distance": 2000,
                "type": "SET_CLOSE_TEMP_TARGET"
            },
            {
                "value": "HEAVY",
                "type": "SET_HIT_STABLE"
            },
            {
                "type": "ENABLE_REACTION",
                "reaction": "ATTACK_DODGE"
            },
            {
                "value": 1,
                "type": "SET_RELATIVE_SPEED"
            },
            {
                "maxTime": 0.4,
                "forceTime": false,
                "distance": 80,
                "planOnly": false,
                "targetType": "ENEMY",
                "precise": false,
                "stayBehind": false,
                "type": "NAVIGATE_TO_TARGET"
            },
            {
                "type": "DISABLE_REACTION",
                "reaction": "ATTACK_DODGE"
            },
            {
                "value": 1.2,
                "type": "FACE_TO_TARGET_SPEED"
            },
            {
                "value": 1.2,
                "type": "SET_RELATIVE_SPEED"
            },
            {
                "type": "ENABLE_REACTION",
                "reaction": "GUARD"
            },
            {
              "followUp": "attackEndRev",
              "wait": false,
              "viaWalkConfig": false,
              "type": "SHOW_ANIMATION",
              "anim": "spinShortRev"
            },
            {
              "duration": 0,
              "align": "BOTTOM",
              "rotateFace": 8,
              "flipLeftFace": false,
              "wait": false,
              "waitSkip": 0,
              "actionDetached": false,
              "fixPos": false,
              "type": "SHOW_EFFECT",
              "effect": {
                "sheet": "combat.pentafist",
                "name": "punchNeutralRev"
              }
            },
            {
              "value": 200,
              "type": "SET_SPEED"
            },
            {
              "align": "BOTTOM",
              "radius": 48,
              "yScale": 0,
              "zHeight": 0,
              "centralAngle": 0.35,
              "duration": 0.1,
              "expandRadius": 0,
              "alwaysFull": true,
              "clockwise": false,
              "flipLeftFace": 0,
              "rectangular": false,
              "repeat": false,
              "uniformHitDir": false,
              "fixPos": false,
              "checkCollision": false,
              "type": "CIRCLE_ATTACK",
              "attack": {
                "type": "MEDIUM",
                "element": "NEUTRAL",
                "damageFactor": 0.7,
                "reverse": false,
                "spFactor": 1,
                "guardable": "",
                "skillBonus": "MELEE_DMG",
                "limiter": ""
              },
              "offset": {
                "x": 0,
                "y": 0,
                "z": 0
              }
            },
            {
            "time": 0.05,
            "stopBeforeEdge": true,
            "type": "MOVE_FORWARD"
          },
            {
              "baseStrength": 0.8,
              "type": "SPAWN_ASSAULT"
            },
            {
              "time": 0.1,
              "type": "WAIT"
            },
            {
                "value": true,
                "type": "FACE_TO_TARGET"
            },
            {
            "followUp": "attackEnd",
            "wait": false,
            "viaWalkConfig": false,
            "anim": "spinShort",
            "type": "SHOW_ANIMATION"
          },
          {
            "duration": 0,
            "align": "BOTTOM",
            "rotateFace": 8,
            "flipLeftFace": false,
            "wait": false,
            "waitSkip": 0,
            "actionDetached": false,
            "fixPos": false,
            "effect": {
              "sheet": "combat.pentafist",
              "name": "punchNeutral"
            },
            "type": "SHOW_EFFECT"
          },
          {
            "value": 200,
            "type": "SET_SPEED"
          },
          {
            "align": "BOTTOM",
            "radius": 48,
            "yScale": 0,
            "zHeight": 0,
            "centralAngle": 0.35,
            "duration": 0.1,
            "expandRadius": 0,
            "alwaysFull": true,
            "clockwise": false,
            "flipLeftFace": 0,
            "rectangular": false,
            "repeat": false,
            "uniformHitDir": false,
            "fixPos": false,
            "checkCollision": false,
            "attack": {
              "type": "MEDIUM",
              "element": "NEUTRAL",
              "damageFactor": 0.7,
              "reverse": false,
              "spFactor": 1,
              "guardable": "",
              "skillBonus": "MELEE_DMG",
              "limiter": ""
            },
            "offset": {
              "x": 0,
              "y": 0,
              "z": 0
            },
            "type": "CIRCLE_ATTACK"
          },
          {
            "time": 0.05,
            "stopBeforeEdge": true,
            "type": "MOVE_FORWARD"
          },  
          {
            "baseStrength": 0.6,
            "type": "SPAWN_ASSAULT"
          },  
          {
            "time": 0.1,
            "type": "WAIT"
          },
            {
                "value": true,
                "type": "FACE_TO_TARGET"
            },
            {
              "followUp": "attackEndRev",
              "wait": false,
              "viaWalkConfig": false,
              "type": "SHOW_ANIMATION",
              "anim": "spinShortRev"
            },
            {
              "duration": 0,
              "align": "BOTTOM",
              "rotateFace": 8,
              "flipLeftFace": false,
              "wait": false,
              "waitSkip": 0,
              "actionDetached": false,
              "fixPos": false,
              "type": "SHOW_EFFECT",
              "effect": {
                "sheet": "combat.pentafist",
                "name": "punchNeutralRev"
              }
            },
            {
              "value": 200,
              "type": "SET_SPEED"
            },
            {
              "align": "BOTTOM",
              "radius": 48,
              "yScale": 0,
              "zHeight": 0,
              "centralAngle": 0.35,
              "duration": 0.1,
              "expandRadius": 0,
              "alwaysFull": true,
              "clockwise": false,
              "flipLeftFace": 0,
              "rectangular": false,
              "repeat": false,
              "uniformHitDir": false,
              "fixPos": false,
              "checkCollision": false,
              "type": "CIRCLE_ATTACK",
              "attack": {
                "type": "MEDIUM",
                "element": "NEUTRAL",
                "damageFactor": 0.7,
                "reverse": false,
                "spFactor": 1,
                "guardable": "",
                "skillBonus": "MELEE_DMG",
                "limiter": ""
              },
              "offset": {
                "x": 0,
                "y": 0,
                "z": 0
              }
            },
          {
            "time": 0.05,
            "stopBeforeEdge": true,
            "type": "MOVE_FORWARD"
          },  
          {
            "baseStrength": 0.6,
            "type": "SPAWN_ASSAULT"
          },  
          {
            "time": 0.1,
            "type": "WAIT"
          },
          {
                "value": true,
                "type": "FACE_TO_TARGET"
            },
            {
              "followUp": "attackEndRev",
              "wait": false,
              "viaWalkConfig": false,
              "type": "SHOW_ANIMATION",
              "anim": "spinShortRev"
            },
            {
              "duration": 0,
              "align": "BOTTOM",
              "rotateFace": 8,
              "flipLeftFace": false,
              "wait": false,
              "waitSkip": 0,
              "actionDetached": false,
              "fixPos": false,
              "type": "SHOW_EFFECT",
              "effect": {
                "sheet": "combat.pentafist",
                "name": "punchNeutralRev"
              }
            },
            {
              "value": 200,
              "type": "SET_SPEED"
            },
            {
              "align": "BOTTOM",
              "radius": 48,
              "yScale": 0,
              "zHeight": 0,
              "centralAngle": 0.35,
              "duration": 0.1,
              "expandRadius": 0,
              "alwaysFull": true,
              "clockwise": false,
              "flipLeftFace": 0,
              "rectangular": false,
              "repeat": false,
              "uniformHitDir": false,
              "fixPos": false,
              "checkCollision": false,
              "type": "CIRCLE_ATTACK",
              "attack": {
                "type": "MEDIUM",
                "element": "NEUTRAL",
                "damageFactor": 0.7,
                "reverse": false,
                "spFactor": 1,
                "guardable": "",
                "skillBonus": "MELEE_DMG",
                "limiter": ""
              },
              "offset": {
                "x": 0,
                "y": 0,
                "z": 0
              }
            },
            {
            "time": 0.05,
            "stopBeforeEdge": true,
            "type": "MOVE_FORWARD"
          },
            {
              "baseStrength": 0.8,
              "type": "SPAWN_ASSAULT"
            },
            {
              "time": 0.1,
              "type": "WAIT"
            },
            {
                "value": true,
                "type": "FACE_TO_TARGET"
            },
            {
            "followUp": "attackEnd",
            "wait": false,
            "viaWalkConfig": false,
            "anim": "spinShort",
            "type": "SHOW_ANIMATION"
          },
          {
            "duration": 0,
            "align": "BOTTOM",
            "rotateFace": 8,
            "flipLeftFace": false,
            "wait": false,
            "waitSkip": 0,
            "actionDetached": false,
            "fixPos": false,
            "effect": {
              "sheet": "combat.pentafist",
              "name": "punchNeutral"
            },
            "type": "SHOW_EFFECT"
          },
          {
            "value": 200,
            "type": "SET_SPEED"
          },
          {
            "align": "BOTTOM",
            "radius": 48,
            "yScale": 0,
            "zHeight": 0,
            "centralAngle": 0.35,
            "duration": 0.1,
            "expandRadius": 0,
            "alwaysFull": true,
            "clockwise": false,
            "flipLeftFace": 0,
            "rectangular": false,
            "repeat": false,
            "uniformHitDir": false,
            "fixPos": false,
            "checkCollision": false,
            "attack": {
              "type": "MEDIUM",
              "element": "NEUTRAL",
              "damageFactor": 0.7,
              "reverse": false,
              "spFactor": 1,
              "guardable": "",
              "skillBonus": "MELEE_DMG",
              "limiter": ""
            },
            "offset": {
              "x": 0,
              "y": 0,
              "z": 0
            },
            "type": "CIRCLE_ATTACK"
          },
          {
            "time": 0.05,
            "stopBeforeEdge": true,
            "type": "MOVE_FORWARD"
          },  
          {
            "baseStrength": 0.6,
            "type": "SPAWN_ASSAULT"
          },  
          {
            "time": 0.1,
            "type": "WAIT"
          },
            {
                "value": true,
                "type": "FACE_TO_TARGET"
            },
            {
              "followUp": "attackEndRev",
              "wait": false,
              "viaWalkConfig": false,
              "type": "SHOW_ANIMATION",
              "anim": "spinShortRev"
            },
            {
              "duration": 0,
              "align": "BOTTOM",
              "rotateFace": 8,
              "flipLeftFace": false,
              "wait": false,
              "waitSkip": 0,
              "actionDetached": false,
              "fixPos": false,
              "type": "SHOW_EFFECT",
              "effect": {
                "sheet": "combat.pentafist",
                "name": "punchNeutralRev"
              }
            },
            {
              "value": 200,
              "type": "SET_SPEED"
            },
            {
              "align": "BOTTOM",
              "radius": 48,
              "yScale": 0,
              "zHeight": 0,
              "centralAngle": 0.35,
              "duration": 0.1,
              "expandRadius": 0,
              "alwaysFull": true,
              "clockwise": false,
              "flipLeftFace": 0,
              "rectangular": false,
              "repeat": false,
              "uniformHitDir": false,
              "fixPos": false,
              "checkCollision": false,
              "type": "CIRCLE_ATTACK",
              "attack": {
                "type": "MEDIUM",
                "element": "NEUTRAL",
                "damageFactor": 0.7,
                "reverse": false,
                "spFactor": 1,
                "guardable": "",
                "skillBonus": "MELEE_DMG",
                "limiter": ""
              },
              "offset": {
                "x": 0,
                "y": 0,
                "z": 0
              }
            },
            {
            "time": 0.05,
            "stopBeforeEdge": true,
            "type": "MOVE_FORWARD"
          },
            {
              "baseStrength": 0.8,
              "type": "SPAWN_ASSAULT"
            },
                      {
            "time": 0.1,
            "type": "WAIT"
          },
            {
                "value": true,
                "type": "FACE_TO_TARGET"
            },
            {
            "followUp": "attackEndRev",
            "wait": false,
            "viaWalkConfig": false,
            "type": "SHOW_ANIMATION",
            "anim": "spinShortRev"
          },
          {
            "duration": 0,
            "align": "BOTTOM",
            "rotateFace": 0,
            "flipLeftFace": false,
            "wait": false,
            "waitSkip": 0,
            "actionDetached": false,
            "fixPos": false,
            "type": "SHOW_EFFECT",
            "effect": {
              "sheet": "combat.pentafist",
              "name": "punchNeutralFinisher"
            }
          },
          {
            "value": 300,
            "type": "SET_SPEED"
          },
          {
            "value": 4,
            "type": "SET_ACCEL_SPEED"
          },
          {
            "time": 0.05,
            "stopBeforeEdge": true,
            "type": "MOVE_FORWARD"
          },
          {
            "align": "BOTTOM",
            "radius": 48,
            "yScale": 0,
            "zHeight": 0,
            "centralAngle": 0.3,
            "duration": 0.1,
            "expandRadius": 0,
            "alwaysFull": true,
            "clockwise": false,
            "flipLeftFace": 0,
            "rectangular": false,
            "repeat": false,
            "uniformHitDir": false,
            "fixPos": false,
            "checkCollision": false,
            "type": "CIRCLE_ATTACK",
            "attack": {
              "type": "HEAVY",
              "fly": "MASSIVE",
              "damageFactor": 2,
              "element": "NEUTRAL",
              "spFactor": 1
            },
            "skillBonus": "MELEE_DMG"
          },
          {
            "value": 50,
            "type": "SET_SPEED"
          },
          {
            "baseStrength": 1.2,
            "type": "SPAWN_ASSAULT"
          },
          {
            "time": 1,
            "type": "WAIT"
          },
          {
            "type": "CLEAR_ANIMATION"
          },
            {
                "type": "DISABLE_REACTION",
                "reaction": "GUARD"
            },
            {
                "conditions":
                [
                    {
                        "name": "artChain",
                        "negated": false,
                        "type": "ATTRIB_IS_TRUE"
                    },
                    {
                        "min": 1,
                        "negated": false,
                        "type": "HAS_SP"
                    },
                    {
                        "negated": false,
                        "type": "VAR_CONDITION",
                        "condition": "!pvp.brake"
                    }
                ],
                "withElse": true,
                "type": "COMBAT_IF",
                "thenStep":
                [
                    {
                        "noStateReset": false,
                        "type": "DO_ENEMY_ACTION",
                        "actionName": "_Beatdown"
                    }
                ],
                "elseStep":
                [
                    {
                        "value": "LIGHT",
                        "type": "SET_HIT_STABLE"
                    },
                    {
                        "conditions":
                        [
                            {
                                "name": "artChain",
                                "negated": false,
                                "type": "ATTRIB_IS_TRUE"
                            }
                        ],
                        "withElse": false,
                        "type": "COMBAT_IF",
                        "thenStep":
                        [
                            {
                                "type": "ENABLE_REACTION",
                                "reaction": "DOOOOOOODGE"
                            }
                        ]
                    }
                ]
            }
        ],
        "_Beatdown":
        [
            {
                "sticking": false,
                "group": "tauntEmilie",
                "ignoreSelf": false,
                "type": "REMOVE_PROXIES"
            },
            {
                "align": "BOTTOM",
                "proxy": "taunt",
                "offset": {
                  "x": 0,
                  "y": 0,
                  "z": 0
                },
                "type": "SHOOT_PROXY"
            },
            {
                "searchType": "SCREEN_RANGE",
                "ignoreCurrentTarget": false,
                "prevHitBehavior": "NONE",
                "distance": 2000,
                "type": "SET_CLOSE_TEMP_TARGET"
            },
            {
                "value": "HEAVY",
                "type": "SET_HIT_STABLE"
            },
            {
                "value": true,
                "immediately": true,
                "type": "FACE_TO_TARGET"
            },
            {
                "value": "MASSIVE",
                "type": "SET_HIT_STABLE"
            },
            {
                "wait": false,
                "viaWalkConfig": false,
                "type": "SHOW_ANIMATION",
                "anim": "charge"
            },
            {
                "element": "NEUTRAL",
                "level": 1,
                "type": "COMBAT_ART_CHARGE"
            },
            {
            "followUp": "attackEnd",
            "wait": false,
            "viaWalkConfig": false,
            "type": "SHOW_ANIMATION",
            "anim": "attackFinisher"
          },
          {
            "duration": 0,
            "align": "BOTTOM",
            "rotateFace": 0,
            "flipLeftFace": false,
            "wait": false,
            "waitSkip": 0,
            "actionDetached": false,
            "fixPos": false,
            "type": "SHOW_EFFECT",
            "effect": {
              "sheet": "combat.pentafist",
              "name": "punchNeutralFinisher"
            },
            "offset": {
              "x": 0,
              "y": 0,
              "z": 0
            }
          },
          {
            "value": 300,
            "type": "SET_SPEED"
          },
          {
            "value": 3,
            "type": "SET_ACCEL_SPEED"
          },
          {
            "time": 0.05,
            "stopBeforeEdge": true,
            "type": "MOVE_FORWARD"
          },
          {
            "attribName": "hits",
            "changeType": "set",
            "proxyOwner": false,
            "type": "SET_ATTRIB_NUMBER",
            "value": 4
          },
          {
            "name": "pummel",
            "type": "LABEL"
          },
          {
            "value": false,
            "immediately": true,
            "type": "FACE_TO_TARGET"
          },
          {
            "followUp": "attackEnd",
            "wait": false,
            "viaWalkConfig": false,
            "type": "SHOW_ANIMATION",
            "anim": "spinShort"
          },
          {
            "duration": 0,
            "align": "BOTTOM",
            "rotateFace": 8,
            "flipLeftFace": false,
            "wait": false,
            "waitSkip": 0,
            "actionDetached": false,
            "fixPos": false,
            "type": "SHOW_EFFECT",
            "effect": {
              "sheet": "combat.pentafist",
              "name": "punchNeutral"
            }
          },
          {
            "align": "BOTTOM",
            "radius": 40,
            "yScale": 0,
            "zHeight": 0,
            "centralAngle": 0.3,
            "duration": 0.1,
            "expandRadius": 0,
            "alwaysFull": true,
            "clockwise": false,
            "flipLeftFace": 0,
            "rectangular": false,
            "repeat": false,
            "uniformHitDir": false,
            "fixPos": false,
            "checkCollision": false,
            "type": "CIRCLE_ATTACK",
            "attack": {
              "type": "HEAVY",
              "visualType": "MEDIUM",
              "element": "NEUTRAL",
              "damageFactor": 0.3,
              "stunSteps": [
                {
                  "type": "START_LOCK"
                },
                {
                  "type": "BLOCK_XY"
                }
              ],
              "guardable": "",
              "skillBonus": "MELEE_DMG"
            },
            "offset": {
              "x": 0,
              "y": 0,
              "z": 0
            }
          },
          {
            "time": 0.1,
            "type": "WAIT"
          },
          {
            "value": false,
            "immediately": true,
            "type": "FACE_TO_TARGET"
          },
          {
            "followUp": "attackEndRev",
            "wait": false,
            "viaWalkConfig": false,
            "type": "SHOW_ANIMATION",
            "anim": "spinShortRev"
          },
          {
            "duration": 0,
            "align": "BOTTOM",
            "rotateFace": 8,
            "flipLeftFace": false,
            "wait": false,
            "waitSkip": 0,
            "actionDetached": false,
            "fixPos": false,
            "type": "SHOW_EFFECT",
            "effect": {
              "sheet": "combat.pentafist",
              "name": "punchNeutralRev"
            }
          },
          {
            "align": "BOTTOM",
            "radius": 40,
            "yScale": 0,
            "zHeight": 0,
            "centralAngle": 0.3,
            "duration": 0.1,
            "expandRadius": 0,
            "alwaysFull": true,
            "clockwise": false,
            "flipLeftFace": 0,
            "rectangular": false,
            "repeat": false,
            "uniformHitDir": false,
            "fixPos": false,
            "checkCollision": false,
            "type": "CIRCLE_ATTACK",
            "attack": {
              "type": "HEAVY",
              "visualType": "MEDIUM",
              "element": "NEUTRAL",
              "damageFactor": 0.3,
              "stunSteps": [
                {
                  "type": "START_LOCK"
                },
                {
                  "type": "BLOCK_XY"
                }
              ],
              "guardable": "",
              "skillBonus": "MELEE_DMG"
            },
            "offset": {
              "x": 0,
              "y": 0,
              "z": 0
            }
          },
          {
            "time": 0.1,
            "type": "WAIT"
          },
          {
            "value": "IGNORE",
            "type": "SET_COLL_TYPE"
          },
          {
            "attribName": "hits",
            "changeType": "sub",
            "proxyOwner": false,
            "type": "SET_ATTRIB_NUMBER",
            "value": 1
          },
          {
            "withElse": false,
            "type": "IF",
            "condition": "entity.attrib.hits > 0",
            "thenStep": [
              {
                "name": "pummel",
                "type": "GOTO_LABEL"
              }
            ]
          },
          {
            "wait": false,
            "viaWalkConfig": false,
            "type": "SHOW_ANIMATION",
            "anim": "specialDash"
          },
          {
            "duration": 0,
            "align": "BOTTOM",
            "rotateFace": 0,
            "flipLeftFace": false,
            "wait": false,
            "waitSkip": 0,
            "actionDetached": false,
            "fixPos": false,
            "type": "SHOW_EFFECT",
            "effect": {
              "sheet": "combat.pentafist",
              "name": "punchNeutralFinisher"
            }
          },
          {
            "value": 3,
            "type": "SET_ACCEL_SPEED"
          },
          {
            "value": false,
            "immediately": true,
            "type": "FACE_TO_TARGET"
          },
          {
            "align": "BOTTOM",
            "radius": 48,
            "yScale": 0,
            "zHeight": 0,
            "centralAngle": 0.3,
            "duration": 0.1,
            "expandRadius": 0,
            "alwaysFull": true,
            "clockwise": false,
            "flipLeftFace": 0,
            "rectangular": false,
            "repeat": false,
            "uniformHitDir": false,
            "fixPos": false,
            "checkCollision": false,
            "type": "CIRCLE_ATTACK",
            "attack": {
              "type": "MASSIVE",
              "element": "NEUTRAL",
              "damageFactor": 3,
              "fly": "MASSIVE+",
              "reverse": false,
              "stunSteps": [
                {
                  "type": "END_LOCK"
                }
              ],
              "guardable": "",
              "skillBonus": ""
            },
            "skillBonus": "MELEE_DMG",
            "offset": {
              "x": 0,
              "y": 0,
              "z": 0
            }
          },
          {
            "value": 300,
            "type": "SET_SPEED"
          },
          {
            "time": 0.1,
            "stopBeforeEdge": true,
            "type": "MOVE_FORWARD"
          },
          {
            "wait": false,
            "viaWalkConfig": false,
            "type": "SHOW_ANIMATION",
            "anim": "specialHit"
          },
          {
            "time": 0.4,
            "type": "WAIT"
          },
          {
            "wait": false,
            "viaWalkConfig": false,
            "type": "SHOW_ANIMATION",
            "anim": "specialPost"
          },
          {
            "time": 0.15,
            "type": "WAIT"
          },
            {
                "value": "LIGHT",
                "type": "SET_HIT_STABLE"
            },
            {
                "time": 0.2,
                "type": "WAIT"
            },
            {
                "conditions":
                [
                    {
                        "name": "artChain",
                        "negated": false,
                        "type": "ATTRIB_IS_TRUE"
                    },
                    {
                        "negated": false,
                        "type": "VAR_CONDITION",
                        "condition": "pvp.enemyPoints >= 4"
                    },
                    {
                        "min": 1,
                        "negated": false,
                        "type": "HAS_SP"
                    },
                    {
                        "negated": false,
                        "type": "VAR_CONDITION",
                        "condition": "!pvp.brake"
                    }
                ],
                "withElse": false,
                "type": "COMBAT_IF",
                "thenStep":
                [
                    {
                        "name": "artChain",
                        "type": "SET_ATTRIB_BOOL",
                        "value": false
                    },
                    {
                        "noStateReset": false,
                        "type": "DO_ENEMY_ACTION",
                        "actionName": "_AzureStrike"
                    }
                ]
            },
            {
                "time": 0.5,
                "type": "WAIT"
            }
        ],
        "ThrowBalls":
        [
            {
                "name": "artChain",
                "type": "SET_ATTRIB_BOOL",
                "value": false
            },
            {
                "noStateReset": false,
                "type": "DO_ENEMY_ACTION",
                "actionName": "_ThrowBalls"
            }
        ],
        "Balls+BallOfFist":
        [
            {
                "name": "artChain",
                "type": "SET_ATTRIB_BOOL",
                "value": true
            },
            {
                "noStateReset": false,
                "type": "DO_ENEMY_ACTION",
                "actionName": "_ThrowBalls"
            }
        ],
        "AzureStrike":
        [
            {
                "sticking": false,
                "group": "tauntEmilie",
                "ignoreSelf": false,
                "type": "REMOVE_PROXIES"
            },
            {
                "align": "BOTTOM",
                "proxy": "taunt",
                "offset": {
                  "x": 0,
                  "y": 0,
                  "z": 0
                },
                "type": "SHOOT_PROXY"
            },
            {
                "searchType": "SCREEN_RANGE",
                "ignoreCurrentTarget": false,
                "prevHitBehavior": "NONE",
                "distance": 2000,
                "type": "SET_CLOSE_TEMP_TARGET"
            },
            {
                "value": "HEAVY",
                "type": "SET_HIT_STABLE"
            },
            {
                "value": true,
                "type": "FACE_TO_TARGET"
            },
            {
                "type": "ENABLE_REACTION",
                "reaction": "ATTACK_DODGE"
            },
            {
                "value": 1.15,
                "type": "SET_RELATIVE_SPEED"
            },
            {
                "maxTime": 1,
                "distance": 140,
                "throwing": true,
                "planOnly": false,
                "targetType": "ENEMY",
                "type": "NAVIGATE_ESCAPE_TARGET"
            },
            {
                "value": 2.15,
                "type": "SET_RELATIVE_SPEED"
            },
            {
                "value": true,
                "immediately": true,
                "type": "FACE_TO_TARGET"
            },
            {
                "type": "DISABLE_REACTION",
                "reaction": "ATTACK_DODGE"
            },
            {
                "value": "MASSIVE",
                "type": "SET_HIT_STABLE"
            },
            {
                "wait": false,
                "viaWalkConfig": false,
                "type": "SHOW_ANIMATION",
                "anim": "handUp"
            },
            {
                "time": 0.2,
                "type": "WAIT"
            },
            {
                "followUp": "pointing",
                "wait": false,
                "viaWalkConfig": false,
                "type": "SHOW_ANIMATION",
                "anim": "prePointing"
            },
            {
                "time": 0.3,
                "type": "WAIT"
            },
            {
                "noStateReset": false,
                "type": "DO_ENEMY_ACTION",
                "actionName": "_AzureStrike"
            }
        ],
        "_ThrowBalls":
        [
            {
                "sticking": false,
                "group": "tauntEmilie",
                "ignoreSelf": false,
                "type": "REMOVE_PROXIES"
            },
            {
                "align": "BOTTOM",
                "proxy": "taunt",
                "offset": {
                  "x": 0,
                  "y": 0,
                  "z": 0
                },
                "type": "SHOOT_PROXY"
            },
            {
                "searchType": "SCREEN_RANGE",
                "ignoreCurrentTarget": false,
                "prevHitBehavior": "NONE",
                "distance": 2000,
                "type": "SET_CLOSE_TEMP_TARGET"
            },
            {
                "value": "HEAVY",
                "type": "SET_HIT_STABLE"
            },
            {
                "value": true,
                "type": "FACE_TO_TARGET"
            },
            {
                "value": 0.85,
                "type": "SET_RELATIVE_SPEED"
            },
            {
                "wait": false,
                "viaWalkConfig": false,
                "type": "SHOW_ANIMATION",
                "anim": "aimMove"
            },
            {
                "maxTime": 1,
                "distance": 120,
                "throwing": true,
                "planOnly": false,
                "targetType": "ENEMY",
                "type": "NAVIGATE_ESCAPE_TARGET"
            },
            {
                "maxTime": 0.5,
                "distance": 110,
                "distVariance": 40,
                "keepDirection": false,
                "throwing": true,
                "planOnly": false,
                "type": "NAVIGATE_SIDEWAYS_TARGET"
            },
            {
                "followUp": "attackEnd",
                "wait": false,
                "viaWalkConfig": false,
                "type": "SHOW_ANIMATION",
                "anim": "spinShort"
            },
            {
                "charged": true,
                "type": "SHOW_THROW_FX"
            },
            {
                "elementProxy": "CHARGED",
                "type": "SHOOT_PROXY_PLAYER"
            },
            {
                "time": 0.16,
                "type": "WAIT"
            },
            {
                "followUp": "attackEndRev",
                "wait": false,
                "viaWalkConfig": false,
                "type": "SHOW_ANIMATION",
                "anim": "spinShortRev"
            },
            {
                "charged": false,
                "type": "SHOW_THROW_FX"
            },
            {
                "elementProxy": "QUICK",
                "type": "SHOOT_PROXY_PLAYER"
            },
            {
                "time": 0.16,
                "type": "WAIT"
            },
            {
                "followUp": "attackEnd",
                "wait": false,
                "viaWalkConfig": false,
                "type": "SHOW_ANIMATION",
                "anim": "spinShort"
            },
            {
                "charged": false,
                "type": "SHOW_THROW_FX"
            },
            {
                "elementProxy": "QUICK",
                "type": "SHOOT_PROXY_PLAYER"
            },
            {
                "time": 0.16,
                "type": "WAIT"
            },
            {
                "followUp": "attackEndRev",
                "wait": false,
                "viaWalkConfig": false,
                "type": "SHOW_ANIMATION",
                "anim": "spinShortRev"
            },
            {
                "charged": false,
                "type": "SHOW_THROW_FX"
            },
            {
                "elementProxy": "QUICK",
                "type": "SHOOT_PROXY_PLAYER"
            },
            {
                "time": 0.16,
                "type": "WAIT"
            },
            {
                "followUp": "attackEnd",
                "wait": false,
                "viaWalkConfig": false,
                "type": "SHOW_ANIMATION",
                "anim": "spinShort"
            },
            {
                "charged": false,
                "type": "SHOW_THROW_FX"
            },
            {
                "elementProxy": "QUICK",
                "type": "SHOOT_PROXY_PLAYER"
            },
            {
                "time": 0.2,
                "type": "WAIT"
            },
            {
                "conditions":
                [
                    {
                        "name": "artChain",
                        "negated": false,
                        "type": "ATTRIB_IS_TRUE"
                    }
                ],
                "withElse": false,
                "type": "COMBAT_IF",
                "thenStep":
                [
                    {
                        "noStateReset": false,
                        "type": "DO_ENEMY_ACTION",
                        "actionName": "_BallOfFist"
                    }
                ]
            },
            {
                "time": 0.2,
                "type": "WAIT"
            }
        ],
        "_BallOfFist":
        [
            {
                "sticking": false,
                "group": "tauntEmilie",
                "ignoreSelf": false,
                "type": "REMOVE_PROXIES"
            },
            {
                "align": "BOTTOM",
                "proxy": "taunt",
                "offset": {
                  "x": 0,
                  "y": 0,
                  "z": 0
                },
                "type": "SHOOT_PROXY"
            },
            {
                "searchType": "SCREEN_RANGE",
                "ignoreCurrentTarget": false,
                "prevHitBehavior": "NONE",
                "distance": 2000,
                "type": "SET_CLOSE_TEMP_TARGET"
            },
            {
                "value": "HEAVY",
                "type": "SET_HIT_STABLE"
            },
            {
                "wait": false,
                "viaWalkConfig": false,
                "type": "SHOW_ANIMATION",
                "anim": "charge"
            },
            {
                "element": "NEUTRAL",
                "level": 1,
                "type": "COMBAT_ART_CHARGE"
            },
            {
            "followUp": "attackEnd",
            "wait": false,
            "viaWalkConfig": false,
            "type": "SHOW_ANIMATION",
            "anim": "spinShort"
          },
          {
            "value": 80,
            "type": "SET_SPEED"
          },
          {
            "value": true,
            "immediately": true,
            "type": "FACE_TO_TARGET"
          },
          {
            "time": 0.05,
            "stopBeforeEdge": true,
            "type": "MOVE_FORWARD"
          },
          {
            "duration": -1,
            "align": "FACE",
            "rotateFace": 6,
            "flipLeftFace": false,
            "wait": false,
            "waitSkip": 0,
            "actionDetached": false,
            "fixPos": false,
            "type": "SHOW_EFFECT",
            "effect": {
              "sheet": "combat.pentafist",
              "name": "pentagonSource"
            },
            "offset": {
              "x": 0,
              "y": 0,
              "z": 0
            }
          },
          {
            "align": "BOTTOM",
            "centralAngle": 0.3,
            "startDist": 12,
            "startDistAdd": 0,
            "startDistCollide": "CLOSER",
            "clockwise": true,
            "random": true,
            "count": 5,
            "duration": 0.5,
            "flipLeftFace": 8,
            "repeat": false,
            "type": "SHOOT_PROXY_RANGE",
            "proxy": "neutralSpecial1",
            "offset": {
              "z": 12
            }
          },
          {
            "time": 0.5,
            "type": "WAIT"
          },
          {
            "type": "CLEAR_EFFECTS"
          },
          {
            "time": 0.3,
            "type": "WAIT"
          },
          {
                "time": 0.2,
                "type": "WAIT"
            },
            {
                "conditions":
                [
                    {
                        "name": "artChain",
                        "negated": false,
                        "type": "ATTRIB_IS_TRUE"
                    },
                    {
                        "negated": false,
                        "type": "VAR_CONDITION",
                        "condition": "pvp.enemyPoints >= 2"
                    },
                    {
                        "min": 1,
                        "negated": false,
                        "type": "HAS_SP"
                    },
                    {
                        "negated": false,
                        "type": "VAR_CONDITION",
                        "condition": "!pvp.brake"
                    }
                ],
                "withElse": false,
                "type": "COMBAT_IF",
                "thenStep":
                [
                    {
                        "name": "artChain",
                        "type": "SET_ATTRIB_BOOL",
                        "value": false
                    },
                    {
                        "noStateReset": false,
                        "type": "DO_ENEMY_ACTION",
                        "actionName": "_BallOfFist"
                    }
                ]
            }
        ],
        "_AzureStrike":
        [
            {
                "sticking": false,
                "group": "tauntEmilie",
                "ignoreSelf": false,
                "type": "REMOVE_PROXIES"
            },
            {
                "align": "BOTTOM",
                "proxy": "taunt",
                "offset": {
                  "x": 0,
                  "y": 0,
                  "z": 0
                },
                "type": "SHOOT_PROXY"
            },
            {
                "searchType": "SCREEN_RANGE",
                "ignoreCurrentTarget": false,
                "prevHitBehavior": "NONE",
                "distance": 2000,
                "type": "SET_CLOSE_TEMP_TARGET"
            },
            {
                "value": "HEAVY",
                "type": "SET_HIT_STABLE"
            },
            {
                "wait": false,
                "viaWalkConfig": false,
                "type": "SHOW_ANIMATION",
                "anim": "charge"
            },
            {
                "element": "NEUTRAL",
                "level": 1,
                "type": "COMBAT_ART_CHARGE"
            },
            {
                "volume": 1,
                "global": false,
                "loop": false,
                "type": "PLAY_SOUND",
                "sound": "media/sound/battle/dash-3.ogg"
            },
            {
            "wait": false,
            "viaWalkConfig": false,
            "type": "SHOW_ANIMATION",
            "anim": "specialDash"
          },
          {
            "value": false,
            "type": "SET_JUMPING"
          },
          {
            "value": 550,
            "type": "SET_SPEED"
          },
          {
            "value": 2,
            "type": "SET_ACCEL_SPEED"
          },
          {
            "value": "VIRTUAL",
            "type": "SET_COLL_TYPE"
          },
          {
            "duration": 0.5,
            "align": "CENTER",
            "rotateFace": 0,
            "flipLeftFace": false,
            "wait": false,
            "waitSkip": 0,
            "actionDetached": false,
            "fixPos": false,
            "type": "SHOW_EFFECT",
            "effect": {
              "sheet": "combat.pentafist",
              "name": "pentaDash"
            },
            "offset": {
              "x": 0,
              "y": 0,
              "z": 0
            }
          },
          {
            "duration": 0.5,
            "align": "BOTTOM",
            "rotateFace": 0,
            "flipLeftFace": false,
            "wait": false,
            "waitSkip": 0,
            "actionDetached": false,
            "fixPos": false,
            "type": "SHOW_EFFECT",
            "effect": {
              "sheet": "dust",
              "name": "line"
            },
            "offset": {
              "x": 0,
              "y": 3,
              "z": 6
            }
          },
          {
            "value": true,
            "type": "FACE_TO_TARGET"
          },
          {
            "value": 0.4,
            "type": "SET_INVINCIBLE"
          },
          {
            "time": 0.3,
            "missReactTime": 0.1,
            "cancelOnHit": true,
            "collideCancel": 0.2,
            "orthoDirFactor": 0,
            "ignoreLastHit": false,
            "type": "TACKLE",
            "attack": {
              "type": "MASSIVE",
              "element": "NEUTRAL",
              "damageFactor": 5,
              "fly": "MASSIVE+",
              "reverse": false,
              "guardable": "",
              "skillBonus": ""
            }
          },
          {
            "wait": false,
            "viaWalkConfig": false,
            "type": "SHOW_ANIMATION",
            "anim": "specialHit"
          },
          {
            "type": "CLEAR_EFFECTS"
          },
          {
            "duration": 0,
            "align": "FACE",
            "rotateFace": 0,
            "flipLeftFace": false,
            "wait": false,
            "waitSkip": 0,
            "actionDetached": false,
            "fixPos": false,
            "type": "SHOW_EFFECT",
            "effect": {
              "sheet": "combat.pentafist",
              "name": "specialPunch"
            },
            "offset": {
              "x": 0,
              "y": 0,
              "z": 0
            }
          },
          {
            "value": 50,
            "type": "SET_SPEED"
          },
          {
            "time": 0.05,
            "stopBeforeEdge": true,
            "type": "MOVE_FORWARD"
          },
          {
            "time": 0.4,
            "type": "WAIT"
          },
          {
            "type": "CLEAR_EFFECTS"
          },
          {
            "wait": false,
            "viaWalkConfig": false,
            "type": "SHOW_ANIMATION",
            "anim": "specialPost"
          },
          {
            "time": 0.15,
            "type": "WAIT"
          },
            {
                "conditions":
                [
                    {
                        "name": "artChain",
                        "negated": false,
                        "type": "ATTRIB_IS_TRUE"
                    },
                    {
                        "min": 1,
                        "negated": false,
                        "type": "HAS_SP"
                    }
                ],
                "withElse": false,
                "type": "COMBAT_IF",
                "thenStep":
                [
                    {
                        "noStateReset": false,
                        "type": "DO_ENEMY_ACTION",
                        "actionName": "_AzureStrike"
                    }
                ]
            },
            {
                "time": 0.1,
                "type": "WAIT"
            }
        ],
        "Dodge":
        [
            {
                "sticking": false,
                "group": "tauntEmilie",
                "ignoreSelf": false,
                "type": "REMOVE_PROXIES"
            },
            {
                "align": "BOTTOM",
                "proxy": "taunt",
                "offset": {
                  "x": 0,
                  "y": 0,
                  "z": 0
                },
                "type": "SHOOT_PROXY"
            },
            {
                "searchType": "SCREEN_RANGE",
                "ignoreCurrentTarget": false,
                "prevHitBehavior": "NONE",
                "distance": 2000,
                "type": "SET_CLOSE_TEMP_TARGET"
            },
            {
                "value": true,
                "type": "FACE_TO_TARGET"
            },
            {
                "withElse": true,
                "type": "IF",
                "condition": "entity.dodgeBlocked",
                "thenStep":
                [
                    {
                        "value": 0.45,
                        "type": "SET_RELATIVE_SPEED"
                    },
                    {
                        "followUp": "aim",
                        "wait": false,
                        "viaWalkConfig": false,
                        "type": "SHOW_ANIMATION",
                        "anim": "spinFull"
                    },
                    {
                        "maxTime": 0.3,
                        "distance": 64,
                        "planOnly": false,
                        "dodgeType": "NEUTRAL",
                        "aggressive": true,
                        "type": "NAVIGATE_DODGE"
                    }
                ],
                "elseStep":
                [
                    {
                        "duration": -1,
                        "align": "BOTTOM",
                        "rotateFace": 0,
                        "flipLeftFace": false,
                        "wait": false,
                        "waitSkip": 0,
                        "actionDetached": false,
                        "fixPos": false,
                        "type": "SHOW_EFFECT",
                        "effect":
                        {
                            "sheet": "dust",
                            "name": "line"
                        },
                        "offset":
                        {
                            "x": 0,
                            "y": 0,
                            "z": 0
                        }
                    },
                    {
                        "value": 0.4,
                        "type": "SET_INVINCIBLE"
                    },
                    {
                        "value": 2.15,
                        "type": "SET_RELATIVE_SPEED"
                    },
                    {
                        "value": "HEAVY",
                        "type": "SET_HIT_STABLE"
                    },
                    {
                        "followUp": "aim",
                        "wait": false,
                        "viaWalkConfig": false,
                        "type": "SHOW_ANIMATION",
                        "anim": "spinFull"
                    },
                    {
                        "conditions":
                        [
                            {
                                "min": 0,
                                "max": 250,
                                "negated": false,
                                "type": "TARGET_DISTANCE"
                            }
                        ],
                        "withElse": true,
                        "type": "COMBAT_IF",
                        "thenStep":
                        [
                            {
                                "maxTime": 0.3,
                                "distance": 64,
                                "planOnly": false,
                                "dodgeType": "NEUTRAL",
                                "aggressive": true,
                                "type": "NAVIGATE_DODGE"
                            }
                        ],
                        "elseStep":
                        [
                            {
                                "maxTime": 0.3,
                                "distance": 64,
                                "planOnly": false,
                                "dodgeType": "AGGRESSIVE",
                                "aggressive": true,
                                "type": "NAVIGATE_DODGE"
                            }
                        ]
                    }
                ]
            }
        ],
        "AttackDodge":
        [
            {
                "sticking": false,
                "group": "tauntEmilie",
                "ignoreSelf": false,
                "type": "REMOVE_PROXIES"
            },
            {
                "align": "BOTTOM",
                "proxy": "taunt",
                "offset": {
                  "x": 0,
                  "y": 0,
                  "z": 0
                },
                "type": "SHOOT_PROXY"
            },
            {
                "searchType": "SCREEN_RANGE",
                "ignoreCurrentTarget": false,
                "prevHitBehavior": "NONE",
                "distance": 2000,
                "type": "SET_CLOSE_TEMP_TARGET"
            },
            {
                "value": true,
                "type": "FACE_TO_TARGET"
            },
            {
                "value": 0.4,
                "type": "SET_INVINCIBLE"
            },
            {
                "value": "HEAVY",
                "type": "SET_HIT_STABLE"
            },
            {
                "value": 2.15,
                "type": "SET_RELATIVE_SPEED"
            },
            {
                "duration": -1,
                "align": "BOTTOM",
                "rotateFace": 0,
                "flipLeftFace": false,
                "wait": false,
                "waitSkip": 0,
                "actionDetached": false,
                "type": "SHOW_EFFECT",
                "effect":
                {
                    "sheet": "dust",
                    "name": "line"
                },
                "offset":
                {
                    "x": 0,
                    "y": 0,
                    "z": 0
                }
            },
            {
            	"followUp": "aim",
                "wait": false,
                "viaWalkConfig": false,
                "type": "SHOW_ANIMATION",
                "anim": "spinFull"
            },
            {
                "maxTime": 0.3,
                "distance": 64,
                "planOnly": false,
                "dodgeType": "AGGRESSIVE",
                "aggressive": true,
                "type": "NAVIGATE_DODGE"
            }
        ],
        "GuardCountered":
        [
            {
                "flyLevel": "MASSIVE",
                "breaking": true,
                "stable": false,
                "wait": true,
                "type": "DO_DAMAGE_MOVEMENT"
            },
            {
                "time": 0.4,
                "type": "WAIT"
            }
        ],
        "weakStart":
        [
            {
                "duration": -1,
                "align": "BOTTOM",
                "rotateFace": 0,
                "flipLeftFace": false,
                "wait": false,
                "waitSkip": 0,
                "actionDetached": true,
                "group": "weak",
                "type": "SHOW_EFFECT",
                "effect":
                {
                    "sheet": "enemy",
                    "name": "angry2"
                },
                "offset":
                {
                    "x": 0,
                    "y": 0,
                    "z": 0
                }
            }
        ],
        "weakEnd":
        [
            {
                "group": "weak",
                "type": "CLEAR_EFFECTS"
            }
        ],
        "JumpDistance":
        [
            {
                "sticking": false,
                "group": "tauntEmilie",
                "ignoreSelf": false,
                "type": "REMOVE_PROXIES"
            },
            {
                "align": "BOTTOM",
                "proxy": "taunt",
                "offset": {
                  "x": 0,
                  "y": 0,
                  "z": 0
                },
                "type": "SHOOT_PROXY"
            },
            {
                "searchType": "SCREEN_RANGE",
                "ignoreCurrentTarget": false,
                "prevHitBehavior": "NONE",
                "distance": 2000,
                "type": "SET_CLOSE_TEMP_TARGET"
            },
            {
                "value": "MASSIVE",
                "type": "SET_HIT_STABLE"
            },
            {
                "type": "WAIT_UNTIL_ON_GROUND"
            },
            {
                "value": 0.4,
                "type": "SET_INVINCIBLE"
            },
            {
                "group": "weak",
                "type": "CLEAR_EFFECTS"
            },
            {
                "value": 2,
                "type": "SET_RELATIVE_SPEED"
            },
            {
                "value": false,
                "immediately": true,
                "type": "FACE_TO_TARGET"
            },
            {
                "value": true,
                "type": "SET_FACE_FIX"
            },
            {
                "jumpHeight": "L",
                "wait": false,
                "ignoreSounds": false,
                "type": "JUMP"
            },
            {
                "maxTime": 0.4,
                "distance": 120,
                "throwing": false,
                "planOnly": false,
                "targetType": "ENEMY",
                "type": "NAVIGATE_ESCAPE_TARGET"
            }
        ],
        "CloseCounter":
        [
            {
                "sticking": false,
                "group": "tauntEmilie",
                "ignoreSelf": false,
                "type": "REMOVE_PROXIES"
            },
            {
                "align": "BOTTOM",
                "proxy": "taunt",
                "offset": {
                  "x": 0,
                  "y": 0,
                  "z": 0
                },
                "type": "SHOOT_PROXY"
            },
            {
                "searchType": "SCREEN_RANGE",
                "ignoreCurrentTarget": false,
                "prevHitBehavior": "NONE",
                "distance": 2000,
                "type": "SET_CLOSE_TEMP_TARGET"
            },
            {
                "value": 0.3,
                "type": "SET_INVINCIBLE"
            },
            {
                "value": 2,
                "type": "SET_RELATIVE_SPEED"
            },
            {
                "maxTime": 0.3,
                "distance": 100,
                "throwing": false,
                "planOnly": false,
                "targetType": "ENEMY",
                "type": "NAVIGATE_ESCAPE_TARGET"
            },
            {
                "type": "DO_ENEMY_ACTION",
                "actionName": "CC+Beatdown"
            }
        ]
    },
    "reactions":
    {
        "DOOOOOOODGE":
        {
            "action": "Dodge",
            "viewAngle": 0.5,
            "restartPrevAction": false,
            "probability": 1,
            "count": 4,
            "blockTime": 0.35,
            "conditions":
            [],
            "type": "DODGE"
        },
        "ATTACK_DODGE":
        {
            "action": "AttackDodge",
            "viewAngle": 0.5,
            "restartPrevAction": true,
            "probability": 1,
            "count": 3,
            "blockTime": 0.35,
            "conditions":
            [],
            "type": "DODGE"
        },
        "GUARD":
        {
            "preSwitchState": "BRAKE",
            "action": "GuardCountered",
            "type": "GUARD_COUNTER"
        },
        "CLOSE_COUNTER":
        {
            "hitType": "REGULAR",
            "action": "CloseCounter",
            "blockFurtherHits": false,
            "attackType": "",
            "flyLevel": "",
            "stunChange": "FORCE_STUN",
            "alignFace": false,
            "dramaticEffect": "",
            "conditions":
            [
                {
                    "negated": false,
                    "type": "VAR_CONDITION",
                    "condition": "pvp.enemyPoints >= 4"
                },
                {
                    "negated": false,
                    "type": "TRACKER_READY",
                    "name": "counterHits"
                }
            ],
            "ignoreFailed": false,
            "type": "HIT_REACTION"
        }
    },
    "meta":
    {
        "species":
        {
            "en_US": "Warrior of Justice",
            "de_DE": "Krieger der Gerechtigkeit<<C<<Geprüft: Minsu",
            "zh_CN": "正义战士",
            "ja_JP": "正義の戦士",
            "ko_KR": "정의의 사도",
            "langUid": 4,
            "zh_TW": "正義戰士"
        },
        "category": "PLAYERS",
        "descriptions":
        [
            {
                "text":
                {
                    "en_US": "A self proclaimed warrior of justice who accuses Lea of cheating and thus challenges her to a duel. He is quite the fighter and gets more vicious the more desperate his situation.",
                    "de_DE": "Ein selbsternannter Krieger der Gerechtigkeit, der Lea beschuldigte, dass sie cheaten würde und sie deshalb zu einem Duell herausforderte. Er ist ein ernstzunehmender Kämpfer, der immer gefährlicher wird, je mehr er in Bedrängnis gerät.<<C<<Geprüft: Minsu",
                    "zh_CN": "一个自称正义使者的家伙，指控莉亚进行了作弊行为，并向她提出了决斗挑战。他身手不错，在自身处境不妙的时候会进行疯狂的反击。<<A<<[CHANGED 2018/09/19]",
                    "ja_JP": "自称正義の戦士。レアがチート行為を行っていると非難し、彼女に対して決闘を申し込んだ。なかなかの実力を持つファイターで、追い込まれるとさらに凶悪な攻撃や行動を取り始める。<<A<<[CHANGED 2018/09/19]",
                    "ko_KR": "레아를 치터로 몬 자칭 정의의 사도로, 그녀에게 도전장을 내밉니다. 그는 꽤 실력 있는 전사로 더 절박한 상황이 될수록 더 강해집니다.<<A<<[CHANGED 2018/09/19]",
                    "langUid": 6,
                    "zh_TW": "一個自稱正義使者的傢伙，指控莉亞進行了作弊行為，並向她提出了決鬥挑戰。他身手不錯，在自身處境不妙的時候會進行瘋狂的反擊。<<A<<[CHANGED 2018/09/19]"
                },
                "condition": ""
            }
        ]
    }
}