{
  "DOCTYPE": "EFFECT",
  "ANIMS": {
},
  "EFFECTS": {
    "diaroAura1": [
      {
        "size": "XL",
        "fadeIn": 1.5,
        "fadeOut": 0.3,
        "duration": -1,
        "glow": false,
        "type": "LIGHT"
      },
      {
        "color": "#14279c",
        "maxAlpha": 0.9,
        "minAlpha": 0.5,
        "blinkDuration": 0.001,
        "blinkCount": -1,
        "noLighter": true,
        "type": "BLINK_COLOR"
      },
      {
        "alpha": 0.8,
        "duration": 1.5,
        "type": "CHANGE_ALPHA"
      },
      {
        "type": "LOOP_START"
      },
      {
        "color": "#0080ff",
        "fadeColor": "#9ca9fc",
        "noLighter": true,
        "pAlpha": {
          "init": 0.6,
          "start": {
            "value": 0,
            "spline": ""
          }
        },
        "pScale": {
          "init": {
            "x": 1.1,
            "y": 1.1
          },
          "start": {
            "value": {
              "x": 1,
              "y": 1
            },
            "spline": ""
          }
        },
        "particleDuration": 0.35,
        "type": "COPY_SPRITE"
      },
      {
        "time": 0.033,
        "type": "WAIT"
      },
      {
        "type": "LOOP_END"
      }
    ]
  }
}