{
  "EFFECTS": {
    "stabNeutralSilent": [

      {
        "numParticles": 1,
        "duration": 0,
        "centralAngle": 0,
        "startAngle": 0,
        "startDist": 18,
        "moveDist": 0,
        "keySpline": "EASE_OUT_STRONG",
        "particleRotate": true,
        "offset": {
          "x": 0,
          "y": -14,
          "z": 0
        },
        "collision": false,
        "particleDuration": 0.2,
        "moveWithTarget": 1,
        "anim": "SWORD1",
        "cancelable": true,
        "type": "OFFSET_PARTICLE_CIRCLE"
      },
      {
        "numParticles": 3,
        "duration": 0.25,
        "centralAngle": 0.2,
        "startAngle": 0.08,
        "startDist": 24,
        "particleRotate": true,
        "offset": {
          "x": 0,
          "y": -8,
          "z": 10
        },
        "moveDist": 0,
        "keySpline": "LINEAR",
        "rotateWithTime": false,
        "collision": false,
        "pAlpha": {
          "init": 1
        },
        "pScale": {
          "init": {
            "x": 0.9,
            "y": 0.9
          },
          "start": {
            "value": {
              "x": 0.4,
              "y": 0.4
            },
            "spline": "EASE_IN"
          }
        },
        "pRotate": {
          "init": -0.05
        },
        "moveWithTarget": 1,
        "particleDuration": 0.35,
        "cancelable": true,
        "anim": "SWORD1_SHADOW",
        "type": "OFFSET_PARTICLE_CIRCLE"
      },
      {
        "numParticles": 3,
        "duration": 0.25,
        "clockwise": true,
        "centralAngle": 0.2,
        "startAngle": 0.08,
        "startDist": 32,
        "particleRotate": true,
        "offset": {
          "x": 0,
          "y": -8,
          "z": 10
        },
        "moveDist": 0,
        "keySpline": "LINEAR",
        "rotateWithTime": false,
        "collision": false,
        "pAlpha": {
          "init": 1
        },
        "pScale": {
          "init": {
            "x": 0.9,
            "y": 0.9
          },
          "start": {
            "value": {
              "x": 0.4,
              "y": 0.4
            },
            "spline": "EASE_IN"
          }
        },
        "pRotate": {
          "init": 0.05
        },
        "moveWithTarget": 1,
        "particleDuration": 0.35,
        "anim": "SWORD1_SHADOW2",
        "type": "OFFSET_PARTICLE_CIRCLE"
      },
      {
        "time": 0.2,
        "type": "WAIT"
      },
      {
        "numParticles": 1,
        "duration": 0,
        "centralAngle": 0,
        "startAngle": 0,
        "startDist": 18,
        "moveDist": 0,
        "keySpline": "EASE_OUT",
        "particleRotate": true,
        "offset": {
          "x": 0,
          "y": -14,
          "z": 0
        },
        "collision": false,
        "particleDuration": 0.4,
        "moveWithTarget": 1,
        "anim": "SWORD1_END",
        "cancelable": true,
        "type": "OFFSET_PARTICLE_CIRCLE"
      },
      {
        "time": 0.4,
        "type": "WAIT"
      }
    ],
    "steelTempestStab": [
      {
        "numParticles": 1,
        "duration": 0,
        "centralAngle": 1,
        "startAngle": 0,
        "startDist": 48,
        "uniformRandom": 0,
        "particleRotate": true,
        "moveDist": 0,
        "keySpline": "EASE_OUT",
        "moveRotate": 0,
        "rotateWithTime": false,
        "inverse": false,
        "collision": false,
        "pAlpha": {
          "init": 1
        },
        "pScale": {
          "init": {
            "x": 0.8,
            "y": 6
          },
          "start": {
            "value": {
              "x": 0,
              "y": 6
            },
            "spline": "EASE_OUT"
          }
        },
        "moveWithTarget": 0,
        "particleDuration": 0.3,
        "anim": "CIRCLE_SMALL_NEUTRAL_GUI",
        "type": "OFFSET_PARTICLE_CIRCLE"
      },
      {
        "time": 0.5,
        "type": "WAIT"
      }
    ],
    "steelTempestHurricane": [
            {
                "rumbleType": "RANDOM",
                "power": "STRONGER",
                "speed": "FASTER",
                "duration": 0.3,
                "fade": true,
                "type": "RUMBLE"
            },
            {
                "size": "XXL",
                "fadeIn": 0.3,
                "fadeOut": 0.5,
                "duration": -1,
                "glow": false,
                "type": "LIGHT"
            },
            {
                "useTargetAngle": false,
                "keepAngleSync": false,
                "offset":
                {
                    "x": 0,
                    "y": 32,
                    "z": 32
                },
                "pAlpha":
                {
                    "init": 0.6,
                    "start":
                    {
                        "value": 0,
                        "spline": "LINEAR"
                    }
                },
                "pScale":
                {
                    "init":
                    {
                        "x": 0.2,
                        "y": 0.2
                    },
                    "start":
                    {
                        "value":
                        {
                            "x": 3,
                            "y": 3
                        },
                        "spline": ""
                    }
                },
                "moveWithTarget": 1,
                "particleDuration": 0.25,
                "cancelable": true,
                "anim": "SHOCKWAVE_BIG_NEUTRAL",
                "type": "PLAY_ANIM"
            },
            {
                "volume": 0.8,
                "global": false,
                "loop": false,
                "speed": 1,
                "group": "steelTempestSoundGroup",
                "varience": 0.1,
                "sound": "media/sound/battle/steel-tempest-tornado-travel3.ogg",
                "type": "PLAY_SOUND"
            },
            {
                "type": "LOOP_START"
            },
            {
                "numParticles": 24,
                "duration": 1.5,
                "centralAngle": 1,
                "startDist": 16,
                "random": true,
                "particleRotate": false,
                "moveDist": 80,
                "moveVariance": 16,
                "keySpline": "EASE_OUT_STRONG",
                "moveRotate": -0.3,
                "collision": false,
                "pAlpha":
                {
                    "init": 1,
                    "end":
                    {
                        "value": 0,
                        "time": 0.3,
                        "spline": "EASE_OUT_STRONG"
                    }
                },
                "pScale":
                {
                    "init": 0.7,
                    "start":
                    {
                        "value": 0.7,
                        "spline": ""
                    }
                },
                "pRotate":
                {
                    "init": 0.3
                },
                "particleDuration": 1,
                "anim": "CIRCLE_SMALL_NEUTRAL_GUI",
                "type": "OFFSET_PARTICLE_CIRCLE"
            },
            {
                "numParticles": 24,
                "duration": 2,
                "centralAngle": 1,
                "startAngle": 0.5,
                "startDist": 0,
                "uniformRandom": 0.2,
                "offset":
                {
                    "x": 0,
                    "y": 128,
                    "z": 128
                },
                "moveDist": 32,
                "keySpline": "EASE_OUT",
                "normalMoveDist": 128,
                "collision": false,
                "pAlpha":
                {
                    "init": 0,
                    "start":
                    {
                        "value": 0.5,
                        "time": 0.1,
                        "spline": ""
                    },
                    "end":
                    {
                        "value": 0,
                        "time": 0.2,
                        "spline": ""
                    }
                },
                "pScale":
                {
                    "init":
                    {
                        "x": 0.6,
                        "y": 0.6
                    },
                    "start":
                    {
                        "value":
                        {
                            "x": 1.3,
                            "y": 1.3
                        },
                        "spline": "LINEAR"
                    }
                },
                "particleDuration": 0.5,
                "moveWithTarget": 1,
                "anim": "SHOCKWAVE_BIG_NEUTRAL",
                "type": "OFFSET_PARTICLE_CIRCLE"
            },
            {
                "time": 1.5,
                "type": "WAIT"
            },
            {
                "type": "LOOP_END"
            },
            {
                "type": "STOP_SOUNDS"
            },
            {
                "type": "CLEAR_LIGHT"
            },
            {
                "type": "CLEAR_DARKNESS"
            },
            {
                "type": "CLEAR_SCREEN_FLASH"
            }
    ],
    "steelTempestAura": [
            {
                "size": "XXL",
                "fadeIn": 0.3,
                "fadeOut": 0.5,
                "duration": -1,
                "glow": false,
                "type": "LIGHT"
            },
            {
                "type": "LOOP_START"
            },
            {
                "useTargetAngle": false,
                "keepAngleSync": false,
                "offset":
                {
                    "x": 0,
                    "y": 32,
                    "z": 32
                },
                "pAlpha":
                {
                    "init": 0.8,
                    "start":
                    {
                        "value": 0,
                        "spline": "EASE_OUT"
                    }
                },
                "pScale":
                {
                    "init":
                    {
                        "x": 0.2,
                        "y": 0.2
                    },
                    "start":
                    {
                        "value":
                        {
                            "x": 1.5,
                            "y": 1.5
                        },
                        "spline": "EASE_OUT"
                    }
                },
                "moveWithTarget": 1,
                "particleDuration": 0.75,
                "cancelable": true,
                "anim": "SHOCKWAVE_BIG_NEUTRAL",
                "type": "PLAY_ANIM"
            },
            {
                "time": 0.5,
                "type": "WAIT"
            },
            {
                "type": "LOOP_END"
            },
            {
                "type": "STOP_SOUNDS"
            },
            {
                "type": "CLEAR_LIGHT"
            },
            {
                "type": "CLEAR_DARKNESS"
            },
            {
                "type": "CLEAR_SCREEN_FLASH"
            }
    ],
    "steelTempestPrimeSound": [
          {
            "volume": 0.8,
            "global": false,
            "loop": false,
            "group": "steelTempestSoundGroup",
            "variance": 0.1,
            "sound": "media/sound/battle/steel-tempest-prime-ready.ogg",
            "type": "PLAY_SOUND"
          },
          {
            "time": 10,
            "type": "WAIT"
          }
    ]
  }
}